{"ensemble_loss": [0.5545417666435242, 0.4056006968021393, 0.33494123816490173, 0.2906873822212219, 0.25921234488487244, 0.23524224758148193, 0.21630384027957916, 0.20073966681957245, 0.1876148134469986, 0.17634662985801697], "ensemble_accuracy": [0.8486607074737549, 0.887499988079071, 0.9133928418159485, 0.9299107193946838, 0.9379464387893677, 0.9446428418159485, 0.9513393044471741, 0.9571428298950195, 0.9607142806053162, 0.965624988079071], "ensemble_val_loss": [0.517909586429596, 0.4447145164012909, 0.4041326344013214, 0.3742149770259857, 0.34899935126304626, 0.3266538679599762, 0.3066251575946808, 0.2888309359550476, 0.2741076350212097, 0.26250094175338745], "ensemble_val_accuracy": [0.7761194109916687, 0.8208954930305481, 0.8358209133148193, 0.8208954930305481, 0.8208954930305481, 0.8358209133148193, 0.8358209133148193, 0.8358209133148193, 0.8358209133148193, 0.8358209133148193], "ensemble_no_transfer_learning_ensemble_loss": [0.35472550988197327, 0.17241297662258148, 0.12015484273433685, 0.09368287026882172, 0.07681320607662201, 0.0649900808930397, 0.05618257820606232, 0.049249645322561264, 0.043686967343091965, 0.039061274379491806], "ensemble_no_transfer_learning_ensemble_accuracy": [0.8763392567634583, 0.9611607193946838, 0.9767857193946838, 0.984375, 0.9892857074737549, 0.9897321462631226, 0.9933035969734192, 0.9941964149475098, 0.9955357313156128, 0.9959821701049805], "ensemble_no_transfer_learning_ensemble_val_loss": [0.6965808272361755, 0.8220135569572449, 1.0027629137039185, 1.043310284614563, 0.8497276306152344, 0.5661970973014832, 0.3428933322429657, 0.19931931793689728, 0.11845691502094269, 0.07850934565067291], "ensemble_no_transfer_learning_ensemble_val_accuracy": [0.5522388219833374, 0.5522388219833374, 0.5522388219833374, 0.5522388219833374, 0.5522388219833374, 0.5522388219833374, 0.8059701323509216, 0.9552238583564758, 0.9701492786407471, 0.9701492786407471]}