{"baseline_loss": [3.5163254737854004, 2.8048949241638184, 2.3837835788726807, 2.1000173091888428, 1.8938345909118652, 1.7366180419921875, 1.608590841293335, 1.5068132877349854, 1.4131110906600952, 1.3390835523605347], "baseline_accuracy": [0.1875937432050705, 0.3347499966621399, 0.4135156273841858, 0.46396875381469727, 0.5019843578338623, 0.5222812294960022, 0.5481562614440918, 0.5688593983650208, 0.5841249823570251, 0.6042500138282776], "baseline_val_loss": [3.089409351348877, 2.5852856636047363, 3.632965564727783, 2.2211267948150635, 1.9586153030395508, 2.8339343070983887, 2.591432571411133, 1.7077431678771973, 1.5647445917129517, 1.799559473991394], "baseline_val_accuracy": [0.23095014691352844, 0.3019755482673645, 0.1185324564576149, 0.3160865604877472, 0.44167450070381165, 0.22906866669654846, 0.2361241728067398, 0.4510818421840668, 0.5023518204689026, 0.39981186389923096]}