{"ensemble_loss": [0.33612942695617676, 0.15783904492855072, 0.11752456426620483, 0.09729152172803879, 0.08372075110673904, 0.07377588748931885, 0.06604132801294327, 0.05982796847820282, 0.054676882922649384, 0.050285257399082184], "ensemble_accuracy": [0.9196022748947144, 0.9619318246841431, 0.9767045378684998, 0.9818181991577148, 0.9860795736312866, 0.9903408885002136, 0.9920454621315002, 0.9934659004211426, 0.9943181872367859, 0.9946022629737854], "ensemble_val_loss": [0.3049447536468506, 0.16712209582328796, 0.12084158509969711, 0.09985889494419098, 0.0861022099852562, 0.07311685383319855, 0.06272493302822113, 0.055033937096595764, 0.04888642206788063, 0.043825630098581314], "ensemble_val_accuracy": [0.9734513163566589, 0.9734513163566589, 0.9734513163566589, 0.9734513163566589, 0.9734513163566589, 0.982300877571106, 0.982300877571106, 0.991150438785553, 0.991150438785553, 0.991150438785553], "ensemble_no_transfer_learning_ensemble_loss": [0.1544073075056076, 0.0699973776936531, 0.04485831782221794, 0.032615870237350464, 0.025899916887283325, 0.021264098584651947, 0.01795317232608795, 0.015538151375949383, 0.013547160662710667, 0.012091230601072311], "ensemble_no_transfer_learning_ensemble_accuracy": [0.9482954740524292, 0.9866477251052856, 0.9934659004211426, 0.9954545497894287, 0.996306836605072, 0.9974431991577148, 0.9977272748947144, 0.9980113506317139, 0.9980113506317139, 0.9982954263687134], "ensemble_no_transfer_learning_ensemble_val_loss": [0.8269100785255432, 0.9526337385177612, 0.51447993516922, 0.2544071078300476, 0.25543662905693054, 0.06897721439599991, 0.047769661992788315, 0.025520887225866318, 0.06441107392311096, 0.046718817204236984], "ensemble_no_transfer_learning_ensemble_val_accuracy": [0.4247787594795227, 0.4247787594795227, 0.778761088848114, 0.9469026327133179, 0.8318583965301514, 1.0, 1.0, 1.0, 0.991150438785553, 1.0]}