{"ensemble_loss": [1.5832369327545166, 1.3426963090896606, 1.2451001405715942, 1.1807905435562134, 1.13096022605896, 1.0888893604278564, 1.0532270669937134, 1.02315354347229, 0.9967923164367676, 0.9735020399093628], "ensemble_accuracy": [0.5477380752563477, 0.6531845331192017, 0.6795238256454468, 0.696696400642395, 0.7079761624336243, 0.717202365398407, 0.7246726155281067, 0.7319940328598022, 0.7377678751945496, 0.7424107193946838], "ensemble_val_loss": [1.4078173637390137, 1.276689887046814, 1.1981048583984375, 1.142991065979004, 1.09734046459198, 1.0607802867889404, 1.0292627811431885, 1.003648281097412, 0.9812942743301392, 0.9622007012367249], "ensemble_val_accuracy": [0.6017857193946838, 0.65625, 0.6839285492897034, 0.6901785731315613, 0.6991071701049805, 0.7089285850524902, 0.7196428775787354, 0.7196428775787354, 0.7267857193946838, 0.7250000238418579], "ensemble_no_transfer_learning_ensemble_loss": [1.2964543104171753, 0.9897148013114929, 0.8645106554031372, 0.7884657382965088, 0.7330067753791809, 0.6934770941734314, 0.6610836982727051, 0.6280226111412048, 0.596389889717102, 0.5748763084411621], "ensemble_no_transfer_learning_ensemble_accuracy": [0.6286904811859131, 0.7138988375663757, 0.7454166412353516, 0.7621726393699646, 0.774821400642395, 0.7848809361457825, 0.7919047474861145, 0.7964285612106323, 0.8036012053489685, 0.8086012005805969], "ensemble_no_transfer_learning_ensemble_val_loss": [1.120294213294983, 0.9514550566673279, 0.8893821239471436, 0.8172245621681213, 0.7964819669723511, 0.8017638325691223, 0.7731982469558716, 0.7170507907867432, 0.718488872051239, 0.7001901865005493], "ensemble_no_transfer_learning_ensemble_val_accuracy": [0.6892856955528259, 0.7267857193946838, 0.7473214268684387, 0.7642857432365417, 0.7598214149475098, 0.7723214030265808, 0.7741071581840515, 0.7821428775787354, 0.7839285731315613, 0.7830356955528259]}