{"ensemble_loss": [0.9911072850227356, 0.7314249277114868, 0.6286463737487793, 0.5599859356880188, 0.5094910264015198, 0.47206681966781616, 0.4432882070541382, 0.41967907547950745, 0.3999162018299103, 0.382894903421402], "ensemble_accuracy": [0.7570199370384216, 0.835869550704956, 0.8536684513092041, 0.8636322617530823, 0.8707427382469177, 0.8769474625587463, 0.881929337978363, 0.8851901888847351, 0.8901268243789673, 0.8943840861320496], "ensemble_val_loss": [0.8147557377815247, 0.6632351875305176, 0.5813426971435547, 0.5247818827629089, 0.4827579855918884, 0.4532778263092041, 0.4297412037849426, 0.4080916941165924, 0.39122334122657776, 0.3758814334869385], "ensemble_val_accuracy": [0.8224043846130371, 0.8551912307739258, 0.8661202192306519, 0.875683069229126, 0.8866119980812073, 0.8879781365394592, 0.8907103538513184, 0.8920764923095703, 0.9002732038497925, 0.8920764923095703], "ensemble_no_transfer_learning_ensemble_loss": [0.7378706932067871, 0.46300172805786133, 0.3748224377632141, 0.3105430603027344, 0.2689187228679657, 0.2401062399148941, 0.21750368177890778, 0.2010507583618164, 0.18606215715408325, 0.17468343675136566], "ensemble_no_transfer_learning_ensemble_accuracy": [0.7973278760910034, 0.87160325050354, 0.8974184989929199, 0.9153985381126404, 0.925815224647522, 0.9352355003356934, 0.9418478012084961, 0.946467399597168, 0.9504981637001038, 0.9541213512420654], "ensemble_no_transfer_learning_ensemble_val_loss": [0.8466665744781494, 0.6624917387962341, 0.4736667573451996, 0.385827898979187, 0.3265068531036377, 0.3904208540916443, 0.392098605632782, 0.3882061541080475, 0.42673659324645996, 0.5476025938987732], "ensemble_no_transfer_learning_ensemble_val_accuracy": [0.6420764923095703, 0.8510928750038147, 0.8715847134590149, 0.9016393423080444, 0.9166666865348816, 0.9071038365364075, 0.9275956153869629, 0.8934426307678223, 0.9084699749946594, 0.8333333134651184]}