{"base_loss": [0.6818469762802124, 0.4947301745414734, 0.4136171340942383, 0.36836153268814087, 0.3368707001209259, 0.31278806924819946, 0.2934570908546448, 0.27775877714157104, 0.2626273036003113, 0.24936266243457794], "base_accuracy": [0.512499988079071, 0.8187500238418579, 0.840624988079071, 0.8531249761581421, 0.893750011920929, 0.8999999761581421, 0.8999999761581421, 0.903124988079071, 0.9125000238418579, 0.9281250238418579], "base_val_loss": [0.6906441450119019, 0.6868840456008911, 0.6856299042701721, 0.6859208941459656, 0.6879539489746094, 0.6935590505599976, 0.7039978504180908, 0.7206798791885376, 0.7441703081130981, 0.7742015719413757], "base_val_accuracy": [0.5, 0.699999988079071, 0.5, 0.800000011920929, 0.5, 0.5, 0.5, 0.5, 0.5, 0.5]}