{"baseline_loss": [2.028268575668335, 1.833153486251831, 1.7333486080169678, 1.6790711879730225, 1.6372578144073486, 1.6089107990264893, 1.5732086896896362, 1.5602635145187378, 1.541656494140625, 1.522385835647583], "baseline_accuracy": [0.25008445978164673, 0.2862330973148346, 0.3168918788433075, 0.3334459364414215, 0.3455236554145813, 0.34543919563293457, 0.3652026951313019, 0.3519425690174103, 0.3618243336677551, 0.3625844717025757], "baseline_val_loss": [1.8643490076065063, 1.748841643333435, 1.6737264394760132, 1.629353404045105, 1.5954053401947021, 1.5744479894638062, 1.5468193292617798, 1.5355195999145508, 1.5147417783737183, 1.5094157457351685], "baseline_val_accuracy": [0.311053991317749, 0.30077120661735535, 0.35218510031700134, 0.336760938167572, 0.357326477766037, 0.36760926246643066, 0.33933162689208984, 0.34961438179016113, 0.36503857374191284, 0.36503857374191284], "baseline_no_transfer_learning_base_loss": [1.8557438850402832, 1.6951520442962646, 1.6072624921798706, 1.5528857707977295, 1.5161149501800537, 1.4893832206726074, 1.4679436683654785, 1.449381947517395, 1.4409196376800537, 1.426132321357727], "baseline_no_transfer_learning_base_accuracy": [0.24788852035999298, 0.3054898679256439, 0.3331925570964813, 0.34923985600471497, 0.3566722869873047, 0.36131757497787476, 0.3682432472705841, 0.367652028799057, 0.3673141896724701, 0.37162160873413086], "baseline_no_transfer_learning_base_val_loss": [2.3660473823547363, 1.7367092370986938, 1.600792407989502, 1.5345898866653442, 1.5427027940750122, 1.550526738166809, 1.494132161140442, 1.5501558780670166, 1.4981452226638794, 1.509954571723938], "baseline_no_transfer_learning_base_val_accuracy": [0.14395886659622192, 0.3470436930656433, 0.30334189534187317, 0.35475578904151917, 0.3701799511909485, 0.38303342461586, 0.3856041133403778, 0.35218510031700134, 0.3341902196407318, 0.336760938167572]}