{"baseline_loss": [1.607893466949463, 1.3677769899368286, 1.2982620000839233, 1.286725640296936, 1.2669073343276978, 1.2396657466888428, 1.2193281650543213, 1.1993498802185059, 1.2054286003112793, 1.1882911920547485], "baseline_accuracy": [0.29134616255760193, 0.40745192766189575, 0.44903847575187683, 0.460096150636673, 0.4644230902194977, 0.477403849363327, 0.48461538553237915, 0.4995192289352417, 0.49591347575187683, 0.5079326629638672], "baseline_val_loss": [1.5092730522155762, 1.4239040613174438, 1.4019832611083984, 1.3923636674880981, 1.3829545974731445, 1.3762710094451904, 1.367465853691101, 1.3696815967559814, 1.3630988597869873, 1.3615878820419312], "baseline_val_accuracy": [0.316546767950058, 0.38129496574401855, 0.41726619005203247, 0.3956834673881531, 0.40287768840789795, 0.35971224308013916, 0.4100719392299652, 0.3884892165660858, 0.38129496574401855, 0.38129496574401855], "baseline_no_transfer_learning_base_loss": [1.6181174516677856, 1.395265817642212, 1.34271240234375, 1.3153592348098755, 1.294891357421875, 1.2793282270431519, 1.2655342817306519, 1.2528456449508667, 1.2407678365707397, 1.227250337600708], "baseline_no_transfer_learning_base_accuracy": [0.3173076808452606, 0.41129806637763977, 0.43197116255760193, 0.4423076808452606, 0.45144230127334595, 0.4545673131942749, 0.4598557651042938, 0.4649038314819336, 0.47235578298568726, 0.4819711446762085], "baseline_no_transfer_learning_base_val_loss": [1.8961063623428345, 2.5448336601257324, 2.8150532245635986, 1.9668498039245605, 1.4354100227355957, 1.348663568496704, 1.3526650667190552, 1.3229515552520752, 1.358162760734558, 1.3705129623413086], "baseline_no_transfer_learning_base_val_accuracy": [0.17985612154006958, 0.34532374143600464, 0.2949640154838562, 0.35971224308013916, 0.38129496574401855, 0.36690646409988403, 0.3093525171279907, 0.3525179922580719, 0.35971224308013916, 0.316546767950058]}