{"base_loss": [1.216196894645691, 0.941358208656311, 0.7959976196289062, 0.6990844011306763, 0.629107654094696, 0.5744998455047607, 0.5278322100639343, 0.4864291250705719, 0.4491606652736664, 0.41525909304618835], "base_accuracy": [0.5489583611488342, 0.690625011920929, 0.706250011920929, 0.7354166507720947, 0.8197916746139526, 0.8864583373069763, 0.9229166507720947, 0.940625011920929, 0.953125, 0.9583333134651184], "base_val_loss": [1.3964803218841553, 1.4508403539657593, 1.590317726135254, 1.7590686082839966, 1.9132298231124878, 2.0167527198791504, 2.045469045639038, 1.9886929988861084, 1.8841581344604492, 1.7573732137680054], "base_val_accuracy": [0.1785714328289032, 0.2142857164144516, 0.2142857164144516, 0.2142857164144516, 0.2142857164144516, 0.2142857164144516, 0.2142857164144516, 0.2142857164144516, 0.25, 0.5357142686843872]}