{"ensemble_loss": [1.8969701528549194, 1.5381643772125244, 1.3809223175048828, 1.2814146280288696, 1.2088106870651245, 1.1495306491851807, 1.0994346141815186, 1.056054949760437, 1.0179827213287354, 0.9839488863945007], "ensemble_accuracy": [0.4255787134170532, 0.5980324149131775, 0.6416666507720947, 0.663310170173645, 0.6770833134651184, 0.6895833611488342, 0.7009259462356567, 0.7144675850868225, 0.7248842716217041, 0.7356481552124023], "ensemble_val_loss": [1.7384296655654907, 1.5412622690200806, 1.4360859394073486, 1.3652299642562866, 1.3125710487365723, 1.2696908712387085, 1.2328294515609741, 1.2005635499954224, 1.1727267503738403, 1.1473335027694702], "ensemble_val_accuracy": [0.4720279574394226, 0.5524475574493408, 0.5664335489273071, 0.5874125957489014, 0.5909090638160706, 0.6118881106376648, 0.6433566212654114, 0.632867157459259, 0.6363636255264282, 0.6363636255264282], "ensemble_no_transfer_learning_ensemble_loss": [1.3647007942199707, 0.9320772886276245, 0.7627388834953308, 0.6577536463737488, 0.5791882872581482, 0.5204272270202637, 0.47428640723228455, 0.43679583072662354, 0.4066350758075714, 0.3811793029308319], "ensemble_no_transfer_learning_ensemble_accuracy": [0.6302083134651184, 0.7810184955596924, 0.8275462985038757, 0.8502314686775208, 0.8684027791023254, 0.882060170173645, 0.8927083611488342, 0.8993055820465088, 0.9072916507720947, 0.9135416746139526], "ensemble_no_transfer_learning_ensemble_val_loss": [2.251310348510742, 1.1231945753097534, 0.8346604704856873, 0.7626495361328125, 0.7161102294921875, 0.6962622404098511, 0.6758132576942444, 0.6607999205589294, 0.6418336629867554, 0.620693564414978], "ensemble_no_transfer_learning_ensemble_val_accuracy": [0.21678321063518524, 0.7062937021255493, 0.751748263835907, 0.7692307829856873, 0.7692307829856873, 0.7587412595748901, 0.751748263835907, 0.7622377872467041, 0.7657342553138733, 0.7937062978744507]}