{"ensemble_loss": [2.0865559577941895, 1.6276237964630127, 1.4224408864974976, 1.2856354713439941, 1.1838176250457764, 1.1032456159591675, 1.0372743606567383, 0.9808752536773682, 0.9314894676208496, 0.8877017498016357], "ensemble_accuracy": [0.5474056601524353, 0.8270636796951294, 0.869339644908905, 0.8908608555793762, 0.9068396091461182, 0.9204599261283875, 0.9304835200309753, 0.9395047426223755, 0.947464644908905, 0.9548348784446716], "ensemble_val_loss": [1.7843047380447388, 1.5011969804763794, 1.3360801935195923, 1.220138669013977, 1.1312320232391357, 1.0593032836914062, 0.9990528225898743, 0.9460272789001465, 0.8990080952644348, 0.8578517436981201], "ensemble_val_accuracy": [0.7602131366729736, 0.8667851090431213, 0.8792184591293335, 0.8898756504058838, 0.9147424697875977, 0.925399661064148, 0.950266420841217, 0.9538187980651855, 0.9573712348937988, 0.9609236121177673], "ensemble_no_transfer_learning_ensemble_loss": [1.395215630531311, 0.7711576819419861, 0.5500413179397583, 0.4012199342250824, 0.30870547890663147, 0.2371254563331604, 0.1772616058588028, 0.14853936433792114, 0.1112578958272934, 0.06395518034696579], "ensemble_no_transfer_learning_ensemble_accuracy": [0.8169811367988586, 0.9607900977134705, 0.9853184223175049, 0.9931603670120239, 0.9962853789329529, 0.9976415038108826, 0.9986438751220703, 0.9996462464332581, 0.9997641444206238, 0.9997641444206238], "ensemble_no_transfer_learning_ensemble_val_loss": [1.154855728149414, 0.6738831996917725, 0.5003378987312317, 0.3811657428741455, 0.31336989998817444, 0.24940092861652374, 0.2041291892528534, 0.1823199838399887, 0.1439700722694397, 0.10527888685464859], "ensemble_no_transfer_learning_ensemble_val_accuracy": [0.9218472242355347, 0.9680284261703491, 0.9769093990325928, 0.9822379946708679, 0.9786856174468994, 0.9786856174468994, 0.9786856174468994, 0.9786856174468994, 0.9786856174468994, 0.9822379946708679]}