{"ensemble_loss": [1.600721001625061, 1.419080138206482, 1.3549602031707764, 1.3195385932922363, 1.2967071533203125, 1.2799605131149292, 1.2666622400283813, 1.2558197975158691, 1.2465542554855347, 1.2383142709732056], "ensemble_accuracy": [0.36105769872665405, 0.4076923131942749, 0.4310096204280853, 0.4394230842590332, 0.4463942348957062, 0.45480769872665405, 0.460096150636673, 0.46658653020858765, 0.4711538553237915, 0.4721153974533081], "ensemble_val_loss": [1.6439754962921143, 1.545167326927185, 1.4988645315170288, 1.4660437107086182, 1.449055790901184, 1.4396729469299316, 1.432939052581787, 1.4284613132476807, 1.4256309270858765, 1.422546148300171], "ensemble_val_accuracy": [0.3093525171279907, 0.36690646409988403, 0.36690646409988403, 0.3741007149219513, 0.3525179922580719, 0.3525179922580719, 0.3741007149219513, 0.3956834673881531, 0.3956834673881531, 0.3956834673881531], "ensemble_no_transfer_learning_ensemble_loss": [1.411891222000122, 1.2852864265441895, 1.2547435760498047, 1.2305504083633423, 1.2077587842941284, 1.1840413808822632, 1.15876305103302, 1.1325424909591675, 1.1070914268493652, 1.0802123546600342], "ensemble_no_transfer_learning_ensemble_accuracy": [0.3963942229747772, 0.4331730902194977, 0.44350960850715637, 0.4550480842590332, 0.46899038553237915, 0.48317307233810425, 0.4925480782985687, 0.49927884340286255, 0.5069711804389954, 0.5161057710647583], "ensemble_no_transfer_learning_ensemble_val_loss": [2.0604984760284424, 2.8877408504486084, 2.9897563457489014, 1.9633828401565552, 1.4722269773483276, 1.385073184967041, 1.359823226928711, 1.336521029472351, 1.3177430629730225, 1.3266335725784302], "ensemble_no_transfer_learning_ensemble_val_accuracy": [0.12230215966701508, 0.12230215966701508, 0.28776979446411133, 0.3309352397918701, 0.36690646409988403, 0.41726619005203247, 0.4460431635379791, 0.4532374143600464, 0.4532374143600464, 0.42446044087409973]}