{"baseline_loss": [0.8121408224105835, 0.5350833535194397, 0.4923635423183441, 0.43369948863983154, 0.4237823784351349, 0.4151298403739929, 0.4076731204986572, 0.3925479054450989, 0.39346832036972046, 0.380829781293869], "baseline_accuracy": [0.6410416960716248, 0.8429166674613953, 0.8366666436195374, 0.859375, 0.8554166555404663, 0.8633333444595337, 0.8577083349227905, 0.8666666746139526, 0.8666666746139526, 0.8664583563804626], "baseline_val_loss": [0.530493438243866, 0.43515992164611816, 0.4135019779205322, 0.4025487005710602, 0.4051605761051178, 0.4130600094795227, 0.38401296734809875, 0.36933431029319763, 0.3915744423866272, 0.37964901328086853], "baseline_val_accuracy": [0.8486841917037964, 0.8552631735801697, 0.8618420958518982, 0.8552631735801697, 0.8552631735801697, 0.8552631735801697, 0.8618420958518982, 0.8618420958518982, 0.8552631735801697, 0.8552631735801697], "baseline_no_transfer_learning_base_loss": [0.6574674248695374, 0.4733264148235321, 0.42315128445625305, 0.4020013213157654, 0.3869894742965698, 0.3755705654621124, 0.3671068251132965, 0.35966700315475464, 0.35292375087738037, 0.3484373390674591], "baseline_no_transfer_learning_base_accuracy": [0.7954166531562805, 0.8418750166893005, 0.8485416769981384, 0.8547916412353516, 0.8577083349227905, 0.8612499833106995, 0.8637499809265137, 0.8637499809265137, 0.8668749928474426, 0.8708333373069763], "baseline_no_transfer_learning_base_val_loss": [1.8849645853042603, 3.8778398036956787, 5.4725236892700195, 3.2801930904388428, 0.7080900073051453, 0.35957595705986023, 0.4001167416572571, 0.3987477123737335, 0.32019323110580444, 0.34463953971862793], "baseline_no_transfer_learning_base_val_accuracy": [0.31578946113586426, 0.28947368264198303, 0.28947368264198303, 0.28947368264198303, 0.7236841917037964, 0.8947368264198303, 0.8881579041481018, 0.8881579041481018, 0.8815789222717285, 0.8815789222717285]}