{"baseline_loss": [3.5634193420410156, 2.8284637928009033, 2.315906524658203, 1.923035740852356, 1.6054805517196655, 1.3563413619995117, 1.1614404916763306, 0.9961261749267578, 0.8606709241867065, 0.7630868554115295], "baseline_accuracy": [0.18824626505374908, 0.4528917968273163, 0.5979244112968445, 0.6781949400901794, 0.7239738702774048, 0.7598647475242615, 0.7874300479888916, 0.8142257332801819, 0.8341884613037109, 0.8475279808044434], "baseline_val_loss": [3.196115255355835, 2.6474525928497314, 2.3491146564483643, 1.8186942338943481, 1.837807536125183, 1.395269513130188, 1.7165392637252808, 3.206455945968628, 1.0675573348999023, 1.8136483430862427], "baseline_val_accuracy": [0.28801682591438293, 0.41485634446144104, 0.3637000620365143, 0.6755430698394775, 0.540294349193573, 0.7252978086471558, 0.4681149125099182, 0.2648913860321045, 0.7372109293937683, 0.4660126268863678]}