{"ensemble_loss": [1.5692929029464722, 1.3510932922363281, 1.2764270305633545, 1.2300595045089722, 1.1966387033462524, 1.170088768005371, 1.1480261087417603, 1.1291931867599487, 1.1126091480255127, 1.0978130102157593], "ensemble_accuracy": [0.48473215103149414, 0.5717856884002686, 0.5943750143051147, 0.6106845140457153, 0.6225595474243164, 0.6304166913032532, 0.6385118961334229, 0.6430357098579407, 0.6477976441383362, 0.6521428823471069], "ensemble_val_loss": [1.3884729146957397, 1.2820656299591064, 1.2272131443023682, 1.1911685466766357, 1.1631041765213013, 1.141517162322998, 1.122785210609436, 1.107385277748108, 1.0924819707870483, 1.0793704986572266], "ensemble_val_accuracy": [0.5741071701049805, 0.5928571224212646, 0.6080357432365417, 0.6196428537368774, 0.6366071701049805, 0.643750011920929, 0.6499999761581421, 0.6598214507102966, 0.6678571701049805, 0.6651785969734192], "ensemble_no_transfer_learning_ensemble_loss": [1.3457833528518677, 1.1262050867080688, 1.042443037033081, 0.985806941986084, 0.9411963224411011, 0.9059520959854126, 0.8766365051269531, 0.8516059517860413, 0.8293123245239258, 0.8088476061820984], "ensemble_no_transfer_learning_ensemble_accuracy": [0.5564285516738892, 0.6246131062507629, 0.6475297808647156, 0.6646130681037903, 0.6784226298332214, 0.6889583468437195, 0.6988095045089722, 0.7075892686843872, 0.714077353477478, 0.7212202548980713], "ensemble_no_transfer_learning_ensemble_val_loss": [1.217007040977478, 1.1520578861236572, 1.124045968055725, 1.0741337537765503, 1.041174292564392, 1.0131335258483887, 1.0308926105499268, 0.9614042043685913, 0.9612793922424316, 0.9587685465812683], "ensemble_no_transfer_learning_ensemble_val_accuracy": [0.59375, 0.5991071462631226, 0.6035714149475098, 0.6241071224212646, 0.6151785850524902, 0.6392857432365417, 0.6321428418159485, 0.6580356955528259, 0.6580356955528259, 0.6598214507102966]}