{"baseline_loss": [1.4916073083877563, 1.2034482955932617, 1.115405797958374, 1.061911702156067, 1.029853105545044, 0.9994471073150635, 0.9756583571434021, 0.9588928818702698, 0.9440765380859375, 0.9325830936431885], "baseline_accuracy": [0.4788690507411957, 0.6060119271278381, 0.6345238089561462, 0.6475595235824585, 0.6584821343421936, 0.668958306312561, 0.6757143139839172, 0.6796725988388062, 0.683571457862854, 0.6886904835700989], "baseline_val_loss": [1.3040516376495361, 1.1875450611114502, 1.1169359683990479, 1.07982337474823, 1.0470153093338013, 1.0325593948364258, 1.0084567070007324, 0.9903298616409302, 0.9801722764968872, 0.9672155380249023], "baseline_val_accuracy": [0.5535714030265808, 0.574999988079071, 0.5973214507102966, 0.6276785731315613, 0.6267856955528259, 0.6258928775787354, 0.637499988079071, 0.6473214030265808, 0.6607142686843872, 0.6660714149475098], "baseline_no_transfer_learning_base_loss": [1.511988878250122, 1.3370029926300049, 1.2699909210205078, 1.2234041690826416, 1.1888883113861084, 1.1607662439346313, 1.1374695301055908, 1.119901180267334, 1.1019511222839355, 1.0867780447006226], "baseline_no_transfer_learning_base_accuracy": [0.46794643998146057, 0.5262797474861145, 0.5476785898208618, 0.563660740852356, 0.5761011838912964, 0.5837202668190002, 0.5905059576034546, 0.5953273773193359, 0.6008630990982056, 0.6059821248054504], "baseline_no_transfer_learning_base_val_loss": [1.261557936668396, 1.2159342765808105, 1.1293697357177734, 1.102480411529541, 1.0994123220443726, 1.069535732269287, 1.082903265953064, 1.0397238731384277, 0.9813004732131958, 1.0095493793487549], "baseline_no_transfer_learning_base_val_accuracy": [0.5741071701049805, 0.5651785731315613, 0.6321428418159485, 0.6205357313156128, 0.59375, 0.6169642806053162, 0.5973214507102966, 0.6258928775787354, 0.6491071581840515, 0.643750011920929]}