{"base_loss": [3.8206710815429688, 3.5145416259765625, 3.3157763481140137, 3.122467279434204, 2.9366259574890137, 2.762902021408081, 2.601039409637451, 2.4566407203674316, 2.3244853019714355, 2.203200101852417], "base_accuracy": [0.10721983015537262, 0.2080819010734558, 0.30937498807907104, 0.39245688915252686, 0.4626077711582184, 0.5150862336158752, 0.5598060488700867, 0.5929957032203674, 0.6251077651977539, 0.6506465673446655], "base_val_loss": [4.216344356536865, 3.8041415214538574, 3.3271284103393555, 3.1030452251434326, 2.9723455905914307, 2.8158507347106934, 2.789391040802002, 2.4600157737731934, 2.3463637828826904, 2.268214464187622], "base_val_accuracy": [0.009999999776482582, 0.05666666850447655, 0.23333333432674408, 0.3866666555404663, 0.47333332896232605, 0.4399999976158142, 0.3233333230018616, 0.6466666460037231, 0.6933333277702332, 0.6366666555404663]}