{"base_loss": [3.0173346996307373, 2.777778148651123, 2.6524240970611572, 2.5486950874328613, 2.46258282661438, 2.388124465942383, 2.324704647064209, 2.2669625282287598, 2.21260142326355, 2.163201332092285], "base_accuracy": [0.11601562798023224, 0.22031250596046448, 0.326171875, 0.38945311307907104, 0.4261718690395355, 0.4605468809604645, 0.47968751192092896, 0.49726563692092896, 0.5074218511581421, 0.5249999761581421], "base_val_loss": [3.3396189212799072, 3.3546149730682373, 3.260989189147949, 3.0834009647369385, 2.904897451400757, 2.7114293575286865, 2.5426080226898193, 2.370516061782837, 2.24182391166687, 2.166386127471924], "base_val_accuracy": [0.0117647061124444, 0.0235294122248888, 0.0235294122248888, 0.0941176488995552, 0.15294118225574493, 0.24705882370471954, 0.38823530077934265, 0.4588235318660736, 0.4588235318660736, 0.4588235318660736]}