{"baseline_loss": [0.7016651630401611, 0.49517887830734253, 0.4452170431613922, 0.4189390242099762, 0.4040081202983856, 0.3833014667034149, 0.3609965741634369, 0.3677804470062256, 0.38144052028656006, 0.3497413396835327], "baseline_accuracy": [0.748317301273346, 0.8620192408561707, 0.861057698726654, 0.8697115182876587, 0.8637019395828247, 0.8685095906257629, 0.8778846263885498, 0.8704326748847961, 0.8661057949066162, 0.8759615421295166], "baseline_val_loss": [0.7618060111999512, 0.6354544162750244, 0.5483317375183105, 0.5339171290397644, 0.5122618079185486, 0.513333797454834, 0.5085502862930298, 0.4893200397491455, 0.48212292790412903, 0.4744279682636261], "baseline_val_accuracy": [0.770370364189148, 0.800000011920929, 0.800000011920929, 0.800000011920929, 0.800000011920929, 0.800000011920929, 0.800000011920929, 0.8370370268821716, 0.8370370268821716, 0.8370370268821716], "baseline_no_transfer_learning_base_loss": [0.6855255961418152, 0.49147069454193115, 0.4462517201900482, 0.4208717346191406, 0.40171903371810913, 0.38592106103897095, 0.3715798556804657, 0.35805678367614746, 0.3468528985977173, 0.3344636857509613], "baseline_no_transfer_learning_base_accuracy": [0.7341346144676208, 0.824999988079071, 0.8353365659713745, 0.8415865302085876, 0.846875011920929, 0.8536057472229004, 0.8591346144676208, 0.8663461804389954, 0.8713942170143127, 0.8764423131942749], "baseline_no_transfer_learning_base_val_loss": [1.1821118593215942, 1.741450548171997, 2.7081775665283203, 1.7078922986984253, 0.5960439443588257, 0.443283349275589, 0.43250572681427, 0.4320904314517975, 0.4588659107685089, 0.4649147689342499], "baseline_no_transfer_learning_base_val_accuracy": [0.385185182094574, 0.34074074029922485, 0.34074074029922485, 0.3481481373310089, 0.7851851582527161, 0.770370364189148, 0.770370364189148, 0.7629629373550415, 0.7555555701255798, 0.7555555701255798]}