{"ensemble_loss": [1.6491714715957642, 1.439316987991333, 1.3153834342956543, 1.2402381896972656, 1.1891587972640991, 1.150728464126587, 1.1196362972259521, 1.093306303024292, 1.0700970888137817, 1.049153208732605], "ensemble_accuracy": [0.38945311307907104, 0.6636718511581421, 0.765625, 0.7984374761581421, 0.811328113079071, 0.821484386920929, 0.826171875, 0.833984375, 0.842578113079071, 0.849609375], "ensemble_val_loss": [1.583797812461853, 1.4563207626342773, 1.366633415222168, 1.3023340702056885, 1.2566206455230713, 1.2220810651779175, 1.1933094263076782, 1.1689780950546265, 1.147050142288208, 1.1271990537643433], "ensemble_val_accuracy": [0.46052631735801697, 0.5394737124443054, 0.6052631735801697, 0.7236841917037964, 0.7236841917037964, 0.6973684430122375, 0.6973684430122375, 0.7368420958518982, 0.7105262875556946, 0.7763158082962036], "ensemble_no_transfer_learning_ensemble_loss": [1.3241218328475952, 1.02617347240448, 0.9056231379508972, 0.8245514035224915, 0.761323094367981, 0.7084771394729614, 0.661516547203064, 0.6196317672729492, 0.581859290599823, 0.5471418499946594], "ensemble_no_transfer_learning_ensemble_accuracy": [0.639453113079071, 0.7984374761581421, 0.8324218988418579, 0.8648437261581421, 0.884765625, 0.8980468511581421, 0.912109375, 0.9242187738418579, 0.9351562261581421, 0.944140613079071], "ensemble_no_transfer_learning_ensemble_val_loss": [1.8411290645599365, 1.9768729209899902, 1.847995400428772, 1.4991540908813477, 1.1382824182510376, 0.8727822303771973, 0.7082903981208801, 0.6168524026870728, 0.5466853976249695, 0.5052632689476013], "ensemble_no_transfer_learning_ensemble_val_accuracy": [0.21052631735801697, 0.30263158679008484, 0.30263158679008484, 0.44736841320991516, 0.6447368264198303, 0.7894737124443054, 0.8421052694320679, 0.9078947305679321, 0.9210526347160339, 0.9210526347160339]}