{"baseline_loss": [3.022860288619995, 2.5759754180908203, 2.3218588829040527, 2.1151797771453857, 1.94920015335083, 1.8174018859863281, 1.7100909948349, 1.6085578203201294, 1.5190354585647583, 1.442738652229309], "baseline_accuracy": [0.23498061299324036, 0.34958818554878235, 0.3996850848197937, 0.4375, 0.4769137501716614, 0.5114583373069763, 0.5356346964836121, 0.5611676573753357, 0.5814437866210938, 0.6079699397087097], "baseline_val_loss": [2.7877962589263916, 2.6001296043395996, 2.2408668994903564, 2.201512575149536, 2.0489609241485596, 1.829667091369629, 1.7707620859146118, 1.7444769144058228, 1.6611104011535645, 1.621262788772583], "baseline_val_accuracy": [0.27054545283317566, 0.2887272834777832, 0.4029091000556946, 0.3192727267742157, 0.39927273988723755, 0.46618181467056274, 0.508363664150238, 0.4814545512199402, 0.4683636426925659, 0.5498181581497192]}