{"baseline_loss": [3.0225610733032227, 2.1959524154663086, 1.8429627418518066, 1.6168030500411987, 1.4682834148406982, 1.3609310388565063, 1.2734721899032593, 1.1991177797317505, 1.1382931470870972, 1.081529140472412], "baseline_accuracy": [0.24759133160114288, 0.39493194222450256, 0.45617836713790894, 0.49843302369117737, 0.5260655283927917, 0.5482181310653687, 0.5710780620574951, 0.5884760022163391, 0.6065186262130737, 0.6214183568954468], "baseline_val_loss": [2.6776044368743896, 2.249598741531372, 1.981594443321228, 1.836020588874817, 1.7359002828598022, 1.5542634725570679, 1.5176241397857666, 1.4847960472106934, 1.5193506479263306, 1.4326725006103516], "baseline_val_accuracy": [0.2957177460193634, 0.34715864062309265, 0.3891731798648834, 0.41502827405929565, 0.4085645079612732, 0.4516563415527344, 0.46135202050209045, 0.4567734897136688, 0.45327228307724, 0.45946672558784485]}