{"baseline_loss": [2.080132484436035, 1.7211012840270996, 1.5717518329620361, 1.4971905946731567, 1.4300246238708496, 1.3912464380264282, 1.3436541557312012, 1.3191235065460205, 1.2804815769195557, 1.2581267356872559], "baseline_accuracy": [0.259765625, 0.4580729305744171, 0.542187511920929, 0.5709635615348816, 0.6014322638511658, 0.6088541746139526, 0.6350260376930237, 0.641406238079071, 0.6497395634651184, 0.6522135138511658], "baseline_val_loss": [1.843205213546753, 1.6725752353668213, 1.5864152908325195, 1.5132062435150146, 1.4690282344818115, 1.4243806600570679, 1.3956395387649536, 1.3654571771621704, 1.342219591140747, 1.3168201446533203], "baseline_val_accuracy": [0.3880000114440918, 0.47200000286102295, 0.4959999918937683, 0.5720000267028809, 0.5720000267028809, 0.5920000076293945, 0.6639999747276306, 0.6079999804496765, 0.6039999723434448, 0.6119999885559082], "baseline_no_transfer_learning_base_loss": [1.8302992582321167, 1.5523873567581177, 1.4137980937957764, 1.3263211250305176, 1.2613791227340698, 1.2089579105377197, 1.1643447875976562, 1.125188946723938, 1.0893232822418213, 1.0566670894622803], "baseline_no_transfer_learning_base_accuracy": [0.38593751192092896, 0.5270833373069763, 0.5720052123069763, 0.594921886920929, 0.6187499761581421, 0.6351562738418579, 0.6513020992279053, 0.6641927361488342, 0.672656238079071, 0.6846354007720947], "baseline_no_transfer_learning_base_val_loss": [2.283935308456421, 1.8959786891937256, 1.5550870895385742, 1.4664697647094727, 1.4156078100204468, 1.379793405532837, 1.3805185556411743, 1.4125181436538696, 1.3107565641403198, 1.2934885025024414], "baseline_no_transfer_learning_base_val_accuracy": [0.14399999380111694, 0.30000001192092896, 0.4560000002384186, 0.47600001096725464, 0.5040000081062317, 0.5040000081062317, 0.5559999942779541, 0.5400000214576721, 0.5600000023841858, 0.5799999833106995]}