{"ensemble_loss": [1.1103675365447998, 0.8672592043876648, 0.7479897141456604, 0.6663734912872314, 0.605585515499115, 0.5583475828170776, 0.519124448299408, 0.48425620794296265, 0.45390433073043823, 0.42785054445266724], "ensemble_accuracy": [0.7632812261581421, 0.9273437261581421, 0.9410156011581421, 0.946484386920929, 0.950390636920929, 0.953906238079071, 0.9574218988418579, 0.959765613079071, 0.9632812738418579, 0.967578113079071], "ensemble_val_loss": [1.171350121498108, 0.9996813535690308, 0.8641852736473083, 0.7612824440002441, 0.6849722862243652, 0.6253740787506104, 0.5753428339958191, 0.5239167213439941, 0.47453585267066956, 0.43718087673187256], "ensemble_val_accuracy": [0.8641975522041321, 0.9382715821266174, 0.9259259104728699, 0.9259259104728699, 0.9259259104728699, 0.9629629850387573, 0.9753086566925049, 0.9753086566925049, 0.9753086566925049, 0.9506173133850098], "ensemble_no_transfer_learning_ensemble_loss": [1.030615210533142, 0.6555621027946472, 0.46303772926330566, 0.3513583242893219, 0.28149276971817017, 0.2302042692899704, 0.19378267228603363, 0.1667281687259674, 0.14647845923900604, 0.1301085650920868], "ensemble_no_transfer_learning_ensemble_accuracy": [0.7124999761581421, 0.9281250238418579, 0.9593750238418579, 0.973828136920929, 0.9789062738418579, 0.9839843511581421, 0.987500011920929, 0.98828125, 0.989062488079071, 0.9886718988418579], "ensemble_no_transfer_learning_ensemble_val_loss": [1.3842774629592896, 1.4890481233596802, 2.0738508701324463, 3.4410908222198486, 5.018016338348389, 5.529094219207764, 4.2132744789123535, 1.810398817062378, 0.563005805015564, 0.26782113313674927], "ensemble_no_transfer_learning_ensemble_val_accuracy": [0.2469135820865631, 0.2469135820865631, 0.2469135820865631, 0.2469135820865631, 0.2469135820865631, 0.2469135820865631, 0.2469135820865631, 0.2839506268501282, 0.8888888955116272, 0.9382715821266174]}