{"ensemble_loss": [0.9678323268890381, 0.692393958568573, 0.5863328576087952, 0.522140622138977, 0.47696298360824585, 0.4410068690776825, 0.4122858941555023, 0.38881221413612366, 0.36890172958374023, 0.3515332043170929], "ensemble_accuracy": [0.7523097991943359, 0.8472373485565186, 0.8677083253860474, 0.8805253505706787, 0.8896286487579346, 0.8968297243118286, 0.9021286368370056, 0.906521737575531, 0.9109601378440857, 0.9147644639015198], "ensemble_val_loss": [0.7859174609184265, 0.6333285570144653, 0.5594815015792847, 0.5133808851242065, 0.47857120633125305, 0.4494032859802246, 0.42833131551742554, 0.40850314497947693, 0.38940879702568054, 0.37641510367393494], "ensemble_val_accuracy": [0.8360655903816223, 0.8469945192337036, 0.8579235076904297, 0.8715847134590149, 0.8825136423110962, 0.8907103538513184, 0.8948087692260742, 0.8948087692260742, 0.8989071249961853, 0.9057376980781555], "ensemble_no_transfer_learning_ensemble_loss": [0.7378706932067871, 0.46300172805786133, 0.3748224377632141, 0.3105430603027344, 0.2689187228679657, 0.2401062399148941, 0.21750368177890778, 0.2010507583618164, 0.18606215715408325, 0.17468343675136566], "ensemble_no_transfer_learning_ensemble_accuracy": [0.7973278760910034, 0.87160325050354, 0.8974184989929199, 0.9153985381126404, 0.925815224647522, 0.9352355003356934, 0.9418478012084961, 0.946467399597168, 0.9504981637001038, 0.9541213512420654], "ensemble_no_transfer_learning_ensemble_val_loss": [0.8466665744781494, 0.6624917387962341, 0.4736667573451996, 0.385827898979187, 0.3265068531036377, 0.3904208540916443, 0.392098605632782, 0.3882061541080475, 0.42673659324645996, 0.5476025938987732], "ensemble_no_transfer_learning_ensemble_val_accuracy": [0.6420764923095703, 0.8510928750038147, 0.8715847134590149, 0.9016393423080444, 0.9166666865348816, 0.9071038365364075, 0.9275956153869629, 0.8934426307678223, 0.9084699749946594, 0.8333333134651184]}