{"ensemble_loss": [0.5809785723686218, 0.5158451795578003, 0.48625046014785767, 0.46539366245269775, 0.44893062114715576, 0.4352585971355438, 0.42364299297332764, 0.4135264456272125, 0.4045504629611969, 0.39641356468200684], "ensemble_accuracy": [0.7271825671195984, 0.7897817492485046, 0.8033730387687683, 0.814384937286377, 0.8217757940292358, 0.8279265761375427, 0.8341765999794006, 0.8397321701049805, 0.84375, 0.8461309671401978], "ensemble_val_loss": [0.5439265966415405, 0.5068703293800354, 0.48438331484794617, 0.46781787276268005, 0.45578089356422424, 0.4462525248527527, 0.4383961260318756, 0.43137863278388977, 0.42553457617759705, 0.4198894202709198], "ensemble_val_accuracy": [0.7503759264945984, 0.7804511189460754, 0.8045112490653992, 0.825563907623291, 0.8165413737297058, 0.821052610874176, 0.8240601420402527, 0.8285714387893677, 0.825563907623291, 0.8240601420402527], "ensemble_no_transfer_learning_ensemble_loss": [0.559331476688385, 0.4716755151748657, 0.43188413977622986, 0.40508610010147095, 0.38180187344551086, 0.36424705386161804, 0.3476233184337616, 0.3354262113571167, 0.3225037455558777, 0.31227147579193115], "ensemble_no_transfer_learning_ensemble_accuracy": [0.7186011672019958, 0.7884920835494995, 0.8102678656578064, 0.8219742178916931, 0.8339285850524902, 0.8430555462837219, 0.8496527671813965, 0.8562995791435242, 0.8614087104797363, 0.8663194179534912], "ensemble_no_transfer_learning_ensemble_val_loss": [0.8918898701667786, 0.5409526824951172, 0.4986356198787689, 0.49090075492858887, 0.5028955936431885, 0.44491592049598694, 0.4288914203643799, 0.45053744316101074, 0.4315126836299896, 0.4646812975406647], "ensemble_no_transfer_learning_ensemble_val_accuracy": [0.523308277130127, 0.718796968460083, 0.7518796920776367, 0.7609022259712219, 0.7263157963752747, 0.8135338425636292, 0.8330827355384827, 0.7864661812782288, 0.8285714387893677, 0.7609022259712219]}