{"ensemble_loss": [1.3241218328475952, 1.02617347240448, 0.9056231379508972, 0.8245514035224915, 0.761323094367981, 0.7084771394729614, 0.661516547203064, 0.6196317672729492, 0.581859290599823, 0.5471418499946594], "ensemble_accuracy": [0.639453113079071, 0.7984374761581421, 0.8324218988418579, 0.8648437261581421, 0.884765625, 0.8980468511581421, 0.912109375, 0.9242187738418579, 0.9351562261581421, 0.944140613079071], "ensemble_val_loss": [1.8411290645599365, 1.9768729209899902, 1.847995400428772, 1.4991540908813477, 1.1382824182510376, 0.8727822303771973, 0.7082903981208801, 0.6168524026870728, 0.5466853976249695, 0.5052632689476013], "ensemble_val_accuracy": [0.21052631735801697, 0.30263158679008484, 0.30263158679008484, 0.44736841320991516, 0.6447368264198303, 0.7894737124443054, 0.8421052694320679, 0.9078947305679321, 0.9210526347160339, 0.9210526347160339]}