{"base_loss": [1.6181174516677856, 1.395265817642212, 1.34271240234375, 1.3153592348098755, 1.294891357421875, 1.2793282270431519, 1.2655342817306519, 1.2528456449508667, 1.2407678365707397, 1.227250337600708], "base_accuracy": [0.3173076808452606, 0.41129806637763977, 0.43197116255760193, 0.4423076808452606, 0.45144230127334595, 0.4545673131942749, 0.4598557651042938, 0.4649038314819336, 0.47235578298568726, 0.4819711446762085], "base_val_loss": [1.8961063623428345, 2.5448336601257324, 2.8150532245635986, 1.9668498039245605, 1.4354100227355957, 1.348663568496704, 1.3526650667190552, 1.3229515552520752, 1.358162760734558, 1.3705129623413086], "base_val_accuracy": [0.17985612154006958, 0.34532374143600464, 0.2949640154838562, 0.35971224308013916, 0.38129496574401855, 0.36690646409988403, 0.3093525171279907, 0.3525179922580719, 0.35971224308013916, 0.316546767950058]}