{"base_loss": [1.7737643718719482, 1.5193716287612915, 1.401680588722229, 1.322068691253662, 1.2591766119003296, 1.2070118188858032, 1.161685585975647, 1.121073842048645, 1.0848013162612915, 1.0516061782836914], "base_accuracy": [0.4585937559604645, 0.5601562261581421, 0.5908854007720947, 0.6119791865348816, 0.6283854246139526, 0.6408854126930237, 0.6565104126930237, 0.6731770634651184, 0.6839843988418579, 0.6950520873069763], "base_val_loss": [2.2112200260162354, 1.8512651920318604, 1.554577350616455, 1.4408148527145386, 1.3827074766159058, 1.342849850654602, 1.3094656467437744, 1.2878717184066772, 1.2824312448501587, 1.2889155149459839], "base_val_accuracy": [0.1599999964237213, 0.40799999237060547, 0.5360000133514404, 0.5799999833106995, 0.6039999723434448, 0.6240000128746033, 0.628000020980835, 0.6159999966621399, 0.6000000238418579, 0.6039999723434448]}