{"baseline_loss": [4.252267360687256, 3.693885326385498, 3.307673931121826, 2.989272117614746, 2.718003511428833, 2.4745287895202637, 2.2820777893066406, 2.0904669761657715, 1.9434072971343994, 1.8019628524780273], "baseline_accuracy": [0.07956460863351822, 0.18735955655574799, 0.30354633927345276, 0.3916432559490204, 0.46095505356788635, 0.5122542381286621, 0.5443469285964966, 0.5860252976417542, 0.6066713333129883, 0.6383777856826782], "baseline_val_loss": [3.909693956375122, 3.500349521636963, 3.1569087505340576, 2.837307929992676, 2.5816292762756348, 2.4243063926696777, 2.3855783939361572, 2.083927869796753, 2.0247695446014404, 1.8272072076797485], "baseline_val_accuracy": [0.15238095819950104, 0.23280423879623413, 0.2984127104282379, 0.3978835940361023, 0.4613756537437439, 0.5015873312950134, 0.4306878447532654, 0.5301587581634521, 0.4931216835975647, 0.5640211701393127]}