{"baseline_loss": [2.1217710971832275, 1.696066975593567, 1.575554609298706, 1.4779059886932373, 1.4477615356445312, 1.4136086702346802, 1.372860312461853, 1.3683990240097046, 1.3276089429855347, 1.3353538513183594], "baseline_accuracy": [0.1723557710647583, 0.33076924085617065, 0.37235575914382935, 0.43197116255760193, 0.4596153795719147, 0.48509615659713745, 0.49879807233810425, 0.5004807710647583, 0.5221154093742371, 0.5161057710647583], "baseline_val_loss": [1.8518033027648926, 1.7049579620361328, 1.6080348491668701, 1.5217857360839844, 1.4939299821853638, 1.465405821800232, 1.4401309490203857, 1.4309903383255005, 1.4035515785217285, 1.403388261795044], "baseline_val_accuracy": [0.2868216931819916, 0.3178294599056244, 0.341085284948349, 0.3643410801887512, 0.38759690523147583, 0.38759690523147583, 0.45736435055732727, 0.41860464215278625, 0.43410852551460266, 0.4883720874786377], "baseline_no_transfer_learning_base_loss": [1.6397626399993896, 1.5033414363861084, 1.4434387683868408, 1.402917742729187, 1.3710604906082153, 1.3421202898025513, 1.3171273469924927, 1.2939127683639526, 1.274051308631897, 1.2544957399368286], "baseline_no_transfer_learning_base_accuracy": [0.375, 0.4521634578704834, 0.47932693362236023, 0.49447116255760193, 0.503125011920929, 0.5153846144676208, 0.5262019038200378, 0.5322115421295166, 0.5478365421295166, 0.5528846383094788], "baseline_no_transfer_learning_base_val_loss": [2.0610883235931396, 2.387571334838867, 2.4305057525634766, 1.9271992444992065, 1.5228259563446045, 1.4095555543899536, 1.4296000003814697, 1.4588778018951416, 1.45575749874115, 1.4652202129364014], "baseline_no_transfer_learning_base_val_accuracy": [0.11627907305955887, 0.11627907305955887, 0.12403100728988647, 0.21705426275730133, 0.3720930218696594, 0.40310078859329224, 0.3798449635505676, 0.3798449635505676, 0.3720930218696594, 0.3643410801887512]}