{"ensemble_loss": [3.5622751712799072, 3.4206080436706543, 3.3045380115509033, 3.216493606567383, 3.142932653427124, 3.079916477203369, 3.0249054431915283, 2.9749867916107178, 2.9287402629852295, 2.8861029148101807], "ensemble_accuracy": [0.054111842066049576, 0.1115131601691246, 0.19342105090618134, 0.24473683536052704, 0.27088814973831177, 0.2901315689086914, 0.3057565689086914, 0.32434210181236267, 0.34473684430122375, 0.3657894730567932], "ensemble_val_loss": [3.5977017879486084, 3.4758100509643555, 3.3342244625091553, 3.2277822494506836, 3.1511197090148926, 3.0847928524017334, 3.030102252960205, 2.980989933013916, 2.933326482772827, 2.888296604156494], "ensemble_val_accuracy": [0.030612245202064514, 0.030612245202064514, 0.19897958636283875, 0.2091836780309677, 0.23979592323303223, 0.2857142984867096, 0.30612245202064514, 0.31122449040412903, 0.33673468232154846, 0.3571428656578064], "ensemble_no_transfer_learning_ensemble_loss": [3.238640308380127, 2.7735772132873535, 2.5190560817718506, 2.347221612930298, 2.210543394088745, 2.0954651832580566, 1.9970601797103882, 1.9150017499923706, 1.8470916748046875, 1.7895957231521606], "ensemble_no_transfer_learning_ensemble_accuracy": [0.2233552634716034, 0.40312498807907104, 0.5159539580345154, 0.5753289461135864, 0.6064144968986511, 0.6279605031013489, 0.6432566046714783, 0.6565789580345154, 0.6671052575111389, 0.6759868264198303], "ensemble_no_transfer_learning_ensemble_val_loss": [4.357049465179443, 6.809826850891113, 3.670905590057373, 2.3857922554016113, 2.154825210571289, 2.031052350997925, 1.9385751485824585, 1.8556733131408691, 1.8142176866531372, 1.7786686420440674], "ensemble_no_transfer_learning_ensemble_val_accuracy": [0.015306122601032257, 0.015306122601032257, 0.08163265138864517, 0.5102040767669678, 0.5969387888908386, 0.7091836929321289, 0.6530612111091614, 0.668367326259613, 0.668367326259613, 0.6785714030265808]}