{"baseline_loss": [2.3563053607940674, 1.8277192115783691, 1.522929310798645, 1.3145486116409302, 1.1574259996414185, 1.030077576637268, 0.9331533908843994, 0.8442623019218445, 0.7780653834342957, 0.7250808477401733], "baseline_accuracy": [0.3664596378803253, 0.5511063933372498, 0.6322593092918396, 0.6757957935333252, 0.7126941084861755, 0.7375582456588745, 0.7587732672691345, 0.7772709727287292, 0.7909161448478699, 0.8012810349464417], "baseline_val_loss": [2.013619899749756, 1.6564701795578003, 1.4728025197982788, 1.291170597076416, 1.1659862995147705, 1.0409762859344482, 0.9963046312332153, 0.9081584811210632, 0.8238709568977356, 0.7991909980773926], "baseline_val_accuracy": [0.44789227843284607, 0.5895784497261047, 0.6182669997215271, 0.6809133291244507, 0.6826698184013367, 0.7172130942344666, 0.7090163826942444, 0.7347775101661682, 0.7599531412124634, 0.7441452145576477]}