{"ensemble_loss": [0.5997248291969299, 0.5532347559928894, 0.5301975011825562, 0.5130420923233032, 0.49918827414512634, 0.48761263489723206, 0.4775470495223999, 0.46858394145965576, 0.4604816138744354, 0.45306992530822754], "ensemble_accuracy": [0.7118551731109619, 0.7623512148857117, 0.777430534362793, 0.7864087224006653, 0.7917658686637878, 0.7996031641960144, 0.8038690686225891, 0.8076884746551514, 0.8121528029441833, 0.8153769969940186], "ensemble_val_loss": [0.5698015689849854, 0.5374304056167603, 0.5174336433410645, 0.5024967789649963, 0.4907105267047882, 0.48103421926498413, 0.4727075695991516, 0.4651007056236267, 0.4584239423274994, 0.45245006680488586], "ensemble_val_accuracy": [0.7398496270179749, 0.7789473533630371, 0.7879699468612671, 0.7924811840057373, 0.800000011920929, 0.800000011920929, 0.800000011920929, 0.8045112490653992, 0.8015037775039673, 0.8150376081466675], "ensemble_no_transfer_learning_ensemble_loss": [0.559331476688385, 0.4716755151748657, 0.43188413977622986, 0.40508610010147095, 0.38180187344551086, 0.36424705386161804, 0.3476233184337616, 0.3354262113571167, 0.3225037455558777, 0.31227147579193115], "ensemble_no_transfer_learning_ensemble_accuracy": [0.7186011672019958, 0.7884920835494995, 0.8102678656578064, 0.8219742178916931, 0.8339285850524902, 0.8430555462837219, 0.8496527671813965, 0.8562995791435242, 0.8614087104797363, 0.8663194179534912], "ensemble_no_transfer_learning_ensemble_val_loss": [0.8918898701667786, 0.5409526824951172, 0.4986356198787689, 0.49090075492858887, 0.5028955936431885, 0.44491592049598694, 0.4288914203643799, 0.45053744316101074, 0.4315126836299896, 0.4646812975406647], "ensemble_no_transfer_learning_ensemble_val_accuracy": [0.523308277130127, 0.718796968460083, 0.7518796920776367, 0.7609022259712219, 0.7263157963752747, 0.8135338425636292, 0.8330827355384827, 0.7864661812782288, 0.8285714387893677, 0.7609022259712219]}