{"ensemble_loss": [0.6102317571640015, 0.5452991127967834, 0.5013653635978699, 0.4691393971443176, 0.4437820017337799, 0.4225916862487793, 0.40515002608299255, 0.390158474445343, 0.3771250247955322, 0.3654818534851074], "ensemble_accuracy": [0.7718750238418579, 0.8125, 0.8218749761581421, 0.8343750238418579, 0.8343750238418579, 0.840624988079071, 0.846875011920929, 0.846875011920929, 0.8531249761581421, 0.859375], "ensemble_val_loss": [0.7054829597473145, 0.7289648652076721, 0.722754955291748, 0.7242906093597412, 0.7026050090789795, 0.6836989521980286, 0.6492714285850525, 0.6169027090072632, 0.5787913203239441, 0.540837287902832], "ensemble_val_accuracy": [0.4000000059604645, 0.4000000059604645, 0.4000000059604645, 0.4000000059604645, 0.4000000059604645, 0.4000000059604645, 0.4000000059604645, 0.4000000059604645, 0.4000000059604645, 0.6000000238418579], "ensemble_no_transfer_learning_ensemble_loss": [0.6032501459121704, 0.4835074543952942, 0.4281371235847473, 0.3885437846183777, 0.3583157956600189, 0.33304423093795776, 0.31115472316741943, 0.2913520336151123, 0.2735554575920105, 0.2567926049232483], "ensemble_no_transfer_learning_ensemble_accuracy": [0.7406250238418579, 0.840624988079071, 0.8531249761581421, 0.862500011920929, 0.8656250238418579, 0.8687499761581421, 0.8812500238418579, 0.887499988079071, 0.918749988079071, 0.949999988079071], "ensemble_no_transfer_learning_ensemble_val_loss": [0.6896588206291199, 0.6887790560722351, 0.6908825635910034, 0.6965237855911255, 0.7060239911079407, 0.720249593257904, 0.7395542860031128, 0.7633622884750366, 0.7923137545585632, 0.8251971006393433], "ensemble_no_transfer_learning_ensemble_val_accuracy": [0.5, 0.5, 0.5, 0.5, 0.5, 0.5, 0.5, 0.5, 0.5, 0.5]}