{"baseline_loss": [3.2359118461608887, 2.330841064453125, 1.9493613243103027, 1.7080456018447876, 1.540681004524231, 1.4231501817703247, 1.3444124460220337, 1.2757807970046997, 1.207524061203003, 1.1759893894195557], "baseline_accuracy": [0.11973684281110764, 0.24046052992343903, 0.34901314973831177, 0.4370065927505493, 0.5207237005233765, 0.581250011920929, 0.6254934072494507, 0.6546052694320679, 0.6942434310913086, 0.7059210538864136], "baseline_val_loss": [3.1049821376800537, 2.2300336360931396, 1.8614411354064941, 1.6429253816604614, 1.5141710042953491, 1.4198113679885864, 1.3549436330795288, 1.3045639991760254, 1.2594566345214844, 1.219187617301941], "baseline_val_accuracy": [0.15897436439990997, 0.23589743673801422, 0.31282052397727966, 0.4769230782985687, 0.5538461804389954, 0.620512843132019, 0.6307692527770996, 0.6358974575996399, 0.6717948913574219, 0.6820513010025024], "baseline_no_transfer_learning_base_loss": [2.0194661617279053, 1.6573829650878906, 1.4930493831634521, 1.38026762008667, 1.28926682472229, 1.2118644714355469, 1.144668698310852, 1.0844799280166626, 1.0300401449203491, 0.980728805065155], "baseline_no_transfer_learning_base_accuracy": [0.3912828862667084, 0.5485197305679321, 0.6055921316146851, 0.643750011920929, 0.6710526347160339, 0.6899670958518982, 0.7105262875556946, 0.7307565808296204, 0.7450658082962036, 0.7559210658073425], "baseline_no_transfer_learning_base_val_loss": [2.5675604343414307, 2.1846861839294434, 1.6142964363098145, 1.3640402555465698, 1.2537376880645752, 1.1832733154296875, 1.1342185735702515, 1.0829517841339111, 1.0455703735351562, 1.0068007707595825], "baseline_no_transfer_learning_base_val_accuracy": [0.10256410390138626, 0.20512820780277252, 0.49743589758872986, 0.5897436141967773, 0.6256410479545593, 0.6358974575996399, 0.6615384817123413, 0.6820513010025024, 0.7025641202926636, 0.7179487347602844]}