{"ensemble_loss": [0.606080174446106, 0.5147497057914734, 0.4501177966594696, 0.4024132788181305, 0.36458876729011536, 0.33668142557144165, 0.3146471679210663, 0.2969927489757538, 0.28090155124664307, 0.2689193785190582], "ensemble_accuracy": [0.6667067408561707, 0.7679888010025024, 0.8193910121917725, 0.8461538553237915, 0.8651442527770996, 0.8778044581413269, 0.8852564096450806, 0.8923878073692322, 0.8992387652397156, 0.9023237228393555], "ensemble_val_loss": [0.5870147347450256, 0.8934464454650879, 1.374368667602539, 1.8087263107299805, 1.502068281173706, 2.145839214324951, 1.8723118305206299, 1.5759831666946411, 2.0485618114471436, 0.8230118751525879], "ensemble_val_accuracy": [0.7490909099578857, 0.5187878608703613, 0.5199999809265137, 0.5199999809265137, 0.5284848213195801, 0.5199999809265137, 0.5187878608703613, 0.5199999809265137, 0.5187878608703613, 0.5757575631141663]}