{"ensemble_loss": [3.8887994289398193, 3.6603944301605225, 3.5318312644958496, 3.431826114654541, 3.3476011753082275, 3.272531747817993, 3.204861879348755, 3.1419200897216797, 3.0819709300994873, 3.0253686904907227], "ensemble_accuracy": [0.07834051549434662, 0.17359913885593414, 0.26767241954803467, 0.35732758045196533, 0.41551724076271057, 0.4462284445762634, 0.46228447556495667, 0.48038792610168457, 0.49935343861579895, 0.5189655423164368], "ensemble_val_loss": [3.77946400642395, 3.5963077545166016, 3.4744949340820312, 3.3761672973632812, 3.2954306602478027, 3.2206039428710938, 3.152275800704956, 3.091284990310669, 3.034613609313965, 2.9845330715179443], "ensemble_val_accuracy": [0.10999999940395355, 0.20666666328907013, 0.3166666626930237, 0.4099999964237213, 0.4533333480358124, 0.47999998927116394, 0.4933333396911621, 0.5166666507720947, 0.5299999713897705, 0.5299999713897705], "ensemble_no_transfer_learning_ensemble_loss": [3.6475346088409424, 3.237220287322998, 2.9481678009033203, 2.711019277572632, 2.5174002647399902, 2.364593505859375, 2.2375152111053467, 2.131519079208374, 2.0431838035583496, 1.9705955982208252], "ensemble_no_transfer_learning_ensemble_accuracy": [0.25678879022598267, 0.43825429677963257, 0.529849112033844, 0.6205819249153137, 0.6987069249153137, 0.7424569129943848, 0.7712284326553345, 0.7959051728248596, 0.8120689392089844, 0.8197198510169983], "ensemble_no_transfer_learning_ensemble_val_loss": [4.231414318084717, 3.6955976486206055, 2.9539663791656494, 2.753427743911743, 2.5813024044036865, 2.45089054107666, 2.324179172515869, 2.3026154041290283, 2.169840097427368, 2.144225835800171], "ensemble_no_transfer_learning_ensemble_val_accuracy": [0.013333333656191826, 0.07999999821186066, 0.4300000071525574, 0.49666666984558105, 0.5099999904632568, 0.5766666531562805, 0.6100000143051147, 0.5933333039283752, 0.6933333277702332, 0.6566666960716248]}