{"baseline_loss": [2.773390531539917, 2.348706007003784, 2.1375415325164795, 1.9687350988388062, 1.8369309902191162, 1.7084320783615112, 1.5994858741760254, 1.493421196937561, 1.399268627166748, 1.3171881437301636], "baseline_accuracy": [0.21844512224197388, 0.3458079397678375, 0.4117377996444702, 0.45990854501724243, 0.4978277385234833, 0.5368902683258057, 0.5631097555160522, 0.5947027206420898, 0.623742401599884, 0.6474085450172424], "baseline_val_loss": [2.6217212677001953, 2.4339754581451416, 2.325105667114258, 2.188398838043213, 2.1294522285461426, 2.0541460514068604, 1.9763222932815552, 1.9289664030075073, 1.8168573379516602, 1.7701587677001953], "baseline_val_accuracy": [0.23394495248794556, 0.25, 0.26720184087753296, 0.3348623812198639, 0.2763761579990387, 0.375, 0.37844038009643555, 0.4346330165863037, 0.40366971492767334, 0.47018349170684814]}