{"ensemble_loss": [1.9052188396453857, 1.8071801662445068, 1.738540768623352, 1.6826704740524292, 1.6357523202896118, 1.5945485830307007, 1.5577119588851929, 1.5244654417037964, 1.4946041107177734, 1.467558741569519], "ensemble_accuracy": [0.15659722685813904, 0.3809027671813965, 0.6017361283302307, 0.6930555701255798, 0.7371527552604675, 0.7680555582046509, 0.7923611402511597, 0.8076388835906982, 0.8218749761581421, 0.8340277671813965], "ensemble_val_loss": [1.9016109704971313, 1.8556972742080688, 1.8062386512756348, 1.7578877210617065, 1.7095978260040283, 1.665042519569397, 1.6239936351776123, 1.5897800922393799, 1.561668038368225, 1.5356338024139404], "ensemble_val_accuracy": [0.23863635957241058, 0.40909090638160706, 0.34090909361839294, 0.3636363744735718, 0.5681818127632141, 0.6590909361839294, 0.6363636255264282, 0.6477272510528564, 0.6590909361839294, 0.6931818127632141], "ensemble_no_transfer_learning_ensemble_loss": [1.7655351161956787, 1.4996248483657837, 1.3159844875335693, 1.178698182106018, 1.0745636224746704, 0.9934541583061218, 0.9283491373062134, 0.8719636797904968, 0.8231335878372192, 0.7804866433143616], "ensemble_no_transfer_learning_ensemble_accuracy": [0.5836805701255798, 0.7954860925674438, 0.8513888716697693, 0.8663194179534912, 0.8815972208976746, 0.8958333134651184, 0.9065971970558167, 0.9163194298744202, 0.9211805462837219, 0.9274305701255798], "ensemble_no_transfer_learning_ensemble_val_loss": [2.0181996822357178, 2.547579050064087, 3.3905563354492188, 3.8247230052948, 3.8512535095214844, 3.4150278568267822, 2.2509591579437256, 1.4579297304153442, 1.0729225873947144, 0.9247722029685974], "ensemble_no_transfer_learning_ensemble_val_accuracy": [0.11363636702299118, 0.11363636702299118, 0.11363636702299118, 0.11363636702299118, 0.11363636702299118, 0.3068181872367859, 0.3068181872367859, 0.3636363744735718, 0.7045454382896423, 0.8863636255264282]}