{"ensemble_loss": [1.417202353477478, 0.7624800205230713, 0.5249263048171997, 0.38391754031181335, 0.2797892391681671, 0.20608757436275482, 0.15379150211811066, 0.11871296167373657, 0.08203252404928207, 0.05828030779957771], "ensemble_accuracy": [0.8195164799690247, 0.962205171585083, 0.9849646091461182, 0.9922759532928467, 0.9955188632011414, 0.9972877502441406, 0.9982311129570007, 0.9989976286888123, 0.9989386796951294, 0.9994693398475647], "ensemble_val_loss": [1.1724029779434204, 0.616746187210083, 0.44955649971961975, 0.3367440700531006, 0.25046759843826294, 0.1936710923910141, 0.1574115753173828, 0.1342783123254776, 0.10456997901201248, 0.10406753420829773], "ensemble_val_accuracy": [0.8845470547676086, 0.9786856174468994, 0.9875665903091431, 0.9982237815856934, 1.0, 1.0, 0.9928951859474182, 0.9911190271377563, 0.9911190271377563, 0.9857904314994812]}