{"baseline_loss": [1.7696601152420044, 1.4620248079299927, 1.3551485538482666, 1.2824679613113403, 1.2348800897598267, 1.196942925453186, 1.1668142080307007, 1.1377358436584473, 1.121431827545166, 1.098541259765625], "baseline_accuracy": [0.36223214864730835, 0.5815773606300354, 0.6253868937492371, 0.6485714316368103, 0.6623809337615967, 0.6754166483879089, 0.6836012005805969, 0.6942262053489685, 0.6972023844718933, 0.7053571343421936], "baseline_val_loss": [1.5422189235687256, 1.3946479558944702, 1.3150568008422852, 1.2611315250396729, 1.2153557538986206, 1.1818935871124268, 1.1641603708267212, 1.127807855606079, 1.1116548776626587, 1.0919880867004395], "baseline_val_accuracy": [0.5321428775787354, 0.6035714149475098, 0.6428571343421936, 0.6678571701049805, 0.6767857074737549, 0.6875, 0.6892856955528259, 0.6910714507102966, 0.7017857432365417, 0.7223214507102966], "baseline_no_transfer_learning_base_loss": [1.4959646463394165, 1.2669730186462402, 1.1708871126174927, 1.1040236949920654, 1.0535712242126465, 1.0122328996658325, 0.9782196283340454, 0.94798344373703, 0.9221696853637695, 0.8992409706115723], "baseline_no_transfer_learning_base_accuracy": [0.4995535612106323, 0.5799106955528259, 0.6130357384681702, 0.6377381086349487, 0.6559225916862488, 0.6690773963928223, 0.681071400642395, 0.6907440423965454, 0.7013095021247864, 0.708184540271759], "baseline_no_transfer_learning_base_val_loss": [1.2084976434707642, 1.0850671529769897, 0.9929332137107849, 0.9182748198509216, 0.8844443559646606, 0.9111351370811462, 0.9574239253997803, 1.1074378490447998, 0.9365195035934448, 0.9271578192710876], "baseline_no_transfer_learning_base_val_accuracy": [0.6625000238418579, 0.7241071462631226, 0.7419642806053162, 0.7437499761581421, 0.7330357432365417, 0.7008928656578064, 0.675000011920929, 0.5758928656578064, 0.6732142567634583, 0.6830357313156128]}