{"baseline_loss": [0.694351077079773, 0.3555164039134979, 0.2504527270793915, 0.20128941535949707, 0.18198412656784058, 0.1608317494392395, 0.1384519785642624, 0.12026043981313705, 0.11379649490118027, 0.1088143065571785], "baseline_accuracy": [0.5494318008422852, 0.871306836605072, 0.9696022868156433, 0.9815340638160706, 0.9809659123420715, 0.9809659123420715, 0.9826704263687134, 0.9855113625526428, 0.9849432110786438, 0.9866477251052856], "baseline_val_loss": [0.5001298785209656, 0.29194584488868713, 0.22209252417087555, 0.18778826296329498, 0.16216307878494263, 0.14328157901763916, 0.1275181621313095, 0.11357858777046204, 0.1040651947259903, 0.09534613788127899], "baseline_val_accuracy": [0.5575221180915833, 0.991150438785553, 0.991150438785553, 0.991150438785553, 0.991150438785553, 1.0, 1.0, 1.0, 1.0, 1.0], "baseline_no_transfer_learning_base_loss": [0.4346323311328888, 0.2398110330104828, 0.15862536430358887, 0.11503006517887115, 0.08487860858440399, 0.0710272490978241, 0.06437090784311295, 0.05007098242640495, 0.042956240475177765, 0.03639138862490654], "baseline_no_transfer_learning_base_accuracy": [0.8392045497894287, 0.9468749761581421, 0.9696022868156433, 0.9795454740524292, 0.9857954382896423, 0.9892045259475708, 0.9897727370262146, 0.9923295378684998, 0.9940341114997864, 0.9946022629737854], "baseline_no_transfer_learning_base_val_loss": [0.6893889307975769, 0.6514264941215515, 0.625404953956604, 0.5316019058227539, 0.268105149269104, 0.12832827866077423, 0.07828983664512634, 0.06030455604195595, 0.08414169400930405, 0.12876054644584656], "baseline_no_transfer_learning_base_val_accuracy": [0.4955752193927765, 0.6017699241638184, 0.6637167930603027, 0.6194690465927124, 0.982300877571106, 0.982300877571106, 0.982300877571106, 0.982300877571106, 0.9734513163566589, 0.9292035102844238]}