{"baseline_loss": [1.457105040550232, 1.1532999277114868, 1.087148904800415, 1.0284682512283325, 1.001495361328125, 0.9794109463691711, 0.9581333994865417, 0.950678825378418, 0.9361137747764587, 0.9244095087051392], "baseline_accuracy": [0.4883035719394684, 0.616011917591095, 0.6338393092155457, 0.656845211982727, 0.6626190543174744, 0.6719642877578735, 0.6782143115997314, 0.675178587436676, 0.6863988041877747, 0.6870238184928894], "baseline_val_loss": [1.2572689056396484, 1.1516728401184082, 1.1025409698486328, 1.072839617729187, 1.049704909324646, 1.0365873575210571, 1.011354684829712, 1.00071120262146, 0.9926748871803284, 0.978259801864624], "baseline_val_accuracy": [0.5866071581840515, 0.6339285969734192, 0.6339285969734192, 0.6321428418159485, 0.6544643044471741, 0.6553571224212646, 0.6633928418159485, 0.6616071462631226, 0.6598214507102966, 0.6857143044471741], "baseline_no_transfer_learning_base_loss": [1.511988878250122, 1.3370029926300049, 1.2699909210205078, 1.2234041690826416, 1.1888883113861084, 1.1607662439346313, 1.1374695301055908, 1.119901180267334, 1.1019511222839355, 1.0867780447006226], "baseline_no_transfer_learning_base_accuracy": [0.46794643998146057, 0.5262797474861145, 0.5476785898208618, 0.563660740852356, 0.5761011838912964, 0.5837202668190002, 0.5905059576034546, 0.5953273773193359, 0.6008630990982056, 0.6059821248054504], "baseline_no_transfer_learning_base_val_loss": [1.261557936668396, 1.2159342765808105, 1.1293697357177734, 1.102480411529541, 1.0994123220443726, 1.069535732269287, 1.082903265953064, 1.0397238731384277, 0.9813004732131958, 1.0095493793487549], "baseline_no_transfer_learning_base_val_accuracy": [0.5741071701049805, 0.5651785731315613, 0.6321428418159485, 0.6205357313156128, 0.59375, 0.6169642806053162, 0.5973214507102966, 0.6258928775787354, 0.6491071581840515, 0.643750011920929]}