{"ensemble_loss": [1.8528523445129395, 1.7320173978805542, 1.6606979370117188, 1.6070889234542847, 1.5633604526519775, 1.5272048711776733, 1.4960041046142578, 1.4685485363006592, 1.4436075687408447, 1.420472502708435], "ensemble_accuracy": [0.18506944179534912, 0.47361111640930176, 0.6329861283302307, 0.6885416507720947, 0.7152777910232544, 0.7350694537162781, 0.7559027671813965, 0.7743055820465088, 0.7961805462837219, 0.8079861402511597], "ensemble_val_loss": [1.8544249534606934, 1.779321312904358, 1.715782880783081, 1.6598788499832153, 1.61029851436615, 1.5684082508087158, 1.5339691638946533, 1.506152629852295, 1.4812499284744263, 1.4591106176376343], "ensemble_val_accuracy": [0.15909090638160706, 0.15909090638160706, 0.2613636255264282, 0.4545454680919647, 0.5681818127632141, 0.6590909361839294, 0.7159090638160706, 0.75, 0.7840909361839294, 0.7954545617103577], "ensemble_no_transfer_learning_ensemble_loss": [1.7655351161956787, 1.4996248483657837, 1.3159844875335693, 1.178698182106018, 1.0745636224746704, 0.9934541583061218, 0.9283491373062134, 0.8719636797904968, 0.8231335878372192, 0.7804866433143616], "ensemble_no_transfer_learning_ensemble_accuracy": [0.5836805701255798, 0.7954860925674438, 0.8513888716697693, 0.8663194179534912, 0.8815972208976746, 0.8958333134651184, 0.9065971970558167, 0.9163194298744202, 0.9211805462837219, 0.9274305701255798], "ensemble_no_transfer_learning_ensemble_val_loss": [2.0181996822357178, 2.547579050064087, 3.3905563354492188, 3.8247230052948, 3.8512535095214844, 3.4150278568267822, 2.2509591579437256, 1.4579297304153442, 1.0729225873947144, 0.9247722029685974], "ensemble_no_transfer_learning_ensemble_val_accuracy": [0.11363636702299118, 0.11363636702299118, 0.11363636702299118, 0.11363636702299118, 0.11363636702299118, 0.3068181872367859, 0.3068181872367859, 0.3636363744735718, 0.7045454382896423, 0.8863636255264282]}