{"base_loss": [1.3728535175323486, 1.1257379055023193, 1.0292812585830688, 0.9662157893180847, 0.915911078453064, 0.8711550831794739, 0.8330609202384949, 0.7998446226119995, 0.7686907052993774, 0.7400098443031311], "base_accuracy": [0.5718749761581421, 0.7035156488418579, 0.741406261920929, 0.76953125, 0.7890625, 0.8148437738418579, 0.830859363079071, 0.839062511920929, 0.849609375, 0.858203113079071], "base_val_loss": [1.7679001092910767, 1.8609386682510376, 1.7697210311889648, 1.4767018556594849, 1.1338332891464233, 0.9049035310745239, 0.7852059602737427, 0.7190358638763428, 0.6710475087165833, 0.6367717385292053], "base_val_accuracy": [0.18421052396297455, 0.21052631735801697, 0.25, 0.3815789520740509, 0.6052631735801697, 0.8684210777282715, 0.9342105388641357, 0.9736841917037964, 0.9473684430122375, 0.9473684430122375]}