{"ensemble_loss": [0.6619016528129578, 0.6331654191017151, 0.6164959669113159, 0.6033335328102112, 0.592208743095398, 0.5830106139183044, 0.5748443007469177, 0.5676506161689758, 0.5607433915138245, 0.5549195408821106], "ensemble_accuracy": [0.6227272748947144, 0.6689394116401672, 0.6882575750350952, 0.7007575631141663, 0.7096590995788574, 0.7157196998596191, 0.7217803001403809, 0.7277461886405945, 0.7342802882194519, 0.7371212244033813], "ensemble_val_loss": [0.6565380692481995, 0.6240499019622803, 0.6088621616363525, 0.598421037197113, 0.582656741142273, 0.5746998190879822, 0.5717838406562805, 0.5565032362937927, 0.5513162612915039, 0.5419954061508179], "ensemble_val_accuracy": [0.6326530575752258, 0.6793003082275391, 0.7551020383834839, 0.7842565774917603, 0.7521865963935852, 0.7696793079376221, 0.7988338470458984, 0.7696793079376221, 0.7988338470458984, 0.7755101919174194], "ensemble_no_transfer_learning_ensemble_loss": [0.6766202449798584, 0.6690128445625305, 0.665117084980011, 0.6609921455383301, 0.6529682874679565, 0.6415989995002747, 0.6295391917228699, 0.6129670739173889, 0.5990085601806641, 0.5874559283256531], "ensemble_no_transfer_learning_ensemble_accuracy": [0.5669507384300232, 0.5810605883598328, 0.5897727012634277, 0.5978219509124756, 0.6150568127632141, 0.6345643997192383, 0.6532196998596191, 0.6765151619911194, 0.6933712363243103, 0.703125], "ensemble_no_transfer_learning_ensemble_val_loss": [0.7464409470558167, 0.657151460647583, 0.6617709398269653, 0.642535388469696, 0.6303641200065613, 0.6263373494148254, 0.6397184729576111, 0.5769686102867126, 0.5773328542709351, 0.5859243273735046], "ensemble_no_transfer_learning_ensemble_val_accuracy": [0.5043731927871704, 0.6209912300109863, 0.615160346031189, 0.6384839415550232, 0.6501457691192627, 0.7201166152954102, 0.495626837015152, 0.7142857313156128, 0.6851311922073364, 0.7405247688293457]}