{"ensemble_loss": [2.235877275466919, 1.9577771425247192, 1.8301154375076294, 1.7493139505386353, 1.6892695426940918, 1.6415973901748657, 1.6020457744598389, 1.5681532621383667, 1.5382726192474365, 1.5111161470413208], "ensemble_accuracy": [0.32927632331848145, 0.4713815748691559, 0.507072389125824, 0.5294407606124878, 0.5458881855010986, 0.5592105388641357, 0.5754933953285217, 0.5884868502616882, 0.6039473414421082, 0.6162828803062439], "ensemble_val_loss": [2.08031964302063, 1.8927143812179565, 1.7925519943237305, 1.7241888046264648, 1.6700139045715332, 1.627305507659912, 1.5919058322906494, 1.5618840456008911, 1.5353147983551025, 1.5104478597640991], "ensemble_val_accuracy": [0.4205128252506256, 0.5230769515037537, 0.5538461804389954, 0.5589743852615356, 0.5641025900840759, 0.5846154093742371, 0.5846154093742371, 0.5846154093742371, 0.6051282286643982, 0.6153846383094788], "ensemble_no_transfer_learning_ensemble_loss": [1.922831654548645, 1.578000545501709, 1.4029532670974731, 1.2811408042907715, 1.1891902685165405, 1.1138583421707153, 1.0483324527740479, 0.9894719123840332, 0.9376236200332642, 0.8918658494949341], "ensemble_no_transfer_learning_ensemble_accuracy": [0.42713814973831177, 0.5527960658073425, 0.6358552575111389, 0.6990131735801697, 0.7442434430122375, 0.7680920958518982, 0.7916118502616882, 0.8123355507850647, 0.8282894492149353, 0.8422697186470032], "ensemble_no_transfer_learning_ensemble_val_loss": [2.653102159500122, 2.256136894226074, 1.6043699979782104, 1.3148298263549805, 1.2140309810638428, 1.1505186557769775, 1.1001207828521729, 1.0548356771469116, 1.0141324996948242, 0.9784727692604065], "ensemble_no_transfer_learning_ensemble_val_accuracy": [0.0615384615957737, 0.20000000298023224, 0.49743589758872986, 0.6358974575996399, 0.6512820720672607, 0.692307710647583, 0.7076923251152039, 0.7179487347602844, 0.7230769395828247, 0.7230769395828247]}