{"ensemble_loss": [1.0751566886901855, 0.8145348429679871, 0.6960822343826294, 0.6192837357521057, 0.5626172423362732, 0.5171363949775696, 0.4793229103088379, 0.4469684660434723, 0.41875702142715454, 0.3943261504173279], "ensemble_accuracy": [0.698437511920929, 0.8941406011581421, 0.913281261920929, 0.926562488079071, 0.934765636920929, 0.9429687261581421, 0.94921875, 0.954296886920929, 0.958203136920929, 0.9609375], "ensemble_val_loss": [1.2123991250991821, 0.9949488043785095, 0.8272134065628052, 0.719305157661438, 0.651314377784729, 0.6027598977088928, 0.5605767369270325, 0.5258228778839111, 0.4924052655696869, 0.4645482301712036], "ensemble_val_accuracy": [0.4691357910633087, 0.5555555820465088, 0.8765432238578796, 0.8765432238578796, 0.8765432238578796, 0.8765432238578796, 0.8765432238578796, 0.8765432238578796, 0.8765432238578796, 0.8765432238578796], "ensemble_no_transfer_learning_ensemble_loss": [1.030615210533142, 0.6555621027946472, 0.46303772926330566, 0.3513583242893219, 0.28149276971817017, 0.2302042692899704, 0.19378267228603363, 0.1667281687259674, 0.14647845923900604, 0.1301085650920868], "ensemble_no_transfer_learning_ensemble_accuracy": [0.7124999761581421, 0.9281250238418579, 0.9593750238418579, 0.973828136920929, 0.9789062738418579, 0.9839843511581421, 0.987500011920929, 0.98828125, 0.989062488079071, 0.9886718988418579], "ensemble_no_transfer_learning_ensemble_val_loss": [1.3842774629592896, 1.4890481233596802, 2.0738508701324463, 3.4410908222198486, 5.018016338348389, 5.529094219207764, 4.2132744789123535, 1.810398817062378, 0.563005805015564, 0.26782113313674927], "ensemble_no_transfer_learning_ensemble_val_accuracy": [0.2469135820865631, 0.2469135820865631, 0.2469135820865631, 0.2469135820865631, 0.2469135820865631, 0.2469135820865631, 0.2469135820865631, 0.2839506268501282, 0.8888888955116272, 0.9382715821266174]}