{"baseline_loss": [2.175388813018799, 1.8492590188980103, 1.72431218624115, 1.6437946557998657, 1.5833311080932617, 1.5270460844039917, 1.4808142185211182, 1.4435093402862549, 1.3988357782363892, 1.3598438501358032], "baseline_accuracy": [0.3094262182712555, 0.38488730788230896, 0.4132172167301178, 0.44357070326805115, 0.4686731696128845, 0.48614242672920227, 0.5040727257728577, 0.5190061330795288, 0.5378329753875732, 0.5527151823043823], "baseline_val_loss": [2.0116143226623535, 1.8743054866790771, 1.8128589391708374, 1.8055614233016968, 1.7737598419189453, 1.83100426197052, 1.842106819152832, 1.9106558561325073, 1.8280057907104492, 2.031604528427124], "baseline_val_accuracy": [0.3602771461009979, 0.32871440052986145, 0.34719014167785645, 0.36181679368019104, 0.373364120721817, 0.35257890820503235, 0.32486528158187866, 0.3641262650489807, 0.36335644125938416, 0.32178598642349243]}