{"baseline_loss": [2.555664539337158, 1.8793361186981201, 1.5825586318969727, 1.3896979093551636, 1.2535480260849, 1.1537346839904785, 1.070586919784546, 1.0031726360321045, 0.9418792128562927, 0.8887707591056824], "baseline_accuracy": [0.35369113087654114, 0.5149003863334656, 0.5716825127601624, 0.6103713512420654, 0.6440104246139526, 0.669599175453186, 0.6899343132972717, 0.7099071741104126, 0.727955162525177, 0.7429121136665344], "baseline_val_loss": [2.2614006996154785, 1.867301106452942, 1.6329829692840576, 1.4831008911132812, 1.4165585041046143, 1.341032862663269, 1.246264934539795, 1.2537503242492676, 1.2252717018127441, 1.1764158010482788], "baseline_val_accuracy": [0.4202454090118408, 0.4996591806411743, 0.5743013024330139, 0.5831629037857056, 0.5869120359420776, 0.6039536595344543, 0.6319018602371216, 0.6233810782432556, 0.6387184858322144, 0.6209952235221863]}