{"base_loss": [0.6751627922058105, 0.6647323966026306, 0.6603472828865051, 0.6537152528762817, 0.6312469244003296, 0.6014317274093628, 0.5834780335426331, 0.570915937423706, 0.5661803483963013, 0.5541350841522217], "base_accuracy": [0.5688446760177612, 0.5949810743331909, 0.6064394116401672, 0.621874988079071, 0.6540719866752625, 0.6827651262283325, 0.7006628513336182, 0.710606038570404, 0.7120265364646912, 0.7265151739120483], "base_val_loss": [0.9593945145606995, 0.7542239427566528, 0.7374236583709717, 0.6910653710365295, 0.6717500686645508, 0.6358022689819336, 1.6036763191223145, 1.620012879371643, 0.8348861336708069, 1.4237900972366333], "base_val_accuracy": [0.4664722979068756, 0.5306122303009033, 0.5393586158752441, 0.533527672290802, 0.533527672290802, 0.6034985184669495, 0.533527672290802, 0.533527672290802, 0.533527672290802, 0.533527672290802]}