{"baseline_loss": [2.368952989578247, 1.8665388822555542, 1.6413650512695312, 1.488301157951355, 1.3776096105575562, 1.2946112155914307, 1.219111680984497, 1.1530003547668457, 1.1030938625335693, 1.0573755502700806], "baseline_accuracy": [0.30464938282966614, 0.43852895498275757, 0.49653202295303345, 0.540034294128418, 0.5605373382568359, 0.5725418925285339, 0.5878239274024963, 0.6048209071159363, 0.6157965064048767, 0.6230182647705078], "baseline_val_loss": [2.0604376792907715, 1.7811932563781738, 1.5907447338104248, 1.4532582759857178, 1.3691236972808838, 1.3440920114517212, 1.3762037754058838, 1.2202714681625366, 1.3561733961105347, 1.1041749715805054], "baseline_val_accuracy": [0.3767949342727661, 0.3429063856601715, 0.47788625955581665, 0.5399196147918701, 0.549109697341919, 0.4933946132659912, 0.47673749923706055, 0.5439402461051941, 0.45318782329559326, 0.5927627682685852]}