{"ensemble_loss": [1.8490089178085327, 1.701303482055664, 1.634294033050537, 1.5896399021148682, 1.5548303127288818, 1.5260930061340332, 1.5016218423843384, 1.4805383682250977, 1.4620620012283325, 1.4456812143325806], "ensemble_accuracy": [0.25067567825317383, 0.29518580436706543, 0.31114864349365234, 0.3257601261138916, 0.33353039622306824, 0.3407939076423645, 0.34721285104751587, 0.3505912125110626, 0.35650336742401123, 0.3630067706108093], "ensemble_val_loss": [1.8000423908233643, 1.7052165269851685, 1.6482802629470825, 1.6091876029968262, 1.5787831544876099, 1.5540275573730469, 1.532490611076355, 1.5133482217788696, 1.4970976114273071, 1.4832782745361328], "ensemble_val_accuracy": [0.22107969224452972, 0.24678663909435272, 0.259640097618103, 0.26221078634262085, 0.2802056670188904, 0.27763494849205017, 0.2699228823184967, 0.28791773319244385, 0.3213367462158203, 0.31619536876678467], "ensemble_no_transfer_learning_ensemble_loss": [1.7679251432418823, 1.5623791217803955, 1.4508622884750366, 1.3903765678405762, 1.3533480167388916, 1.327527403831482, 1.3095629215240479, 1.2959579229354858, 1.284778118133545, 1.274100422859192], "ensemble_no_transfer_learning_ensemble_accuracy": [0.25988176465034485, 0.3263513445854187, 0.3526182472705841, 0.36714527010917664, 0.37694257497787476, 0.38369932770729065, 0.3856419026851654, 0.388766884803772, 0.39459457993507385, 0.3962837755680084], "ensemble_no_transfer_learning_ensemble_val_loss": [2.1217041015625, 1.5552581548690796, 1.5015408992767334, 1.4238063097000122, 1.4048902988433838, 1.368155598640442, 1.389527440071106, 1.3687777519226074, 1.392247200012207, 1.375607967376709], "ensemble_no_transfer_learning_ensemble_val_accuracy": [0.16966581344604492, 0.30077120661735535, 0.31619536876678467, 0.32647815346717834, 0.311053991317749, 0.3239074647426605, 0.285347044467926, 0.2724935710430145, 0.259640097618103, 0.259640097618103]}