{"ensemble_loss": [1.5499236583709717, 1.4754561185836792, 1.423364520072937, 1.3838486671447754, 1.3489547967910767, 1.318991780281067, 1.2941272258758545, 1.2721339464187622, 1.2506967782974243, 1.2339317798614502], "ensemble_accuracy": [0.334090918302536, 0.4210227131843567, 0.46193182468414307, 0.47698864340782166, 0.49744316935539246, 0.5144886374473572, 0.5269886255264282, 0.5377840995788574, 0.550568163394928, 0.5599431991577148], "ensemble_val_loss": [1.644498586654663, 1.8305524587631226, 1.9322412014007568, 1.9132250547409058, 1.7545371055603027, 1.548932671546936, 1.4489805698394775, 1.3911356925964355, 1.3395731449127197, 1.3586699962615967], "ensemble_val_accuracy": [0.21551723778247833, 0.21551723778247833, 0.21551723778247833, 0.21551723778247833, 0.3103448152542114, 0.32758620381355286, 0.4137931168079376, 0.38793104887008667, 0.4051724076271057, 0.4051724076271057]}