{"ensemble_loss": [3.7326438426971436, 3.5318100452423096, 3.43174409866333, 3.3585827350616455, 3.2966976165771484, 3.2431981563568115, 3.195981740951538, 3.153632164001465, 3.115020513534546, 3.0789356231689453], "ensemble_accuracy": [0.08096590638160706, 0.13139204680919647, 0.18039773404598236, 0.20809659361839294, 0.2400568127632141, 0.2650568187236786, 0.28593748807907104, 0.30724433064460754, 0.3254261314868927, 0.3404829502105713], "ensemble_val_loss": [3.7080588340759277, 3.535295009613037, 3.4383957386016846, 3.3746254444122314, 3.3206050395965576, 3.274207830429077, 3.232787609100342, 3.197077751159668, 3.1643776893615723, 3.1351022720336914], "ensemble_val_accuracy": [0.07048457860946655, 0.1409691572189331, 0.17621144652366638, 0.20264317095279694, 0.18061673641204834, 0.17180617153644562, 0.1850220263004303, 0.1938326060771942, 0.1938326060771942, 0.22026431560516357], "ensemble_no_transfer_learning_ensemble_loss": [3.421241283416748, 3.026172161102295, 2.7934634685516357, 2.617121934890747, 2.4768738746643066, 2.362036943435669, 2.2661287784576416, 2.1843647956848145, 2.1136558055877686, 2.051454782485962], "ensemble_no_transfer_learning_ensemble_accuracy": [0.18593749403953552, 0.3392045497894287, 0.42769885063171387, 0.4970170557498932, 0.5539772510528564, 0.5924715995788574, 0.629119336605072, 0.6545454263687134, 0.6717329621315002, 0.6875], "ensemble_no_transfer_learning_ensemble_val_loss": [3.9926552772521973, 3.6906116008758545, 3.045971393585205, 2.8336246013641357, 2.725161075592041, 2.6490907669067383, 2.5959439277648926, 2.5471813678741455, 2.516930103302002, 2.4778542518615723], "ensemble_no_transfer_learning_ensemble_val_accuracy": [0.017621144652366638, 0.035242289304733276, 0.1850220263004303, 0.28634360432624817, 0.34361234307289124, 0.3480176329612732, 0.36563876271247864, 0.39647576212882996, 0.40969163179397583, 0.4361233413219452]}