{"baseline_loss": [2.1529135704040527, 1.6555695533752441, 1.490159273147583, 1.3806260824203491, 1.323782205581665, 1.2632297277450562, 1.2310072183609009, 1.166491985321045, 1.14271879196167, 1.1119033098220825], "baseline_accuracy": [0.23932291567325592, 0.5100260376930237, 0.5959635376930237, 0.649609386920929, 0.6643229126930237, 0.686718761920929, 0.6907551884651184, 0.7143229246139526, 0.7208333611488342, 0.729296863079071], "baseline_val_loss": [1.9004284143447876, 1.6767821311950684, 1.551387906074524, 1.4746015071868896, 1.4227946996688843, 1.3707597255706787, 1.3339024782180786, 1.3014190196990967, 1.267431616783142, 1.245544672012329], "baseline_val_accuracy": [0.25200000405311584, 0.4519999921321869, 0.5720000267028809, 0.5799999833106995, 0.6000000238418579, 0.628000020980835, 0.6240000128746033, 0.6240000128746033, 0.6399999856948853, 0.6439999938011169], "baseline_no_transfer_learning_base_loss": [1.828906536102295, 1.5731316804885864, 1.436004638671875, 1.3363884687423706, 1.2553335428237915, 1.1889984607696533, 1.1329004764556885, 1.0843985080718994, 1.04054856300354, 1.0013434886932373], "baseline_no_transfer_learning_base_accuracy": [0.4378906190395355, 0.5740885138511658, 0.6170572638511658, 0.6471354365348816, 0.6678385138511658, 0.6837239861488342, 0.6983072757720947, 0.7104166746139526, 0.7216145992279053, 0.7325521111488342], "baseline_no_transfer_learning_base_val_loss": [2.4589927196502686, 2.075615644454956, 1.688940167427063, 1.5702868700027466, 1.5130932331085205, 1.448939561843872, 1.4128949642181396, 1.3599834442138672, 1.3410024642944336, 1.3313424587249756], "baseline_no_transfer_learning_base_val_accuracy": [0.07999999821186066, 0.25600001215934753, 0.5, 0.5720000267028809, 0.5920000076293945, 0.6439999938011169, 0.6359999775886536, 0.6800000071525574, 0.6639999747276306, 0.6679999828338623]}