{"ensemble_loss": [3.169621229171753, 3.0044257640838623, 2.8999979496002197, 2.8243660926818848, 2.7697174549102783, 2.725797653198242, 2.68934965133667, 2.6581552028656006, 2.6300718784332275, 2.6041347980499268], "ensemble_accuracy": [0.07421875, 0.14921875298023224, 0.20078125596046448, 0.2503906190395355, 0.310546875, 0.34296876192092896, 0.3617187440395355, 0.37421876192092896, 0.3882812559604645, 0.3949218690395355], "ensemble_val_loss": [3.135488986968994, 3.0339977741241455, 2.9683454036712646, 2.924393892288208, 2.890674591064453, 2.863729476928711, 2.841460704803467, 2.822082281112671, 2.8043622970581055, 2.787355422973633], "ensemble_val_accuracy": [0.0941176488995552, 0.11764705926179886, 0.12941177189350128, 0.1764705926179886, 0.20000000298023224, 0.2235294133424759, 0.23529411852359772, 0.23529411852359772, 0.23529411852359772, 0.23529411852359772], "ensemble_no_transfer_learning_ensemble_loss": [2.97619366645813, 2.713880777359009, 2.563924789428711, 2.4469308853149414, 2.3529369831085205, 2.276019334793091, 2.2101247310638428, 2.1524832248687744, 2.101327419281006, 2.055241107940674], "ensemble_no_transfer_learning_ensemble_accuracy": [0.21757812798023224, 0.36796873807907104, 0.40937501192092896, 0.44999998807907104, 0.48124998807907104, 0.4996093809604645, 0.5113281011581421, 0.5269531011581421, 0.5472656488418579, 0.553515613079071], "ensemble_no_transfer_learning_ensemble_val_loss": [3.2402026653289795, 3.2250208854675293, 3.1871848106384277, 3.0954384803771973, 2.964984178543091, 2.822650909423828, 2.689164400100708, 2.5835719108581543, 2.4992382526397705, 2.427353620529175], "ensemble_no_transfer_learning_ensemble_val_accuracy": [0.03529411926865578, 0.03529411926865578, 0.0470588244497776, 0.0470588244497776, 0.0470588244497776, 0.0941176488995552, 0.15294118225574493, 0.1882352977991104, 0.25882354378700256, 0.29411765933036804]}