{"ensemble_loss": [1.0833989381790161, 0.8585701584815979, 0.7738922834396362, 0.7207980751991272, 0.6816381216049194, 0.6528307199478149, 0.6294246912002563, 0.6090843081474304, 0.5919656157493591, 0.5767601728439331], "ensemble_accuracy": [0.616447389125824, 0.7718750238418579, 0.800000011920929, 0.8118420839309692, 0.8189144730567932, 0.8251644968986511, 0.8299342393875122, 0.832730233669281, 0.8345394730567932, 0.8373355269432068], "ensemble_val_loss": [1.0228524208068848, 0.9308405518531799, 0.8850521445274353, 0.8526848554611206, 0.829047679901123, 0.8086888790130615, 0.7907261848449707, 0.7737550735473633, 0.7596762776374817, 0.7470388412475586], "ensemble_val_accuracy": [0.5102040767669678, 0.5561224222183228, 0.6122449040412903, 0.6173469424247742, 0.6326530575752258, 0.6275510191917419, 0.6275510191917419, 0.6224489808082581, 0.6377550959587097, 0.6326530575752258], "ensemble_no_transfer_learning_ensemble_loss": [0.7943269610404968, 0.5822136998176575, 0.5050455927848816, 0.4546605050563812, 0.41598615050315857, 0.3833662271499634, 0.35481560230255127, 0.328584223985672, 0.304257333278656, 0.28029268980026245], "ensemble_no_transfer_learning_ensemble_accuracy": [0.7462171316146851, 0.8294407725334167, 0.8455592393875122, 0.8613486886024475, 0.8726973533630371, 0.8832237124443054, 0.8950657844543457, 0.9085526466369629, 0.9177631735801697, 0.928947389125824], "ensemble_no_transfer_learning_ensemble_val_loss": [1.3396600484848022, 0.7007827162742615, 0.5630198121070862, 0.5721163749694824, 0.5564194917678833, 0.55543452501297, 0.5445557236671448, 0.53132164478302, 0.5642331838607788, 0.5342921614646912], "ensemble_no_transfer_learning_ensemble_val_accuracy": [0.25, 0.7244898080825806, 0.7704081535339355, 0.7295918464660645, 0.75, 0.7448979616165161, 0.7551020383834839, 0.7602040767669678, 0.7244898080825806, 0.7602040767669678]}