{"ensemble_loss": [0.19758127629756927, 0.14297035336494446, 0.12041927129030228, 0.10214931517839432, 0.08838263154029846, 0.07746610045433044, 0.06863627582788467, 0.06142347306013107, 0.054172318428754807, 0.04839664697647095], "ensemble_accuracy": [0.9435763955116272, 0.9565104246139526, 0.9650173783302307, 0.9713541865348816, 0.9767361283302307, 0.9811632037162781, 0.983593761920929, 0.9862847328186035, 0.9888020753860474, 0.9905381798744202], "ensemble_val_loss": [2.7149269580841064, 2.0895628929138184, 1.6337268352508545, 1.0960851907730103, 0.895838737487793, 0.8429796099662781, 0.8293607234954834, 0.7797207832336426, 0.8056656122207642, 0.8589809536933899], "ensemble_val_accuracy": [0.4680851101875305, 0.47074466943740845, 0.47340425848960876, 0.478723406791687, 0.48404255509376526, 0.48404255509376526, 0.5531914830207825, 0.5744680762290955, 0.5585106611251831, 0.521276593208313]}