{"base_loss": [0.6380168199539185, 0.5773206949234009, 0.5341668725013733, 0.5021962523460388, 0.4748438596725464, 0.45156458020210266, 0.4352501928806305, 0.41642260551452637, 0.4004056453704834, 0.3896973133087158], "base_accuracy": [0.6340945363044739, 0.7133013010025024, 0.7527243494987488, 0.7729166746139526, 0.7888621687889099, 0.8021233677864075, 0.8103765845298767, 0.8214343190193176, 0.8276442289352417, 0.832932710647583], "base_val_loss": [0.6197183132171631, 0.9277942180633545, 0.5834956169128418, 1.232182502746582, 0.5775536894798279, 0.42055022716522217, 0.5534300804138184, 1.8709919452667236, 2.08298659324646, 1.306077003479004], "base_val_accuracy": [0.6678788065910339, 0.5272727012634277, 0.6703030467033386, 0.5187878608703613, 0.6678788065910339, 0.8145454525947571, 0.6703030467033386, 0.5090909004211426, 0.5090909004211426, 0.5260605812072754]}