{"base_loss": [3.0755362510681152, 2.65635085105896, 2.4331858158111572, 2.2730257511138916, 2.1455647945404053, 2.03877329826355, 1.94709050655365, 1.8658729791641235, 1.7934010028839111, 1.7282724380493164], "base_accuracy": [0.18706250190734863, 0.31450000405311584, 0.37968748807907104, 0.4176250100135803, 0.4463750123977661, 0.46924999356269836, 0.4873124957084656, 0.5059999823570251, 0.5217499732971191, 0.5382500290870667], "base_val_loss": [3.1034181118011475, 2.718906879425049, 2.5798733234405518, 2.483597755432129, 2.406325340270996, 2.347916603088379, 2.2960660457611084, 2.252131223678589, 2.227215528488159, 2.1931517124176025], "base_val_accuracy": [0.1515151560306549, 0.2708333432674408, 0.2765151560306549, 0.280303031206131, 0.29924243688583374, 0.3068181872367859, 0.3087121248245239, 0.3162878751754761, 0.3181818127632141, 0.33712121844291687]}