{"ensemble_loss": [1.017959713935852, 0.8997644186019897, 0.8379398584365845, 0.793882429599762, 0.7584143877029419, 0.7292273044586182, 0.7043935656547546, 0.682910144329071, 0.6637936234474182, 0.6462503671646118], "ensemble_accuracy": [0.5556250214576721, 0.7256249785423279, 0.7350000143051147, 0.7362499833106995, 0.7437499761581421, 0.7518749833106995, 0.762499988079071, 0.7774999737739563, 0.7856249809265137, 0.7918750047683716], "ensemble_val_loss": [1.015188455581665, 1.0092233419418335, 1.013648509979248, 1.0161213874816895, 1.0085359811782837, 0.9931783080101013, 0.978424072265625, 0.9640917778015137, 0.9497135877609253, 0.9311793446540833], "ensemble_val_accuracy": [0.3962264060974121, 0.6037735939025879, 0.698113203048706, 0.6037735939025879, 0.5660377144813538, 0.5283018946647644, 0.5094339847564697, 0.5283018946647644, 0.5660377144813538, 0.5660377144813538], "ensemble_no_transfer_learning_ensemble_loss": [0.899629533290863, 0.7360741496086121, 0.6345440149307251, 0.5588436722755432, 0.49898311495780945, 0.44969311356544495, 0.40877315402030945, 0.3752201795578003, 0.34736987948417664, 0.32301729917526245], "ensemble_no_transfer_learning_ensemble_accuracy": [0.6200000047683716, 0.7337499856948853, 0.796875, 0.846875011920929, 0.8712499737739563, 0.8899999856948853, 0.8993750214576721, 0.9100000262260437, 0.9162499904632568, 0.925000011920929], "ensemble_no_transfer_learning_ensemble_val_loss": [1.0953598022460938, 1.1189303398132324, 1.2827260494232178, 1.5361677408218384, 1.8058160543441772, 2.0653302669525146, 2.3085427284240723, 2.4831345081329346, 2.4485790729522705, 2.178582191467285], "ensemble_no_transfer_learning_ensemble_val_accuracy": [0.37735849618911743, 0.37735849618911743, 0.37735849618911743, 0.37735849618911743, 0.37735849618911743, 0.37735849618911743, 0.37735849618911743, 0.37735849618911743, 0.37735849618911743, 0.37735849618911743]}