{"ensemble_loss": [2.2811458110809326, 2.0320630073547363, 1.9133021831512451, 1.8345909118652344, 1.7737442255020142, 1.7240434885025024, 1.6822878122329712, 1.6463156938552856, 1.6144686937332153, 1.5856846570968628], "ensemble_accuracy": [0.285526305437088, 0.43881580233573914, 0.4850328862667084, 0.5167763233184814, 0.5432565808296204, 0.5625, 0.5822368264198303, 0.5998355150222778, 0.6131578683853149, 0.6273026466369629], "ensemble_val_loss": [2.275447368621826, 2.103806734085083, 1.9571642875671387, 1.8674815893173218, 1.8085142374038696, 1.7630990743637085, 1.725264310836792, 1.6931068897247314, 1.6646736860275269, 1.6387178897857666], "ensemble_val_accuracy": [0.2666666805744171, 0.41025641560554504, 0.4307692348957062, 0.446153849363327, 0.46666666865348816, 0.5025641322135925, 0.5230769515037537, 0.528205156326294, 0.5333333611488342, 0.5128205418586731], "ensemble_no_transfer_learning_ensemble_loss": [1.9100587368011475, 1.5646107196807861, 1.391108512878418, 1.2646450996398926, 1.1618599891662598, 1.0772581100463867, 1.0059903860092163, 0.9450781345367432, 0.8922557830810547, 0.8458293676376343], "ensemble_no_transfer_learning_ensemble_accuracy": [0.49884867668151855, 0.6402960419654846, 0.703125, 0.7480263113975525, 0.7754934430122375, 0.7991776466369629, 0.8180921077728271, 0.8343750238418579, 0.8503289222717285, 0.8641447424888611], "ensemble_no_transfer_learning_ensemble_val_loss": [2.470407247543335, 2.1138248443603516, 1.5628867149353027, 1.3212635517120361, 1.2319287061691284, 1.1772102117538452, 1.1309236288070679, 1.0899693965911865, 1.0544164180755615, 1.0245004892349243], "ensemble_no_transfer_learning_ensemble_val_accuracy": [0.15897436439990997, 0.20000000298023224, 0.5641025900840759, 0.6769230961799622, 0.6871795058250427, 0.6410256624221802, 0.6512820720672607, 0.6410256624221802, 0.656410276889801, 0.6615384817123413]}