{"baseline_loss": [3.739185333251953, 3.1797420978546143, 2.9621572494506836, 2.8148434162139893, 2.685184955596924, 2.6024281978607178, 2.5155389308929443, 2.4767606258392334, 2.3993895053863525, 2.357668876647949], "baseline_accuracy": [0.06289062649011612, 0.111328125, 0.17265625298023224, 0.22187499701976776, 0.28437501192092896, 0.31953126192092896, 0.35468751192092896, 0.39140623807907104, 0.40937501192092896, 0.4097656309604645], "baseline_val_loss": [3.534616708755493, 3.287306785583496, 2.997850179672241, 2.8424201011657715, 2.74859881401062, 2.651499032974243, 2.5899922847747803, 2.5403668880462646, 2.4716074466705322, 2.4178481101989746], "baseline_val_accuracy": [0.03529411926865578, 0.05882352963089943, 0.11764705926179886, 0.1411764770746231, 0.23529411852359772, 0.30588236451148987, 0.30588236451148987, 0.364705890417099, 0.3764705955982208, 0.4000000059604645], "baseline_no_transfer_learning_base_loss": [3.0429329872131348, 2.7919163703918457, 2.657822847366333, 2.5616230964660645, 2.480823040008545, 2.4145712852478027, 2.3561863899230957, 2.301266670227051, 2.248728036880493, 2.199906349182129], "baseline_no_transfer_learning_base_accuracy": [0.14882811903953552, 0.255859375, 0.3460937440395355, 0.4222656190395355, 0.48046875, 0.515625, 0.533203125, 0.555859386920929, 0.561328113079071, 0.575390636920929], "baseline_no_transfer_learning_base_val_loss": [3.2612481117248535, 3.2787561416625977, 3.2421624660491943, 3.130422830581665, 2.9518215656280518, 2.7445406913757324, 2.5266129970550537, 2.3694448471069336, 2.2701642513275146, 2.2060506343841553], "baseline_no_transfer_learning_base_val_accuracy": [0.07058823853731155, 0.07058823853731155, 0.10588235408067703, 0.0941176488995552, 0.1411764770746231, 0.23529411852359772, 0.29411765933036804, 0.4117647111415863, 0.4470588266849518, 0.47058823704719543]}