{"baseline_loss": [3.6623222827911377, 3.2452025413513184, 2.9420292377471924, 2.6753628253936768, 2.4668383598327637, 2.2569591999053955, 2.1031856536865234, 1.9697659015655518, 1.8645540475845337, 1.7417861223220825], "baseline_accuracy": [0.19333726167678833, 0.29799526929855347, 0.38626179099082947, 0.4376179277896881, 0.4645047187805176, 0.5072523355484009, 0.5353183746337891, 0.5546579957008362, 0.5706957578659058, 0.5932193398475647], "baseline_val_loss": [3.6118698120117188, 3.1559901237487793, 2.912757635116577, 2.7190933227539062, 2.5570266246795654, 2.4452061653137207, 2.2867493629455566, 2.1495532989501953, 2.1231603622436523, 2.0521297454833984], "baseline_val_accuracy": [0.14695340394973755, 0.25806450843811035, 0.30465948581695557, 0.342293918132782, 0.31362006068229675, 0.3476702570915222, 0.40681004524230957, 0.41756272315979004, 0.421146959066391, 0.41039425134658813]}