{"ensemble_loss": [1.8535633087158203, 1.7611802816390991, 1.7141755819320679, 1.6822509765625, 1.6569942235946655, 1.636114478111267, 1.6176916360855103, 1.6008621454238892, 1.585636854171753, 1.5722782611846924], "ensemble_accuracy": [0.2787109315395355, 0.33085936307907104, 0.36738282442092896, 0.3822265565395355, 0.3939453065395355, 0.4019531309604645, 0.40937501192092896, 0.41621094942092896, 0.4228515625, 0.42890626192092896], "ensemble_val_loss": [1.843863606452942, 1.7500125169754028, 1.7054990530014038, 1.6768983602523804, 1.6581342220306396, 1.6403090953826904, 1.6266250610351562, 1.6150922775268555, 1.6038483381271362, 1.587266445159912], "ensemble_val_accuracy": [0.3128834366798401, 0.3558282256126404, 0.4110429584980011, 0.349693238735199, 0.3251533806324005, 0.349693238735199, 0.3558282256126404, 0.3558282256126404, 0.349693238735199, 0.38036808371543884], "ensemble_no_transfer_learning_ensemble_loss": [1.829667091369629, 1.6731948852539062, 1.571164846420288, 1.491424798965454, 1.4220774173736572, 1.3694698810577393, 1.332211971282959, 1.3033270835876465, 1.2794756889343262, 1.2541091442108154], "ensemble_no_transfer_learning_ensemble_accuracy": [0.2933593690395355, 0.3822265565395355, 0.40507811307907104, 0.439453125, 0.47578126192092896, 0.501171886920929, 0.5228515863418579, 0.5355468988418579, 0.539843738079071, 0.5458984375], "ensemble_no_transfer_learning_ensemble_val_loss": [1.9822016954421997, 2.0252649784088135, 2.0542876720428467, 2.3637702465057373, 2.4858648777008057, 1.9730722904205322, 2.2971134185791016, 2.914680242538452, 2.330733299255371, 2.774538040161133], "ensemble_no_transfer_learning_ensemble_val_accuracy": [0.15337423980236053, 0.16564416885375977, 0.1411042958498001, 0.1411042958498001, 0.1411042958498001, 0.19018404185771942, 0.1411042958498001, 0.1411042958498001, 0.1411042958498001, 0.1411042958498001]}