{"baseline_loss": [0.9259299635887146, 0.5383052825927734, 0.4475075304508209, 0.38501834869384766, 0.33926576375961304, 0.31262457370758057, 0.28296980261802673, 0.26510369777679443, 0.24920031428337097, 0.2341371476650238], "baseline_accuracy": [0.6916666626930237, 0.8554166555404663, 0.8794270753860474, 0.8987500071525574, 0.9128124713897705, 0.918958306312561, 0.9283854365348816, 0.9339583516120911, 0.9366145730018616, 0.9419270753860474], "baseline_val_loss": [0.6641925573348999, 0.49610209465026855, 0.40926820039749146, 0.3645482361316681, 0.32841598987579346, 0.302386075258255, 0.28200265765190125, 0.25702109932899475, 0.2497928887605667, 0.24225537478923798], "baseline_val_accuracy": [0.7911392450332642, 0.8465189933776855, 0.8655063509941101, 0.8955696225166321, 0.9177215099334717, 0.9113923907279968, 0.9193037748336792, 0.925632894039154, 0.9351266026496887, 0.9287974834442139], "baseline_no_transfer_learning_base_loss": [0.9055132269859314, 0.5907937288284302, 0.4812650978565216, 0.40585416555404663, 0.35068872570991516, 0.3108386695384979, 0.2790151834487915, 0.25612717866897583, 0.2400953620672226, 0.22978828847408295], "baseline_no_transfer_learning_base_accuracy": [0.7269271016120911, 0.8329166769981384, 0.863854169845581, 0.8882812261581421, 0.9035416841506958, 0.9139583110809326, 0.9233333468437195, 0.928697943687439, 0.9326562285423279, 0.9328646063804626], "baseline_no_transfer_learning_base_val_loss": [1.4157919883728027, 0.5967842936515808, 0.5530456900596619, 0.5151770710945129, 0.4700712263584137, 0.47541099786758423, 0.3466319739818573, 0.53292316198349, 0.31052255630493164, 0.43177202343940735], "baseline_no_transfer_learning_base_val_accuracy": [0.38132911920547485, 0.8306962251663208, 0.8322784900665283, 0.8465189933776855, 0.844936728477478, 0.8386076092720032, 0.8939873576164246, 0.8117088675498962, 0.8971518874168396, 0.8512658476829529]}