{"ensemble_loss": [3.9008266925811768, 3.6857383251190186, 3.5728065967559814, 3.4894661903381348, 3.42132568359375, 3.3610663414001465, 3.3058876991271973, 3.2548179626464844, 3.2079527378082275, 3.163752317428589], "ensemble_accuracy": [0.12575431168079376, 0.20646551251411438, 0.248814657330513, 0.2802801728248596, 0.3219827711582184, 0.35043102502822876, 0.3728448152542114, 0.39590516686439514, 0.4185344874858856, 0.43954741954803467], "ensemble_val_loss": [3.8697216510772705, 3.7113826274871826, 3.6035420894622803, 3.529522180557251, 3.466259717941284, 3.4089181423187256, 3.3550360202789307, 3.304680585861206, 3.257384777069092, 3.213074207305908], "ensemble_val_accuracy": [0.12333333492279053, 0.22333332896232605, 0.27000001072883606, 0.3166666626930237, 0.34333333373069763, 0.3266666531562805, 0.34333333373069763, 0.35333332419395447, 0.3633333444595337, 0.3933333456516266], "ensemble_no_transfer_learning_ensemble_loss": [3.6475346088409424, 3.237220287322998, 2.9481678009033203, 2.711019277572632, 2.5174002647399902, 2.364593505859375, 2.2375152111053467, 2.131519079208374, 2.0431838035583496, 1.9705955982208252], "ensemble_no_transfer_learning_ensemble_accuracy": [0.25678879022598267, 0.43825429677963257, 0.529849112033844, 0.6205819249153137, 0.6987069249153137, 0.7424569129943848, 0.7712284326553345, 0.7959051728248596, 0.8120689392089844, 0.8197198510169983], "ensemble_no_transfer_learning_ensemble_val_loss": [4.231414318084717, 3.6955976486206055, 2.9539663791656494, 2.753427743911743, 2.5813024044036865, 2.45089054107666, 2.324179172515869, 2.3026154041290283, 2.169840097427368, 2.144225835800171], "ensemble_no_transfer_learning_ensemble_val_accuracy": [0.013333333656191826, 0.07999999821186066, 0.4300000071525574, 0.49666666984558105, 0.5099999904632568, 0.5766666531562805, 0.6100000143051147, 0.5933333039283752, 0.6933333277702332, 0.6566666960716248]}