{"ensemble_loss": [0.712302565574646, 0.5328847765922546, 0.47478362917900085, 0.4458479881286621, 0.42761459946632385, 0.41406872868537903, 0.4030478596687317, 0.3935862183570862, 0.3852197527885437, 0.3777015805244446], "ensemble_accuracy": [0.7275000214576721, 0.8109999895095825, 0.8263124823570251, 0.832812488079071, 0.8381875157356262, 0.8428750038146973, 0.8471249938011169, 0.851312518119812, 0.854687511920929, 0.8566874861717224], "ensemble_val_loss": [0.7474110126495361, 0.6461871862411499, 0.5819941163063049, 0.5472632646560669, 0.5244173407554626, 0.5074495673179626, 0.4938499629497528, 0.48236212134361267, 0.4734328091144562, 0.4655494689941406], "ensemble_val_accuracy": [0.6704545617103577, 0.6818181872367859, 0.7272727489471436, 0.7537878751754761, 0.7727272510528564, 0.7784090638160706, 0.7916666865348816, 0.7954545617103577, 0.7916666865348816, 0.7916666865348816], "ensemble_no_transfer_learning_ensemble_loss": [0.46315431594848633, 0.3561389446258545, 0.31379544734954834, 0.2780848443508148, 0.2451164871454239, 0.21557116508483887, 0.18975378572940826, 0.16727182269096375, 0.14740312099456787, 0.1302790492773056], "ensemble_no_transfer_learning_ensemble_accuracy": [0.823312520980835, 0.8659374713897705, 0.8858749866485596, 0.9040625095367432, 0.9198125004768372, 0.937125027179718, 0.9495624899864197, 0.9595000147819519, 0.9690625071525574, 0.9753749966621399], "ensemble_no_transfer_learning_ensemble_val_loss": [1.002890944480896, 0.7749866843223572, 0.7233698964118958, 0.7075543403625488, 0.709343433380127, 0.7066085338592529, 0.7179445028305054, 0.7338970303535461, 0.7699658274650574, 0.802157998085022], "ensemble_no_transfer_learning_ensemble_val_accuracy": [0.469696968793869, 0.6496211886405945, 0.6799242496490479, 0.6931818127632141, 0.6950757503509521, 0.6969696879386902, 0.689393937587738, 0.6912878751754761, 0.6609848737716675, 0.6553030014038086]}