{"ensemble_loss": [1.1048768758773804, 0.7117534279823303, 0.5621482729911804, 0.47100862860679626, 0.40604981780052185, 0.35582345724105835, 0.31710347533226013, 0.2856222987174988, 0.25996580719947815, 0.23820461332798004], "ensemble_accuracy": [0.7520833611488342, 0.9645833373069763, 0.9786458611488342, 0.9859374761581421, 0.98828125, 0.9904947876930237, 0.9915364384651184, 0.992968738079071, 0.9936197996139526, 0.9944010376930237], "ensemble_val_loss": [0.8949350714683533, 0.6256706118583679, 0.5060458779335022, 0.4295071065425873, 0.37491557002067566, 0.3314588665962219, 0.2971523404121399, 0.2694651484489441, 0.24729712307453156, 0.22905698418617249], "ensemble_val_accuracy": [0.7843137383460999, 0.9176470637321472, 0.9647058844566345, 0.9764705896377563, 0.9803921580314636, 0.9803921580314636, 0.9803921580314636, 0.9803921580314636, 0.9843137264251709, 0.9843137264251709], "ensemble_no_transfer_learning_ensemble_loss": [0.738066554069519, 0.33555880188941956, 0.23938176035881042, 0.18775376677513123, 0.1343774050474167, 0.0969916433095932, 0.077085942029953, 0.06300825625658035, 0.052550189197063446, 0.04450352489948273], "ensemble_no_transfer_learning_ensemble_accuracy": [0.9234374761581421, 0.9829427003860474, 0.987500011920929, 0.9897135496139526, 0.9904947876930237, 0.9923177361488342, 0.9930989742279053, 0.994140625, 0.994921863079071, 0.9959635138511658], "ensemble_no_transfer_learning_ensemble_val_loss": [1.9395205974578857, 1.2755974531173706, 0.29567116498947144, 0.15669657289981842, 0.10218070447444916, 0.08078397065401077, 0.06415507942438126, 0.05872473493218422, 0.048691798001527786, 0.047791820019483566], "ensemble_no_transfer_learning_ensemble_val_accuracy": [0.14509804546833038, 0.5882353186607361, 0.9764705896377563, 0.9960784316062927, 0.9960784316062927, 0.9960784316062927, 0.9960784316062927, 0.9960784316062927, 0.9960784316062927, 0.9960784316062927]}