{"ensemble_loss": [3.0473122596740723, 2.852442741394043, 2.762840986251831, 2.7040882110595703, 2.6591577529907227, 2.6209211349487305, 2.5882415771484375, 2.5591650009155273, 2.53292179107666, 2.508517265319824], "ensemble_accuracy": [0.12372159212827682, 0.1953125, 0.24616476893424988, 0.2825284004211426, 0.306534081697464, 0.3227272629737854, 0.33394885063171387, 0.34630683064460754, 0.359375, 0.3686079680919647], "ensemble_val_loss": [3.0022146701812744, 2.8831493854522705, 2.8065338134765625, 2.7596793174743652, 2.7226030826568604, 2.6930816173553467, 2.6694841384887695, 2.64732027053833, 2.6281867027282715, 2.6104350090026855], "ensemble_val_accuracy": [0.13656388223171234, 0.1409691572189331, 0.2070484608411789, 0.21145375072956085, 0.22466960549354553, 0.2290748953819275, 0.2290748953819275, 0.2290748953819275, 0.25550660490989685, 0.26431718468666077], "ensemble_no_transfer_learning_ensemble_loss": [2.781193971633911, 2.499882936477661, 2.3478615283966064, 2.2298057079315186, 2.133629560470581, 2.0525882244110107, 1.9818490743637085, 1.9181798696517944, 1.8598307371139526, 1.8074140548706055], "ensemble_no_transfer_learning_ensemble_accuracy": [0.24346591532230377, 0.36619317531585693, 0.4215908944606781, 0.46164771914482117, 0.4900568127632141, 0.5224431753158569, 0.5430397987365723, 0.5643466114997864, 0.5832386612892151, 0.5987215638160706], "ensemble_no_transfer_learning_ensemble_val_loss": [3.2682301998138428, 3.013359785079956, 2.568755865097046, 2.4608752727508545, 2.402860164642334, 2.3524765968322754, 2.321742296218872, 2.2971785068511963, 2.2682363986968994, 2.248025894165039], "ensemble_no_transfer_learning_ensemble_val_accuracy": [0.07048457860946655, 0.07929515093564987, 0.24229075014591217, 0.3876652121543884, 0.38325992226600647, 0.36563876271247864, 0.3876652121543884, 0.36563876271247864, 0.3876652121543884, 0.38325992226600647]}