{"ensemble_loss": [2.23478627204895, 1.9487736225128174, 1.82114839553833, 1.7403470277786255, 1.6802905797958374, 1.6306489706039429, 1.5893309116363525, 1.5534595251083374, 1.5218760967254639, 1.493324637413025], "ensemble_accuracy": [0.31365132331848145, 0.5194078683853149, 0.5623355507850647, 0.5889802575111389, 0.6098684072494507, 0.6310855150222778, 0.64835524559021, 0.6628289222717285, 0.680427610874176, 0.6909539699554443], "ensemble_val_loss": [2.1242215633392334, 1.9771397113800049, 1.8900235891342163, 1.8288503885269165, 1.7813485860824585, 1.7413420677185059, 1.707002878189087, 1.6762105226516724, 1.6487810611724854, 1.6238176822662354], "ensemble_val_accuracy": [0.3897435963153839, 0.4512820541858673, 0.4615384638309479, 0.4769230782985687, 0.5179487466812134, 0.528205156326294, 0.5692307949066162, 0.5846154093742371, 0.5641025900840759, 0.5692307949066162], "ensemble_no_transfer_learning_ensemble_loss": [1.9032542705535889, 1.553462028503418, 1.370959758758545, 1.2419683933258057, 1.1416571140289307, 1.0599560737609863, 0.9925850033760071, 0.9360740780830383, 0.8875288367271423, 0.845062792301178], "ensemble_no_transfer_learning_ensemble_accuracy": [0.44950658082962036, 0.6258223652839661, 0.7049342393875122, 0.75, 0.7828947305679321, 0.8088815808296204, 0.8263157606124878, 0.8388158082962036, 0.8521381616592407, 0.863322377204895], "ensemble_no_transfer_learning_ensemble_val_loss": [2.5119996070861816, 2.1954426765441895, 1.5995428562164307, 1.321221947669983, 1.2200431823730469, 1.1506489515304565, 1.0977392196655273, 1.0508863925933838, 1.0124479532241821, 0.9793848991394043], "ensemble_no_transfer_learning_ensemble_val_accuracy": [0.13846154510974884, 0.2102564126253128, 0.5128205418586731, 0.6666666865348816, 0.7076923251152039, 0.7025641202926636, 0.7435897588729858, 0.7435897588729858, 0.7743589878082275, 0.7897436022758484]}