{"base_loss": [1.5633293390274048, 1.0819604396820068, 0.9281516075134277, 0.8305758833885193, 0.7565907835960388, 0.6961886286735535, 0.6453024744987488, 0.600983202457428, 0.5620616674423218, 0.527619481086731], "base_accuracy": [0.5491618514060974, 0.6646536588668823, 0.7081705331802368, 0.7364453673362732, 0.7595637440681458, 0.7793350219726562, 0.795021116733551, 0.8105184435844421, 0.8237122297286987, 0.8354406952857971], "base_val_loss": [1.137718915939331, 1.0145680904388428, 0.9593376517295837, 0.958341121673584, 0.9445260167121887, 0.9467424154281616, 0.9631189703941345, 0.953268826007843, 1.0243490934371948, 1.042504906654358], "base_val_accuracy": [0.6349999904632568, 0.6633333563804626, 0.6746666431427002, 0.6798333525657654, 0.6863333582878113, 0.6898333430290222, 0.6816666722297668, 0.6924999952316284, 0.6808333396911621, 0.6803333163261414]}