{"ensemble_loss": [1.922831654548645, 1.578000545501709, 1.4029532670974731, 1.2811408042907715, 1.1891902685165405, 1.1138583421707153, 1.0483324527740479, 0.9894719123840332, 0.9376236200332642, 0.8918658494949341], "ensemble_accuracy": [0.42713814973831177, 0.5527960658073425, 0.6358552575111389, 0.6990131735801697, 0.7442434430122375, 0.7680920958518982, 0.7916118502616882, 0.8123355507850647, 0.8282894492149353, 0.8422697186470032], "ensemble_val_loss": [2.653102159500122, 2.256136894226074, 1.6043699979782104, 1.3148298263549805, 1.2140309810638428, 1.1505186557769775, 1.1001207828521729, 1.0548356771469116, 1.0141324996948242, 0.9784727692604065], "ensemble_val_accuracy": [0.0615384615957737, 0.20000000298023224, 0.49743589758872986, 0.6358974575996399, 0.6512820720672607, 0.692307710647583, 0.7076923251152039, 0.7179487347602844, 0.7230769395828247, 0.7230769395828247]}