{"baseline_loss": [3.724294662475586, 3.075157403945923, 2.5335710048675537, 2.0782699584960938, 1.711915373802185, 1.4014495611190796, 1.1629481315612793, 0.9753454327583313, 0.8240898251533508, 0.7075372934341431], "baseline_accuracy": [0.181848406791687, 0.4258809983730316, 0.578174889087677, 0.6862366795539856, 0.75, 0.797240674495697, 0.8295212984085083, 0.8526762127876282, 0.8713264465332031, 0.8861369490623474], "baseline_val_loss": [3.4241721630096436, 2.918113946914673, 2.4439210891723633, 2.1904919147491455, 1.8472602367401123, 1.4535118341445923, 1.69313645362854, 2.0655975341796875, 1.0519334077835083, 1.2232927083969116], "baseline_val_accuracy": [0.24912455677986145, 0.4467233717441559, 0.5032516121864319, 0.4787393808364868, 0.6408203840255737, 0.7353676557540894, 0.5772886276245117, 0.382691353559494, 0.7763881683349609, 0.6683341860771179]}