{"ensemble_loss": [1.6072728633880615, 1.4061352014541626, 1.2923918962478638, 1.2173742055892944, 1.1648975610733032, 1.1242716312408447, 1.0897754430770874, 1.0612993240356445, 1.0375607013702393, 1.0168421268463135], "ensemble_accuracy": [0.33906251192092896, 0.51953125, 0.6734374761581421, 0.7425781488418579, 0.772656261920929, 0.792187511920929, 0.8109375238418579, 0.8257812261581421, 0.8316406011581421, 0.841015636920929], "ensemble_val_loss": [1.4981603622436523, 1.3329347372055054, 1.2221428155899048, 1.142978549003601, 1.0850416421890259, 1.0387604236602783, 1.0025972127914429, 0.9724606871604919, 0.9474974274635315, 0.9262283444404602], "ensemble_val_accuracy": [0.34210526943206787, 0.4868420958518982, 0.6710526347160339, 0.7763158082962036, 0.8157894611358643, 0.8157894611358643, 0.8157894611358643, 0.8157894611358643, 0.8157894611358643, 0.8157894611358643], "ensemble_no_transfer_learning_ensemble_loss": [1.3260618448257446, 1.0336850881576538, 0.9085816144943237, 0.8227262496948242, 0.7528737187385559, 0.6960453987121582, 0.6472914814949036, 0.6041523814201355, 0.5655425190925598, 0.5301769971847534], "ensemble_no_transfer_learning_ensemble_accuracy": [0.6527343988418579, 0.813671886920929, 0.849609375, 0.876953125, 0.897656261920929, 0.909375011920929, 0.91796875, 0.9292968511581421, 0.9410156011581421, 0.9488281011581421], "ensemble_no_transfer_learning_ensemble_val_loss": [1.785996675491333, 1.8852310180664062, 1.8588200807571411, 1.6426528692245483, 1.3421435356140137, 1.093278408050537, 0.9294966459274292, 0.8344804644584656, 0.778456449508667, 0.7393743395805359], "ensemble_no_transfer_learning_ensemble_val_accuracy": [0.10526315867900848, 0.1184210553765297, 0.17105263471603394, 0.2368421107530594, 0.4736842215061188, 0.6447368264198303, 0.8421052694320679, 0.8684210777282715, 0.8421052694320679, 0.8815789222717285]}