{"baseline_loss": [2.4863781929016113, 2.0697340965270996, 1.889070987701416, 1.77561616897583, 1.711045742034912, 1.6270477771759033, 1.5776572227478027, 1.541743278503418, 1.490045189857483, 1.4742473363876343], "baseline_accuracy": [0.11085526645183563, 0.25822368264198303, 0.40476974844932556, 0.4621710479259491, 0.48124998807907104, 0.5236842036247253, 0.538322389125824, 0.5631579160690308, 0.598355233669281, 0.5953947305679321], "baseline_val_loss": [2.146376609802246, 1.9044814109802246, 1.7843292951583862, 1.7007427215576172, 1.6394894123077393, 1.5999395847320557, 1.5612633228302002, 1.5271260738372803, 1.5013388395309448, 1.4776970148086548], "baseline_val_accuracy": [0.23076923191547394, 0.3897435963153839, 0.4923076927661896, 0.5230769515037537, 0.5589743852615356, 0.5692307949066162, 0.5897436141967773, 0.5692307949066162, 0.5794872045516968, 0.5435897707939148], "baseline_no_transfer_learning_base_loss": [2.0145843029022217, 1.69620680809021, 1.5399219989776611, 1.426602840423584, 1.331632375717163, 1.2493865489959717, 1.17817223072052, 1.1155146360397339, 1.0592997074127197, 1.008098840713501], "baseline_no_transfer_learning_base_accuracy": [0.3616776168346405, 0.5098684430122375, 0.5713815689086914, 0.6194078922271729, 0.6574013233184814, 0.6865131855010986, 0.7090460658073425, 0.7291118502616882, 0.7467105388641357, 0.7634868621826172], "baseline_no_transfer_learning_base_val_loss": [2.6674771308898926, 2.2282869815826416, 1.6603654623031616, 1.4413632154464722, 1.3526321649551392, 1.2826484441757202, 1.2242090702056885, 1.1778913736343384, 1.1262545585632324, 1.1036999225616455], "baseline_no_transfer_learning_base_val_accuracy": [0.08717948943376541, 0.16410256922245026, 0.4205128252506256, 0.40512821078300476, 0.4307692348957062, 0.5128205418586731, 0.5487179756164551, 0.5846154093742371, 0.6000000238418579, 0.6051282286643982]}