{"ensemble_loss": [1.9141038656234741, 1.7987210750579834, 1.7405229806900024, 1.7025697231292725, 1.6732409000396729, 1.6488949060440063, 1.6269385814666748, 1.6088635921478271, 1.5931789875030518, 1.578579306602478], "ensemble_accuracy": [0.2431640625, 0.3330078125, 0.34980469942092896, 0.3519531190395355, 0.36250001192092896, 0.37578123807907104, 0.3853515684604645, 0.3968749940395355, 0.3980468809604645, 0.40312498807907104], "ensemble_val_loss": [1.916743516921997, 1.8306783437728882, 1.76513671875, 1.7177413702011108, 1.6930466890335083, 1.6744465827941895, 1.6588263511657715, 1.6417278051376343, 1.6282155513763428, 1.619957447052002], "ensemble_val_accuracy": [0.11656441539525986, 0.30061349272727966, 0.3987730145454407, 0.42944785952568054, 0.46625766158103943, 0.42331287264823914, 0.4049079716205597, 0.43558281660079956, 0.42331287264823914, 0.44171780347824097], "ensemble_no_transfer_learning_ensemble_loss": [1.829667091369629, 1.6731948852539062, 1.571164846420288, 1.491424798965454, 1.4220774173736572, 1.3694698810577393, 1.332211971282959, 1.3033270835876465, 1.2794756889343262, 1.2541091442108154], "ensemble_no_transfer_learning_ensemble_accuracy": [0.2933593690395355, 0.3822265565395355, 0.40507811307907104, 0.439453125, 0.47578126192092896, 0.501171886920929, 0.5228515863418579, 0.5355468988418579, 0.539843738079071, 0.5458984375], "ensemble_no_transfer_learning_ensemble_val_loss": [1.9822016954421997, 2.0252649784088135, 2.0542876720428467, 2.3637702465057373, 2.4858648777008057, 1.9730722904205322, 2.2971134185791016, 2.914680242538452, 2.330733299255371, 2.774538040161133], "ensemble_no_transfer_learning_ensemble_val_accuracy": [0.15337423980236053, 0.16564416885375977, 0.1411042958498001, 0.1411042958498001, 0.1411042958498001, 0.19018404185771942, 0.1411042958498001, 0.1411042958498001, 0.1411042958498001, 0.1411042958498001]}