{"ensemble_loss": [1.0031739473342896, 0.7239195108413696, 0.6195427179336548, 0.5561060309410095, 0.5104350447654724, 0.4756720960140228, 0.44763246178627014, 0.42305296659469604, 0.4017557203769684, 0.3838854432106018], "ensemble_accuracy": [0.7291213870048523, 0.8259963989257812, 0.8482789993286133, 0.8602355122566223, 0.8702898621559143, 0.877853274345398, 0.8852354884147644, 0.8915308117866516, 0.8972373008728027, 0.902309775352478], "ensemble_val_loss": [0.8549371361732483, 0.6600562930107117, 0.576963484287262, 0.523175835609436, 0.4820672571659088, 0.45325779914855957, 0.42734453082084656, 0.4044254422187805, 0.38420283794403076, 0.3681256175041199], "ensemble_val_accuracy": [0.751366138458252, 0.8551912307739258, 0.8729507923126221, 0.8838797807693481, 0.8866119980812073, 0.8907103538513184, 0.8948087692260742, 0.8948087692260742, 0.9002732038497925, 0.9071038365364075], "ensemble_no_transfer_learning_ensemble_loss": [0.7378706932067871, 0.46300172805786133, 0.3748224377632141, 0.3105430603027344, 0.2689187228679657, 0.2401062399148941, 0.21750368177890778, 0.2010507583618164, 0.18606215715408325, 0.17468343675136566], "ensemble_no_transfer_learning_ensemble_accuracy": [0.7973278760910034, 0.87160325050354, 0.8974184989929199, 0.9153985381126404, 0.925815224647522, 0.9352355003356934, 0.9418478012084961, 0.946467399597168, 0.9504981637001038, 0.9541213512420654], "ensemble_no_transfer_learning_ensemble_val_loss": [0.8466665744781494, 0.6624917387962341, 0.4736667573451996, 0.385827898979187, 0.3265068531036377, 0.3904208540916443, 0.392098605632782, 0.3882061541080475, 0.42673659324645996, 0.5476025938987732], "ensemble_no_transfer_learning_ensemble_val_accuracy": [0.6420764923095703, 0.8510928750038147, 0.8715847134590149, 0.9016393423080444, 0.9166666865348816, 0.9071038365364075, 0.9275956153869629, 0.8934426307678223, 0.9084699749946594, 0.8333333134651184]}