{"ensemble_loss": [1.8708857297897339, 1.7185930013656616, 1.6547861099243164, 1.6100355386734009, 1.5758352279663086, 1.5482687950134277, 1.5249005556106567, 1.5050015449523926, 1.487898588180542, 1.4730803966522217], "ensemble_accuracy": [0.24721284210681915, 0.298733115196228, 0.32331082224845886, 0.3386824429035187, 0.3493243157863617, 0.35895270109176636, 0.3652026951313019, 0.37010136246681213, 0.37449324131011963, 0.375929057598114], "ensemble_val_loss": [1.822911024093628, 1.7424721717834473, 1.6922930479049683, 1.6527910232543945, 1.6219756603240967, 1.5959622859954834, 1.574745774269104, 1.5578469038009644, 1.5428016185760498, 1.5299328565597534], "ensemble_val_accuracy": [0.24164524674415588, 0.24678663909435272, 0.2724935710430145, 0.27506425976753235, 0.28791773319244385, 0.2982005178928375, 0.2956298291683197, 0.30334189534187317, 0.31362468004226685, 0.305912584066391], "ensemble_no_transfer_learning_ensemble_loss": [1.7679251432418823, 1.5623791217803955, 1.4508622884750366, 1.3903765678405762, 1.3533480167388916, 1.327527403831482, 1.3095629215240479, 1.2959579229354858, 1.284778118133545, 1.274100422859192], "ensemble_no_transfer_learning_ensemble_accuracy": [0.25988176465034485, 0.3263513445854187, 0.3526182472705841, 0.36714527010917664, 0.37694257497787476, 0.38369932770729065, 0.3856419026851654, 0.388766884803772, 0.39459457993507385, 0.3962837755680084], "ensemble_no_transfer_learning_ensemble_val_loss": [2.1217041015625, 1.5552581548690796, 1.5015408992767334, 1.4238063097000122, 1.4048902988433838, 1.368155598640442, 1.389527440071106, 1.3687777519226074, 1.392247200012207, 1.375607967376709], "ensemble_no_transfer_learning_ensemble_val_accuracy": [0.16966581344604492, 0.30077120661735535, 0.31619536876678467, 0.32647815346717834, 0.311053991317749, 0.3239074647426605, 0.285347044467926, 0.2724935710430145, 0.259640097618103, 0.259640097618103]}