{"ensemble_loss": [1.5925740003585815, 1.3660959005355835, 1.2859975099563599, 1.2368109226226807, 1.2009111642837524, 1.1727935075759888, 1.1498345136642456, 1.1301960945129395, 1.1130766868591309, 1.097900629043579], "ensemble_accuracy": [0.4858928620815277, 0.5662797689437866, 0.5900892615318298, 0.6061607003211975, 0.617767870426178, 0.6273511648178101, 0.6338987946510315, 0.6390178799629211, 0.644345223903656, 0.6501190662384033], "ensemble_val_loss": [1.4437373876571655, 1.3430894613265991, 1.2903531789779663, 1.2532519102096558, 1.2248519659042358, 1.2012794017791748, 1.1815941333770752, 1.164427638053894, 1.1495180130004883, 1.1358027458190918], "ensemble_val_accuracy": [0.5446428656578064, 0.5758928656578064, 0.5973214507102966, 0.6026785969734192, 0.6133928298950195, 0.6178571581840515, 0.6241071224212646, 0.6303571462631226, 0.6419642567634583, 0.6419642567634583], "ensemble_no_transfer_learning_ensemble_loss": [1.3457833528518677, 1.1262050867080688, 1.042443037033081, 0.985806941986084, 0.9411963224411011, 0.9059520959854126, 0.8766365051269531, 0.8516059517860413, 0.8293123245239258, 0.8088476061820984], "ensemble_no_transfer_learning_ensemble_accuracy": [0.5564285516738892, 0.6246131062507629, 0.6475297808647156, 0.6646130681037903, 0.6784226298332214, 0.6889583468437195, 0.6988095045089722, 0.7075892686843872, 0.714077353477478, 0.7212202548980713], "ensemble_no_transfer_learning_ensemble_val_loss": [1.217007040977478, 1.1520578861236572, 1.124045968055725, 1.0741337537765503, 1.041174292564392, 1.0131335258483887, 1.0308926105499268, 0.9614042043685913, 0.9612793922424316, 0.9587685465812683], "ensemble_no_transfer_learning_ensemble_val_accuracy": [0.59375, 0.5991071462631226, 0.6035714149475098, 0.6241071224212646, 0.6151785850524902, 0.6392857432365417, 0.6321428418159485, 0.6580356955528259, 0.6580356955528259, 0.6598214507102966]}