{"ensemble_loss": [0.6133426427841187, 0.5115616321563721, 0.4557986557483673, 0.4097815454006195, 0.3713141083717346, 0.339145690202713, 0.31086936593055725, 0.2869079113006592, 0.26680222153663635, 0.24938006699085236], "ensemble_accuracy": [0.6431818008422852, 0.875, 0.9159091114997864, 0.9403409361839294, 0.9522727131843567, 0.9622159004211426, 0.9670454263687134, 0.9710227251052856, 0.9727272987365723, 0.9744318127632141], "ensemble_val_loss": [0.5876070261001587, 0.5166456699371338, 0.45306727290153503, 0.40508317947387695, 0.3706642687320709, 0.33817148208618164, 0.3045015037059784, 0.2754207253456116, 0.254914253950119, 0.2372661679983139], "ensemble_val_accuracy": [0.8141592741012573, 0.8318583965301514, 0.8761062026023865, 0.9292035102844238, 0.9557521939277649, 0.9734513163566589, 0.9734513163566589, 0.9734513163566589, 0.9734513163566589, 0.9734513163566589], "ensemble_no_transfer_learning_ensemble_loss": [0.4575614929199219, 0.25020548701286316, 0.16258005797863007, 0.12053392082452774, 0.09547798335552216, 0.08002828061580658, 0.07013823837041855, 0.06207040324807167, 0.056793712079524994, 0.051676589995622635], "ensemble_no_transfer_learning_ensemble_accuracy": [0.840624988079071, 0.9593750238418579, 0.9764204621315002, 0.9823863506317139, 0.9838067889213562, 0.9863636493682861, 0.9883522987365723, 0.9894886612892151, 0.9900568127632141, 0.9911931753158569], "ensemble_no_transfer_learning_ensemble_val_loss": [0.8069722652435303, 1.1913145780563354, 1.005368947982788, 0.5843445062637329, 0.36149027943611145, 0.3267916738986969, 0.24383486807346344, 0.17769816517829895, 0.1326313316822052, 0.14329218864440918], "ensemble_no_transfer_learning_ensemble_val_accuracy": [0.4336283206939697, 0.4336283206939697, 0.4336283206939697, 0.6725663542747498, 0.9026548862457275, 0.7964601516723633, 0.9026548862457275, 0.9115044474601746, 0.9292035102844238, 0.9380530714988708]}