{"baseline_loss": [2.9305436611175537, 2.11694598197937, 1.7579610347747803, 1.5335696935653687, 1.3873735666275024, 1.2776858806610107, 1.190140724182129, 1.1262081861495972, 1.0696055889129639, 1.0190402269363403], "baseline_accuracy": [0.27160805463790894, 0.41973933577537537, 0.4864792823791504, 0.5331815481185913, 0.5657820105552673, 0.5904836654663086, 0.6119582056999207, 0.6298366785049438, 0.6452575325965881, 0.6600894927978516], "baseline_val_loss": [2.462275505065918, 1.9994186162948608, 1.7672799825668335, 1.5990777015686035, 1.5023058652877808, 1.4459054470062256, 1.4534227848052979, 1.424249529838562, 1.310745358467102, 1.3938076496124268], "baseline_val_accuracy": [0.32373082637786865, 0.3860684633255005, 0.4174734354019165, 0.4536009430885315, 0.43305784463882446, 0.4488784074783325, 0.45855963230133057, 0.4727272689342499, 0.4708382487297058, 0.4514757990837097]}