{"ensemble_loss": [2.1023988723754883, 1.8359111547470093, 1.7264354228973389, 1.6514374017715454, 1.5938851833343506, 1.5467268228530884, 1.5067846775054932, 1.4723042249679565, 1.4419623613357544, 1.4145774841308594], "ensemble_accuracy": [0.32929688692092896, 0.532421886920929, 0.5803385376930237, 0.6069010496139526, 0.6252604126930237, 0.6388021111488342, 0.6486979126930237, 0.6598958373069763, 0.6686198115348816, 0.6772135496139526], "ensemble_val_loss": [1.98489248752594, 1.8410837650299072, 1.7477644681930542, 1.6809782981872559, 1.630018711090088, 1.588281512260437, 1.5539065599441528, 1.5234159231185913, 1.4968547821044922, 1.4728319644927979], "ensemble_val_accuracy": [0.40400001406669617, 0.4959999918937683, 0.5720000267028809, 0.6159999966621399, 0.6159999966621399, 0.6200000047683716, 0.6320000290870667, 0.6480000019073486, 0.6639999747276306, 0.6639999747276306], "ensemble_no_transfer_learning_ensemble_loss": [1.7555320262908936, 1.4446160793304443, 1.2907047271728516, 1.179992437362671, 1.0945831537246704, 1.0248435735702515, 0.9658862352371216, 0.9153732657432556, 0.8715212345123291, 0.8326669335365295], "ensemble_no_transfer_learning_ensemble_accuracy": [0.5375000238418579, 0.6636718511581421, 0.7072916626930237, 0.735156238079071, 0.755078136920929, 0.774609386920929, 0.7904947996139526, 0.8022135496139526, 0.8115885257720947, 0.822265625], "ensemble_no_transfer_learning_ensemble_val_loss": [2.33314847946167, 1.8962939977645874, 1.5305317640304565, 1.4098217487335205, 1.3276504278182983, 1.259255051612854, 1.2055331468582153, 1.1555485725402832, 1.1207115650177002, 1.0822664499282837], "ensemble_no_transfer_learning_ensemble_val_accuracy": [0.19200000166893005, 0.47999998927116394, 0.5680000185966492, 0.5960000157356262, 0.6119999885559082, 0.6320000290870667, 0.671999990940094, 0.6880000233650208, 0.6840000152587891, 0.7120000123977661]}