{"baseline_loss": [1.968392014503479, 1.7969255447387695, 1.7262203693389893, 1.675602674484253, 1.6349807977676392, 1.6043936014175415, 1.57871413230896, 1.553368330001831, 1.543670892715454, 1.5384395122528076], "baseline_accuracy": [0.1708984375, 0.24257811903953552, 0.29511719942092896, 0.3226562440395355, 0.34589844942092896, 0.3609375059604645, 0.36542969942092896, 0.37089842557907104, 0.3666015565395355, 0.37285155057907104], "baseline_val_loss": [1.974692463874817, 1.833417296409607, 1.7848172187805176, 1.733047604560852, 1.6988911628723145, 1.671913743019104, 1.6353778839111328, 1.64987313747406, 1.5995014905929565, 1.6112933158874512], "baseline_val_accuracy": [0.16564416885375977, 0.2638036906719208, 0.33742332458496094, 0.30674847960472107, 0.34355828166007996, 0.2760736048221588, 0.3742331266403198, 0.3190183937549591, 0.3680981695652008, 0.3190183937549591], "baseline_no_transfer_learning_base_loss": [1.9046356678009033, 1.8490409851074219, 1.8101091384887695, 1.7306007146835327, 1.6203628778457642, 1.5141878128051758, 1.4416974782943726, 1.4111764430999756, 1.3810234069824219, 1.354079246520996], "baseline_no_transfer_learning_base_accuracy": [0.2109375, 0.2601562440395355, 0.2925781309604645, 0.3466796875, 0.3775390684604645, 0.4281249940395355, 0.4703125059604645, 0.4847656190395355, 0.4917968809604645, 0.5082031488418579], "baseline_no_transfer_learning_base_val_loss": [1.9507534503936768, 2.1031036376953125, 2.0403025150299072, 1.8371624946594238, 3.5683631896972656, 3.9176576137542725, 1.5556143522262573, 2.4469542503356934, 2.4550342559814453, 1.6733413934707642], "baseline_no_transfer_learning_base_val_accuracy": [0.2269938588142395, 0.1840490847826004, 0.1779141128063202, 0.33128833770751953, 0.11042945086956024, 0.11042945086956024, 0.3987730145454407, 0.11042945086956024, 0.12883435189723969, 0.2822085916996002]}