{"baseline_loss": [3.179530382156372, 2.346609354019165, 1.9066561460494995, 1.6257485151290894, 1.4342634677886963, 1.296733021736145, 1.198964238166809, 1.1076016426086426, 1.0448471307754517, 0.9908414483070374], "baseline_accuracy": [0.289605975151062, 0.48780569434165955, 0.5581352114677429, 0.599830150604248, 0.6306555867195129, 0.6567255258560181, 0.676919162273407, 0.698641300201416, 0.712890625, 0.723726212978363], "baseline_val_loss": [2.8146462440490723, 2.2209506034851074, 1.9629048109054565, 1.7586274147033691, 1.5883159637451172, 1.504647970199585, 1.393490195274353, 1.3510264158248901, 1.3143036365509033, 1.2363556623458862], "baseline_val_accuracy": [0.36079835891723633, 0.4651995897293091, 0.5051177144050598, 0.5307062268257141, 0.5603889226913452, 0.5547594428062439, 0.5931422710418701, 0.6238484978675842, 0.5839303731918335, 0.6310133337974548]}