{"ensemble_loss": [0.883180558681488, 0.719394862651825, 0.6838278770446777, 0.6679878830909729, 0.6580730676651001, 0.6511200666427612, 0.6456909775733948, 0.6411437392234802, 0.6371519565582275, 0.6336595416069031], "ensemble_accuracy": [0.6211538314819336, 0.7052884697914124, 0.7122595906257629, 0.713942289352417, 0.7144230604171753, 0.7175480723381042, 0.7189903855323792, 0.720432698726654, 0.7221153974533081, 0.7242788672447205], "ensemble_val_loss": [0.8223700523376465, 0.7419801354408264, 0.7073807120323181, 0.6916553378105164, 0.6835875511169434, 0.6782999634742737, 0.6748619675636292, 0.6725509166717529, 0.6698667407035828, 0.6672915816307068], "ensemble_val_accuracy": [0.7050359845161438, 0.6906474828720093, 0.7050359845161438, 0.7050359845161438, 0.7050359845161438, 0.7050359845161438, 0.7050359845161438, 0.7050359845161438, 0.7050359845161438, 0.7050359845161438], "ensemble_no_transfer_learning_ensemble_loss": [0.7053762674331665, 0.6265047788619995, 0.6120410561561584, 0.5995104908943176, 0.5864236950874329, 0.5731477737426758, 0.5596305727958679, 0.5457704067230225, 0.5314260721206665, 0.5154113173484802], "ensemble_no_transfer_learning_ensemble_accuracy": [0.7038461565971375, 0.720432698726654, 0.7310096025466919, 0.7372596263885498, 0.7456730604171753, 0.7528846263885498, 0.7586538195610046, 0.7675480842590332, 0.7769230604171753, 0.7896634340286255], "ensemble_no_transfer_learning_ensemble_val_loss": [1.331244707107544, 2.186110734939575, 2.2359061241149902, 1.5601553916931152, 1.0811539888381958, 0.9116020202636719, 0.8628973364830017, 0.8873003125190735, 0.8063826560974121, 0.8077571988105774], "ensemble_no_transfer_learning_ensemble_val_accuracy": [0.3525179922580719, 0.3525179922580719, 0.3525179922580719, 0.35971224308013916, 0.6258992552757263, 0.6258992552757263, 0.6402877569198608, 0.633093535900116, 0.633093535900116, 0.633093535900116]}