{"baseline_loss": [0.6345903277397156, 0.385122686624527, 0.29352959990501404, 0.238638773560524, 0.2044001966714859, 0.17719951272010803, 0.1623697578907013, 0.13533726334571838, 0.1251014918088913, 0.10841549187898636], "baseline_accuracy": [0.6210227012634277, 0.8909090757369995, 0.9664772748947144, 0.9792613387107849, 0.9815340638160706, 0.9849432110786438, 0.9798295497894287, 0.9877840876579285, 0.9832386374473572, 0.987500011920929], "baseline_val_loss": [0.529636025428772, 0.36784031987190247, 0.3076035976409912, 0.2555137574672699, 0.21675990521907806, 0.17442919313907623, 0.15278197824954987, 0.13452255725860596, 0.11675641685724258, 0.10705703496932983], "baseline_val_accuracy": [0.769911527633667, 0.9469026327133179, 0.9469026327133179, 0.9469026327133179, 0.991150438785553, 0.991150438785553, 1.0, 0.991150438785553, 1.0, 1.0], "baseline_no_transfer_learning_base_loss": [0.4346323311328888, 0.2398110330104828, 0.15862536430358887, 0.11503006517887115, 0.08487860858440399, 0.0710272490978241, 0.06437090784311295, 0.05007098242640495, 0.042956240475177765, 0.03639138862490654], "baseline_no_transfer_learning_base_accuracy": [0.8392045497894287, 0.9468749761581421, 0.9696022868156433, 0.9795454740524292, 0.9857954382896423, 0.9892045259475708, 0.9897727370262146, 0.9923295378684998, 0.9940341114997864, 0.9946022629737854], "baseline_no_transfer_learning_base_val_loss": [0.6893889307975769, 0.6514264941215515, 0.625404953956604, 0.5316019058227539, 0.268105149269104, 0.12832827866077423, 0.07828983664512634, 0.06030455604195595, 0.08414169400930405, 0.12876054644584656], "baseline_no_transfer_learning_base_val_accuracy": [0.4955752193927765, 0.6017699241638184, 0.6637167930603027, 0.6194690465927124, 0.982300877571106, 0.982300877571106, 0.982300877571106, 0.982300877571106, 0.9734513163566589, 0.9292035102844238]}