{"ensemble_loss": [1.524245023727417, 1.2115614414215088, 1.0772970914840698, 0.9940531849861145, 0.9342160820960999, 0.8888209462165833, 0.8515951633453369, 0.8194833397865295, 0.7915412783622742, 0.7665895819664001], "ensemble_accuracy": [0.4213068187236786, 0.6502841114997864, 0.7707386612892151, 0.840056836605072, 0.8681818246841431, 0.8880681991577148, 0.8980113863945007, 0.9051136374473572, 0.9105113744735718, 0.9164772629737854], "ensemble_val_loss": [1.4696251153945923, 1.2557169198989868, 1.1484196186065674, 1.0674902200698853, 1.0121285915374756, 0.9651735424995422, 0.9194790720939636, 0.8840120434761047, 0.8545855283737183, 0.8263402581214905], "ensemble_val_accuracy": [0.37837839126586914, 0.5135135054588318, 0.630630612373352, 0.7117117047309875, 0.7117117047309875, 0.7207207083702087, 0.7207207083702087, 0.7657657861709595, 0.8018018007278442, 0.8288288116455078], "ensemble_no_transfer_learning_ensemble_loss": [1.3040454387664795, 0.983327329158783, 0.8155014514923096, 0.6987598538398743, 0.6143844127655029, 0.5470889210700989, 0.49014654755592346, 0.4428715407848358, 0.4035775363445282, 0.37026646733283997], "ensemble_no_transfer_learning_ensemble_accuracy": [0.606249988079071, 0.8042613863945007, 0.8619318008422852, 0.903124988079071, 0.9235795736312866, 0.9397727251052856, 0.9485795497894287, 0.9585227370262146, 0.965624988079071, 0.9710227251052856], "ensemble_no_transfer_learning_ensemble_val_loss": [2.070584297180176, 2.844219923019409, 3.4121580123901367, 3.1632726192474365, 2.3466947078704834, 1.2563267946243286, 0.7607214450836182, 0.5870140194892883, 0.5179755687713623, 0.48992428183555603], "ensemble_no_transfer_learning_ensemble_val_accuracy": [0.1621621549129486, 0.1621621549129486, 0.1621621549129486, 0.1621621549129486, 0.1621621549129486, 0.4954954981803894, 0.7387387156486511, 0.9009009003639221, 0.9189189076423645, 0.954954981803894]}