{"baseline_loss": [2.215301036834717, 1.6169867515563965, 1.339555263519287, 1.1495054960250854, 1.0057319402694702, 0.8956990838050842, 0.8013482689857483, 0.7314262986183167, 0.6738723516464233, 0.6224240064620972], "baseline_accuracy": [0.41001275181770325, 0.5914540886878967, 0.6646258234977722, 0.7083333134651184, 0.7422406673431396, 0.770875871181488, 0.7941751480102539, 0.808971107006073, 0.8249149918556213, 0.8349277377128601], "baseline_val_loss": [1.9200817346572876, 1.6024543046951294, 1.3690383434295654, 1.2371059656143188, 1.0842301845550537, 1.0348066091537476, 1.012067437171936, 0.9057006239891052, 0.8979727029800415, 0.9379622340202332], "baseline_val_accuracy": [0.5150159597396851, 0.6306709051132202, 0.6389776468276978, 0.6530351638793945, 0.7118210792541504, 0.7073482275009155, 0.6741213798522949, 0.7431309819221497, 0.7418530583381653, 0.7041533589363098]}