{"baseline_loss": [1.8023052215576172, 1.3847179412841797, 1.2259081602096558, 1.1076198816299438, 1.0387377738952637, 0.9835975766181946, 0.9509895443916321, 0.9201030731201172, 0.8844205141067505, 0.8388246297836304], "baseline_accuracy": [0.345703125, 0.565625011920929, 0.67578125, 0.772656261920929, 0.802734375, 0.796093761920929, 0.798046886920929, 0.818359375, 0.854687511920929, 0.858203113079071], "baseline_val_loss": [1.7622562646865845, 1.324306845664978, 1.1176625490188599, 1.004787802696228, 0.9262809753417969, 0.8749796152114868, 0.8192118406295776, 0.7884529232978821, 0.747774064540863, 0.7128841876983643], "baseline_val_accuracy": [0.44736841320991516, 0.6184210777282715, 0.6447368264198303, 0.7368420958518982, 0.7368420958518982, 0.7631579041481018, 0.8026315569877625, 0.8421052694320679, 0.8421052694320679, 0.8684210777282715], "baseline_no_transfer_learning_base_loss": [1.3925644159317017, 1.1362049579620361, 1.0288777351379395, 0.9544846415519714, 0.8943670392036438, 0.8468208312988281, 0.8075689077377319, 0.7715818285942078, 0.7390061616897583, 0.7097048759460449], "baseline_no_transfer_learning_base_accuracy": [0.561328113079071, 0.6890624761581421, 0.7421875, 0.7816406488418579, 0.8003906011581421, 0.819531261920929, 0.8265625238418579, 0.8414062261581421, 0.8550781011581421, 0.866015613079071], "baseline_no_transfer_learning_base_val_loss": [1.8511255979537964, 2.089017868041992, 2.1588268280029297, 1.9543248414993286, 1.6035696268081665, 1.2739838361740112, 1.071933627128601, 0.946220874786377, 0.8729192018508911, 0.8082064390182495], "baseline_no_transfer_learning_base_val_accuracy": [0.21052631735801697, 0.21052631735801697, 0.25, 0.28947368264198303, 0.3815789520740509, 0.5921052694320679, 0.6842105388641357, 0.75, 0.75, 0.7763158082962036]}