{"baseline_loss": [3.286228656768799, 2.952291965484619, 2.7775378227233887, 2.68068528175354, 2.5555951595306396, 2.4880433082580566, 2.4384686946868896, 2.406646966934204, 2.3609185218811035, 2.308218002319336], "baseline_accuracy": [0.046875, 0.10039062798023224, 0.21210937201976776, 0.25859373807907104, 0.2984375059604645, 0.318359375, 0.34765625, 0.3402343690395355, 0.37968748807907104, 0.404296875], "baseline_val_loss": [3.197626829147339, 2.9886631965637207, 2.848278522491455, 2.7646992206573486, 2.68223237991333, 2.6164097785949707, 2.582406520843506, 2.528756618499756, 2.48935604095459, 2.4551584720611572], "baseline_val_accuracy": [0.08235294371843338, 0.11764705926179886, 0.23529411852359772, 0.20000000298023224, 0.2823529541492462, 0.2823529541492462, 0.2705882489681244, 0.24705882370471954, 0.34117648005485535, 0.3294117748737335], "baseline_no_transfer_learning_base_loss": [3.0173346996307373, 2.777778148651123, 2.6524240970611572, 2.5486950874328613, 2.46258282661438, 2.388124465942383, 2.324704647064209, 2.2669625282287598, 2.21260142326355, 2.163201332092285], "baseline_no_transfer_learning_base_accuracy": [0.11601562798023224, 0.22031250596046448, 0.326171875, 0.38945311307907104, 0.4261718690395355, 0.4605468809604645, 0.47968751192092896, 0.49726563692092896, 0.5074218511581421, 0.5249999761581421], "baseline_no_transfer_learning_base_val_loss": [3.3396189212799072, 3.3546149730682373, 3.260989189147949, 3.0834009647369385, 2.904897451400757, 2.7114293575286865, 2.5426080226898193, 2.370516061782837, 2.24182391166687, 2.166386127471924], "baseline_no_transfer_learning_base_val_accuracy": [0.0117647061124444, 0.0235294122248888, 0.0235294122248888, 0.0941176488995552, 0.15294118225574493, 0.24705882370471954, 0.38823530077934265, 0.4588235318660736, 0.4588235318660736, 0.4588235318660736]}