{"ensemble_loss": [1.3647007942199707, 0.9320772886276245, 0.7627388834953308, 0.6577536463737488, 0.5791882872581482, 0.5204272270202637, 0.47428640723228455, 0.43679583072662354, 0.4066350758075714, 0.3811793029308319], "ensemble_accuracy": [0.6302083134651184, 0.7810184955596924, 0.8275462985038757, 0.8502314686775208, 0.8684027791023254, 0.882060170173645, 0.8927083611488342, 0.8993055820465088, 0.9072916507720947, 0.9135416746139526], "ensemble_val_loss": [2.251310348510742, 1.1231945753097534, 0.8346604704856873, 0.7626495361328125, 0.7161102294921875, 0.6962622404098511, 0.6758132576942444, 0.6607999205589294, 0.6418336629867554, 0.620693564414978], "ensemble_val_accuracy": [0.21678321063518524, 0.7062937021255493, 0.751748263835907, 0.7692307829856873, 0.7692307829856873, 0.7587412595748901, 0.751748263835907, 0.7622377872467041, 0.7657342553138733, 0.7937062978744507]}