{"base_loss": [2.906481981277466, 2.675645589828491, 2.552884817123413, 2.4626243114471436, 2.387991428375244, 2.320828437805176, 2.259209156036377, 2.2030599117279053, 2.151094675064087, 2.102077007293701], "base_accuracy": [0.15852272510528564, 0.24857954680919647, 0.298721581697464, 0.3257102370262146, 0.34715908765792847, 0.36761364340782166, 0.38721591234207153, 0.4032670557498932, 0.42386364936828613, 0.43948864936828613], "base_val_loss": [3.2702133655548096, 3.1490061283111572, 2.8374781608581543, 2.69897723197937, 2.645986318588257, 2.611719846725464, 2.5798208713531494, 2.550980806350708, 2.5290539264678955, 2.5030276775360107], "base_val_accuracy": [0.06167401000857353, 0.06167401000857353, 0.21145375072956085, 0.23348017036914825, 0.2511013150215149, 0.2819383144378662, 0.2819383144378662, 0.2687224745750427, 0.25550660490989685, 0.303964763879776]}