{"ensemble_loss": [0.6866186857223511, 0.6732771396636963, 0.6647328734397888, 0.6576403379440308, 0.6513975262641907, 0.6458340883255005, 0.6407840847969055, 0.6361722350120544, 0.6319350004196167, 0.6280194520950317], "ensemble_accuracy": [0.526562511920929, 0.594531238079071, 0.640625, 0.6640625, 0.6875, 0.692187488079071, 0.6968749761581421, 0.7046874761581421, 0.7109375, 0.714062511920929], "ensemble_val_loss": [0.6878699064254761, 0.6874068975448608, 0.685674786567688, 0.6836024522781372, 0.6837455630302429, 0.6866986155509949, 0.6906098127365112, 0.6961533427238464, 0.7012297511100769, 0.7042136192321777], "ensemble_val_accuracy": [0.5625, 0.5625, 0.5625, 0.5625, 0.59375, 0.59375, 0.46875, 0.5, 0.5625, 0.5], "ensemble_no_transfer_learning_ensemble_loss": [0.6859235167503357, 0.671162486076355, 0.6599836945533752, 0.6477874517440796, 0.6348901987075806, 0.6193071603775024, 0.6040254235267639, 0.5875284075737, 0.5719324946403503, 0.5549306273460388], "ensemble_no_transfer_learning_ensemble_accuracy": [0.542187511920929, 0.6031249761581421, 0.635937511920929, 0.66796875, 0.7007812261581421, 0.7281249761581421, 0.764843761920929, 0.7875000238418579, 0.8031250238418579, 0.8187500238418579], "ensemble_no_transfer_learning_ensemble_val_loss": [0.6983357071876526, 0.7261214256286621, 0.7787877321243286, 0.8337377309799194, 0.8889296650886536, 0.9181900024414062, 0.9325005412101746, 0.9023802280426025, 0.829980731010437, 0.7964382171630859], "ensemble_no_transfer_learning_ensemble_val_accuracy": [0.46875, 0.46875, 0.46875, 0.46875, 0.46875, 0.46875, 0.46875, 0.46875, 0.46875, 0.46875]}