{"baseline_loss": [0.7374385595321655, 0.6144474148750305, 0.5808557271957397, 0.5366953611373901, 0.5201049447059631, 0.5098252892494202, 0.5014223456382751, 0.4938534200191498, 0.46974170207977295, 0.4645812511444092], "baseline_accuracy": [0.4933035671710968, 0.7415178418159485, 0.7589285969734192, 0.7830356955528259, 0.7955357432365417, 0.7830356955528259, 0.7910714149475098, 0.7879464030265808, 0.8209821581840515, 0.809374988079071], "baseline_val_loss": [0.8404663801193237, 0.6750583648681641, 0.6502864360809326, 0.596584141254425, 0.5795910358428955, 0.5624808669090271, 0.5724563598632812, 0.5448746681213379, 0.541239857673645, 0.5382311344146729], "baseline_val_accuracy": [0.4615384638309479, 0.5230769515037537, 0.6307692527770996, 0.7230769395828247, 0.7692307829856873, 0.7230769395828247, 0.800000011920929, 0.7230769395828247, 0.7384615540504456, 0.7538461685180664], "baseline_no_transfer_learning_base_loss": [0.5820522308349609, 0.5179676413536072, 0.49906039237976074, 0.4859926998615265, 0.4772334098815918, 0.4692409038543701, 0.4611152112483978, 0.45566245913505554, 0.4489344656467438, 0.44438838958740234], "baseline_no_transfer_learning_base_accuracy": [0.6642857193946838, 0.715624988079071, 0.7330357432365417, 0.746874988079071, 0.7535714507102966, 0.768750011920929, 0.7709821462631226, 0.7772321701049805, 0.7816964387893677, 0.784375011920929], "baseline_no_transfer_learning_base_val_loss": [0.740260660648346, 0.8260194659233093, 0.8208209872245789, 0.7720937728881836, 0.7780836224555969, 0.752396821975708, 0.7000473737716675, 0.6921356320381165, 0.638117253780365, 0.6355966925621033], "baseline_no_transfer_learning_base_val_accuracy": [0.4923076927661896, 0.4923076927661896, 0.4923076927661896, 0.4923076927661896, 0.4153846204280853, 0.5538461804389954, 0.6153846383094788, 0.6769230961799622, 0.692307710647583, 0.692307710647583]}