{"ensemble_loss": [1.6571552753448486, 1.4233732223510742, 1.334383487701416, 1.2792364358901978, 1.2399804592132568, 1.2095870971679688, 1.1847859621047974, 1.1637576818466187, 1.145451307296753, 1.1292589902877808], "ensemble_accuracy": [0.43238094449043274, 0.5452976226806641, 0.5793750286102295, 0.5961309671401978, 0.6093154549598694, 0.6186309456825256, 0.6278571486473083, 0.6344642639160156, 0.6395833492279053, 0.6452678442001343], "ensemble_val_loss": [1.5276455879211426, 1.4064232110977173, 1.3405897617340088, 1.2971667051315308, 1.265473484992981, 1.2416377067565918, 1.2219611406326294, 1.2049733400344849, 1.1905670166015625, 1.1780606508255005], "ensemble_val_accuracy": [0.5035714507102966, 0.5383928418159485, 0.5491071343421936, 0.5589285492897034, 0.5687500238418579, 0.5732142925262451, 0.5794642567634583, 0.5848214030265808, 0.5874999761581421, 0.5901785492897034], "ensemble_no_transfer_learning_ensemble_loss": [1.3457833528518677, 1.1262050867080688, 1.042443037033081, 0.985806941986084, 0.9411963224411011, 0.9059520959854126, 0.8766365051269531, 0.8516059517860413, 0.8293123245239258, 0.8088476061820984], "ensemble_no_transfer_learning_ensemble_accuracy": [0.5564285516738892, 0.6246131062507629, 0.6475297808647156, 0.6646130681037903, 0.6784226298332214, 0.6889583468437195, 0.6988095045089722, 0.7075892686843872, 0.714077353477478, 0.7212202548980713], "ensemble_no_transfer_learning_ensemble_val_loss": [1.217007040977478, 1.1520578861236572, 1.124045968055725, 1.0741337537765503, 1.041174292564392, 1.0131335258483887, 1.0308926105499268, 0.9614042043685913, 0.9612793922424316, 0.9587685465812683], "ensemble_no_transfer_learning_ensemble_val_accuracy": [0.59375, 0.5991071462631226, 0.6035714149475098, 0.6241071224212646, 0.6151785850524902, 0.6392857432365417, 0.6321428418159485, 0.6580356955528259, 0.6580356955528259, 0.6598214507102966]}