{"baseline_loss": [1.2289841175079346, 0.8243171572685242, 0.649145245552063, 0.5485262870788574, 0.4721619486808777, 0.433535099029541, 0.36626213788986206, 0.33244216442108154, 0.313516229391098, 0.2855128049850464], "baseline_accuracy": [0.541796863079071, 0.7378906011581421, 0.813281238079071, 0.860156238079071, 0.903124988079071, 0.917187511920929, 0.944140613079071, 0.951953113079071, 0.9554687738418579, 0.9664062261581421], "baseline_val_loss": [1.5361815690994263, 1.0356945991516113, 0.7102378606796265, 0.5445227026939392, 0.4352862536907196, 0.37680575251579285, 0.32309603691101074, 0.28937384486198425, 0.2593536376953125, 0.24048548936843872], "baseline_val_accuracy": [0.18518517911434174, 0.5925925970077515, 0.8641975522041321, 0.9382715821266174, 0.9506173133850098, 0.9753086566925049, 0.9876543283462524, 0.9876543283462524, 1.0, 0.9876543283462524], "baseline_no_transfer_learning_base_loss": [1.1736128330230713, 0.8426003456115723, 0.6300244331359863, 0.5027357935905457, 0.42169255018234253, 0.36439186334609985, 0.3175240457057953, 0.28606176376342773, 0.25335219502449036, 0.22187776863574982], "baseline_no_transfer_learning_base_accuracy": [0.6585937738418579, 0.8199218511581421, 0.9007812738418579, 0.9476562738418579, 0.9585937261581421, 0.96484375, 0.9671875238418579, 0.970703125, 0.973437488079071, 0.9765625], "baseline_no_transfer_learning_base_val_loss": [1.3817822933197021, 1.8422572612762451, 3.4921724796295166, 5.98232364654541, 7.563558578491211, 6.838778495788574, 4.452225208282471, 2.012859344482422, 0.5766689777374268, 0.2603681981563568], "baseline_no_transfer_learning_base_val_accuracy": [0.34567901492118835, 0.34567901492118835, 0.34567901492118835, 0.34567901492118835, 0.34567901492118835, 0.34567901492118835, 0.3086419701576233, 0.4691357910633087, 0.7160493731498718, 1.0]}