{"baseline_loss": [0.5848608016967773, 0.5077234506607056, 0.4730081856250763, 0.4459441304206848, 0.4223826229572296, 0.4039347767829895, 0.38581570982933044, 0.3679340183734894, 0.3593983054161072, 0.34443825483322144], "baseline_accuracy": [0.7166265845298767, 0.801522433757782, 0.823637843132019, 0.8435496687889099, 0.8596153855323792, 0.8639423251152039, 0.8716346025466919, 0.8825320601463318, 0.8832532167434692, 0.8910256624221802], "baseline_val_loss": [0.5431246161460876, 0.518079400062561, 0.49457502365112305, 0.5050861239433289, 0.41847676038742065, 0.4019542336463928, 0.4111153781414032, 0.41099902987480164, 0.3518965542316437, 0.34993478655815125], "baseline_val_accuracy": [0.8145454525947571, 0.7636363506317139, 0.7890909314155579, 0.7115151286125183, 0.8690909147262573, 0.8739393949508667, 0.8436363339424133, 0.8060606122016907, 0.903030276298523, 0.8872727155685425], "baseline_no_transfer_learning_base_loss": [0.6380168199539185, 0.5773206949234009, 0.5341668725013733, 0.5021962523460388, 0.4748438596725464, 0.45156458020210266, 0.4352501928806305, 0.41642260551452637, 0.4004056453704834, 0.3896973133087158], "baseline_no_transfer_learning_base_accuracy": [0.6340945363044739, 0.7133013010025024, 0.7527243494987488, 0.7729166746139526, 0.7888621687889099, 0.8021233677864075, 0.8103765845298767, 0.8214343190193176, 0.8276442289352417, 0.832932710647583], "baseline_no_transfer_learning_base_val_loss": [0.6197183132171631, 0.9277942180633545, 0.5834956169128418, 1.232182502746582, 0.5775536894798279, 0.42055022716522217, 0.5534300804138184, 1.8709919452667236, 2.08298659324646, 1.306077003479004], "baseline_no_transfer_learning_base_val_accuracy": [0.6678788065910339, 0.5272727012634277, 0.6703030467033386, 0.5187878608703613, 0.6678788065910339, 0.8145454525947571, 0.6703030467033386, 0.5090909004211426, 0.5090909004211426, 0.5260605812072754]}