{"ensemble_loss": [0.6595233082771301, 0.6352306604385376, 0.6216636300086975, 0.6108558773994446, 0.6019651293754578, 0.5944212675094604, 0.5872156023979187, 0.5796772837638855, 0.5734384059906006, 0.5672330856323242], "ensemble_accuracy": [0.6221590638160706, 0.658143937587738, 0.6740530133247375, 0.6846590638160706, 0.6934658885002136, 0.6982954740524292, 0.706344723701477, 0.7136363387107849, 0.7179924249649048, 0.7214015126228333], "ensemble_val_loss": [0.683591902256012, 0.6530235409736633, 0.6479554772377014, 0.6395590901374817, 0.6351619362831116, 0.6362137198448181, 0.630138099193573, 0.6460002064704895, 0.6119829416275024, 0.6043624877929688], "ensemble_val_accuracy": [0.5393586158752441, 0.6618075966835022, 0.6268221735954285, 0.6851311922073364, 0.6851311922073364, 0.6326530575752258, 0.6647230386734009, 0.5218659043312073, 0.7405247688293457, 0.7172011733055115], "ensemble_no_transfer_learning_ensemble_loss": [0.6766202449798584, 0.6690128445625305, 0.665117084980011, 0.6609921455383301, 0.6529682874679565, 0.6415989995002747, 0.6295391917228699, 0.6129670739173889, 0.5990085601806641, 0.5874559283256531], "ensemble_no_transfer_learning_ensemble_accuracy": [0.5669507384300232, 0.5810605883598328, 0.5897727012634277, 0.5978219509124756, 0.6150568127632141, 0.6345643997192383, 0.6532196998596191, 0.6765151619911194, 0.6933712363243103, 0.703125], "ensemble_no_transfer_learning_ensemble_val_loss": [0.7464409470558167, 0.657151460647583, 0.6617709398269653, 0.642535388469696, 0.6303641200065613, 0.6263373494148254, 0.6397184729576111, 0.5769686102867126, 0.5773328542709351, 0.5859243273735046], "ensemble_no_transfer_learning_ensemble_val_accuracy": [0.5043731927871704, 0.6209912300109863, 0.615160346031189, 0.6384839415550232, 0.6501457691192627, 0.7201166152954102, 0.495626837015152, 0.7142857313156128, 0.6851311922073364, 0.7405247688293457]}