{"baseline_loss": [4.272819995880127, 3.738374710083008, 3.4030749797821045, 3.0860090255737305, 2.8106744289398193, 2.5678884983062744, 2.337851047515869, 2.1630795001983643, 1.9952621459960938, 1.8482671976089478], "baseline_accuracy": [0.061691176146268845, 0.15966911613941193, 0.2611764669418335, 0.36036765575408936, 0.4407352805137634, 0.4955514669418335, 0.540551483631134, 0.576764702796936, 0.6122426390647888, 0.6365073323249817], "baseline_val_loss": [3.931201696395874, 3.5574145317077637, 3.218623638153076, 3.0489234924316406, 2.7445430755615234, 2.567657947540283, 2.410430669784546, 2.4673402309417725, 2.3423397541046143, 1.9495410919189453], "baseline_val_accuracy": [0.0904017835855484, 0.1796875, 0.2901785671710968, 0.2488839328289032, 0.3883928656578064, 0.3794642984867096, 0.3794642984867096, 0.3794642984867096, 0.3270089328289032, 0.5457589030265808]}