{"base_loss": [3.0429329872131348, 2.7919163703918457, 2.657822847366333, 2.5616230964660645, 2.480823040008545, 2.4145712852478027, 2.3561863899230957, 2.301266670227051, 2.248728036880493, 2.199906349182129], "base_accuracy": [0.14882811903953552, 0.255859375, 0.3460937440395355, 0.4222656190395355, 0.48046875, 0.515625, 0.533203125, 0.555859386920929, 0.561328113079071, 0.575390636920929], "base_val_loss": [3.2612481117248535, 3.2787561416625977, 3.2421624660491943, 3.130422830581665, 2.9518215656280518, 2.7445406913757324, 2.5266129970550537, 2.3694448471069336, 2.2701642513275146, 2.2060506343841553], "base_val_accuracy": [0.07058823853731155, 0.07058823853731155, 0.10588235408067703, 0.0941176488995552, 0.1411764770746231, 0.23529411852359772, 0.29411765933036804, 0.4117647111415863, 0.4470588266849518, 0.47058823704719543]}