{"baseline_loss": [2.7477612495422363, 1.9096300601959229, 1.490344762802124, 1.2422027587890625, 1.0770188570022583, 0.9545409083366394, 0.8713498115539551, 0.8006848096847534, 0.7442765235900879, 0.6959524750709534], "baseline_accuracy": [0.3663269877433777, 0.5661231875419617, 0.6380661129951477, 0.676019012928009, 0.7125905752182007, 0.7359601259231567, 0.7464674115180969, 0.7665761113166809, 0.780095100402832, 0.7913949489593506], "baseline_val_loss": [2.347485303878784, 1.7954806089401245, 1.5033215284347534, 1.3444643020629883, 1.2208855152130127, 1.1380287408828735, 1.0584344863891602, 1.001297950744629, 0.9890711307525635, 0.9602959156036377], "baseline_val_accuracy": [0.4768076539039612, 0.5293315052986145, 0.5443383455276489, 0.5948158502578735, 0.5989086031913757, 0.6064119935035706, 0.6350613832473755, 0.6780354976654053, 0.6521145701408386, 0.6500682234764099]}