{"ensemble_loss": [0.7196934223175049, 0.5497098565101624, 0.49475690722465515, 0.4651359021663666, 0.4455487132072449, 0.4309921860694885, 0.41927728056907654, 0.40932485461235046, 0.4005752503871918, 0.39275139570236206], "ensemble_accuracy": [0.7064375281333923, 0.8058750033378601, 0.8213750123977661, 0.8290625214576721, 0.8355000019073486, 0.8412500023841858, 0.8461250066757202, 0.8500624895095825, 0.8532500267028809, 0.8569999933242798], "ensemble_val_loss": [0.7694790959358215, 0.6599950790405273, 0.592644214630127, 0.5533609390258789, 0.5255088210105896, 0.5054028034210205, 0.48996099829673767, 0.4777986407279968, 0.46701258420944214, 0.45780014991760254], "ensemble_val_accuracy": [0.6287878751754761, 0.7178030014038086, 0.7632575631141663, 0.7689393758773804, 0.7916666865348816, 0.7954545617103577, 0.8068181872367859, 0.8087121248245239, 0.810606062412262, 0.814393937587738], "ensemble_no_transfer_learning_ensemble_loss": [0.46315431594848633, 0.3561389446258545, 0.31379544734954834, 0.2780848443508148, 0.2451164871454239, 0.21557116508483887, 0.18975378572940826, 0.16727182269096375, 0.14740312099456787, 0.1302790492773056], "ensemble_no_transfer_learning_ensemble_accuracy": [0.823312520980835, 0.8659374713897705, 0.8858749866485596, 0.9040625095367432, 0.9198125004768372, 0.937125027179718, 0.9495624899864197, 0.9595000147819519, 0.9690625071525574, 0.9753749966621399], "ensemble_no_transfer_learning_ensemble_val_loss": [1.002890944480896, 0.7749866843223572, 0.7233698964118958, 0.7075543403625488, 0.709343433380127, 0.7066085338592529, 0.7179445028305054, 0.7338970303535461, 0.7699658274650574, 0.802157998085022], "ensemble_no_transfer_learning_ensemble_val_accuracy": [0.469696968793869, 0.6496211886405945, 0.6799242496490479, 0.6931818127632141, 0.6950757503509521, 0.6969696879386902, 0.689393937587738, 0.6912878751754761, 0.6609848737716675, 0.6553030014038086]}