{"base_loss": [2.006345510482788, 1.7375270128250122, 1.6224119663238525, 1.5464321374893188, 1.4892466068267822, 1.442966341972351, 1.403915286064148, 1.3697948455810547, 1.3400717973709106, 1.3132075071334839], "base_accuracy": [0.32007211446762085, 0.41682693362236023, 0.4585937559604645, 0.4856971204280853, 0.5059494972229004, 0.5227764248847961, 0.5350360870361328, 0.5457932949066162, 0.5549879670143127, 0.561718761920929], "base_val_loss": [2.102861166000366, 1.8522039651870728, 1.7817018032073975, 1.7074002027511597, 1.6480506658554077, 1.6344231367111206, 1.619680404663086, 1.6064586639404297, 1.6111575365066528, 1.6243705749511719], "base_val_accuracy": [0.2545454502105713, 0.307272732257843, 0.36000001430511475, 0.3545454442501068, 0.3781818151473999, 0.4163636267185211, 0.401818186044693, 0.40727272629737854, 0.3763636350631714, 0.401818186044693]}