{"ensemble_loss": [0.6601181030273438, 0.5970035791397095, 0.5672067403793335, 0.5477079749107361, 0.533267617225647, 0.5218455791473389, 0.5122518539428711, 0.5039511919021606, 0.49657467007637024, 0.4898894131183624], "ensemble_accuracy": [0.5535714030265808, 0.6616071462631226, 0.7098214030265808, 0.7348214387893677, 0.7482143044471741, 0.7620535492897034, 0.7709821462631226, 0.7754464149475098, 0.7803571224212646, 0.7848214507102966], "ensemble_val_loss": [0.6600848436355591, 0.638594925403595, 0.6346875429153442, 0.6335883736610413, 0.6301924586296082, 0.6236422657966614, 0.6145208477973938, 0.6046785712242126, 0.5969761610031128, 0.5911581516265869], "ensemble_val_accuracy": [0.6153846383094788, 0.5846154093742371, 0.7384615540504456, 0.6769230961799622, 0.6461538672447205, 0.6769230961799622, 0.7076923251152039, 0.7076923251152039, 0.7230769395828247, 0.7076923251152039], "ensemble_no_transfer_learning_ensemble_loss": [0.6131124496459961, 0.5464285612106323, 0.5201355218887329, 0.5027027726173401, 0.4889684319496155, 0.4771018326282501, 0.46668827533721924, 0.45739391446113586, 0.44994622468948364, 0.4427402913570404], "ensemble_no_transfer_learning_ensemble_accuracy": [0.6660714149475098, 0.7183035612106323, 0.7334821224212646, 0.7504464387893677, 0.7575892806053162, 0.7629464268684387, 0.768750011920929, 0.7772321701049805, 0.7790178656578064, 0.78125], "ensemble_no_transfer_learning_ensemble_val_loss": [0.6816651821136475, 0.6945560574531555, 0.7134396433830261, 0.7088679671287537, 0.6989877223968506, 0.6762819886207581, 0.6289306879043579, 0.5686098337173462, 0.5215089917182922, 0.4778371751308441], "ensemble_no_transfer_learning_ensemble_val_accuracy": [0.5846154093742371, 0.5846154093742371, 0.5846154093742371, 0.5846154093742371, 0.5846154093742371, 0.5230769515037537, 0.6000000238418579, 0.800000011920929, 0.8307692408561707, 0.8153846263885498]}