{"base_loss": [0.5557064414024353, 0.4704324007034302, 0.42915838956832886, 0.40262705087661743, 0.38411882519721985, 0.36926010251045227, 0.35397839546203613, 0.34088554978370667, 0.33349257707595825, 0.32624951004981995], "base_accuracy": [0.7007440328598022, 0.7816964387893677, 0.8084821701049805, 0.820684552192688, 0.8352678418159485, 0.8418154716491699, 0.8534226417541504, 0.858779788017273, 0.8635416626930237, 0.8642857074737549], "base_val_loss": [1.9223065376281738, 4.678130626678467, 1.2673616409301758, 0.5480032563209534, 0.8097612261772156, 0.9481199383735657, 1.0216312408447266, 1.274976372718811, 1.7376108169555664, 1.0327695608139038], "base_val_accuracy": [0.49775785207748413, 0.49775785207748413, 0.5112107396125793, 0.7443946003913879, 0.5964125394821167, 0.5695067048072815, 0.5650224089622498, 0.5112107396125793, 0.5022421479225159, 0.5650224089622498]}