{"baseline_loss": [1.6200180053710938, 1.2073771953582764, 1.0481231212615967, 0.9588801264762878, 0.8938418030738831, 0.8443162441253662, 0.8128054141998291, 0.7728064656257629, 0.7439281344413757, 0.7174477577209473], "baseline_accuracy": [0.5026671886444092, 0.606090784072876, 0.6447253227233887, 0.6691879034042358, 0.6985071897506714, 0.7156050801277161, 0.7267913818359375, 0.7442077994346619, 0.7503582835197449, 0.7590764164924622], "baseline_val_loss": [1.43251371383667, 1.1873162984848022, 1.0799833536148071, 0.9871693849563599, 0.9215947389602661, 0.8707081079483032, 0.8564164638519287, 0.8608869910240173, 0.8078044652938843, 0.8166785836219788], "baseline_val_accuracy": [0.5552899241447449, 0.5654512643814087, 0.6551105976104736, 0.6401673555374146, 0.6652719378471375, 0.7429766654968262, 0.6915720105171204, 0.715481162071228, 0.7441721558570862, 0.6945606470108032]}