{"ensemble_loss": [0.7786155939102173, 0.5527908802032471, 0.49414539337158203, 0.4615993797779083, 0.4402552843093872, 0.42528796195983887, 0.41396522521972656, 0.40496963262557983, 0.3975839614868164, 0.3913232684135437], "ensemble_accuracy": [0.6664583086967468, 0.8204166889190674, 0.8412500023841858, 0.8450000286102295, 0.8495833277702332, 0.8493750095367432, 0.8506249785423279, 0.8527083396911621, 0.8545833230018616, 0.8556249737739563], "ensemble_val_loss": [0.6415428519248962, 0.5927324295043945, 0.5726373791694641, 0.5467973351478577, 0.5295131802558899, 0.5138605833053589, 0.50253826379776, 0.4954475462436676, 0.48880326747894287, 0.4848637282848358], "ensemble_val_accuracy": [0.7828947305679321, 0.7631579041481018, 0.7828947305679321, 0.7763158082962036, 0.7631579041481018, 0.7631579041481018, 0.7631579041481018, 0.7894737124443054, 0.7828947305679321, 0.7828947305679321], "ensemble_no_transfer_learning_ensemble_loss": [0.5894902348518372, 0.43180596828460693, 0.40537524223327637, 0.3921155035495758, 0.3798846900463104, 0.3711332380771637, 0.36319997906684875, 0.3575860857963562, 0.3522176742553711, 0.3474684953689575], "ensemble_no_transfer_learning_ensemble_accuracy": [0.809583306312561, 0.8349999785423279, 0.8422916531562805, 0.8443750143051147, 0.8475000262260437, 0.8489583134651184, 0.8522916436195374, 0.8518750071525574, 0.8543750047683716, 0.8554166555404663], "ensemble_no_transfer_learning_ensemble_val_loss": [1.552090048789978, 1.9915958642959595, 1.971142053604126, 0.9606067538261414, 0.3896520137786865, 0.33786913752555847, 0.31312277913093567, 0.32681700587272644, 0.3339604139328003, 0.33465778827667236], "ensemble_no_transfer_learning_ensemble_val_accuracy": [0.32894736528396606, 0.32894736528396606, 0.7171052694320679, 0.7171052694320679, 0.8552631735801697, 0.9013158082962036, 0.875, 0.9013158082962036, 0.9013158082962036, 0.8552631735801697]}