{"ensemble_loss": [0.6034436225891113, 0.5017397403717041, 0.42942842841148376, 0.37897422909736633, 0.3416373133659363, 0.31269681453704834, 0.28918877243995667, 0.2703046500682831, 0.254930317401886, 0.2421681135892868], "ensemble_accuracy": [0.878125011920929, 0.9624999761581421, 0.9750000238418579, 0.9750000238418579, 0.981249988079071, 0.981249988079071, 0.984375, 0.984375, 0.987500011920929, 0.987500011920929], "ensemble_val_loss": [0.6053529977798462, 0.5106173753738403, 0.46216845512390137, 0.42828369140625, 0.40595394372940063, 0.3844045400619507, 0.3707353472709656, 0.3553684949874878, 0.3389769494533539, 0.32621222734451294], "ensemble_val_accuracy": [0.699999988079071, 1.0, 1.0, 1.0, 1.0, 1.0, 1.0, 1.0, 1.0, 1.0], "ensemble_no_transfer_learning_ensemble_loss": [0.555628776550293, 0.39494043588638306, 0.31898343563079834, 0.2706111967563629, 0.23726089298725128, 0.21227610111236572, 0.1925451159477234, 0.1765037626028061, 0.16301114857196808, 0.1515367180109024], "ensemble_no_transfer_learning_ensemble_accuracy": [0.796875, 0.9281250238418579, 0.9375, 0.956250011920929, 0.965624988079071, 0.965624988079071, 0.965624988079071, 0.96875, 0.9750000238418579, 0.981249988079071], "ensemble_no_transfer_learning_ensemble_val_loss": [0.6969544291496277, 0.7087541818618774, 0.7449518442153931, 0.8051530122756958, 0.8848193883895874, 0.9818671941757202, 1.09149169921875, 1.2117514610290527, 1.3380156755447388, 1.4683005809783936], "ensemble_no_transfer_learning_ensemble_val_accuracy": [0.20000000298023224, 0.20000000298023224, 0.20000000298023224, 0.20000000298023224, 0.20000000298023224, 0.20000000298023224, 0.20000000298023224, 0.20000000298023224, 0.20000000298023224, 0.20000000298023224]}