{"baseline_loss": [3.0332212448120117, 2.462898015975952, 2.1185460090637207, 1.8689978122711182, 1.6622645854949951, 1.4950652122497559, 1.3656939268112183, 1.2362638711929321, 1.1472113132476807, 1.0583966970443726], "baseline_accuracy": [0.3131030797958374, 0.5137609839439392, 0.5774670839309692, 0.6269736886024475, 0.6490679979324341, 0.6814144849777222, 0.6935855150222778, 0.7285087704658508, 0.7367324829101562, 0.7536184191703796], "baseline_val_loss": [2.92563533782959, 2.3230884075164795, 2.0939526557922363, 1.8295947313308716, 1.6828551292419434, 1.5536742210388184, 1.4507313966751099, 1.301400065422058, 1.2451081275939941, 1.2454116344451904], "baseline_val_accuracy": [0.3571428656578064, 0.4916943609714508, 0.5232558250427246, 0.6013289093971252, 0.6760797500610352, 0.6312292218208313, 0.634551465511322, 0.6661129593849182, 0.6544850468635559, 0.6295680999755859]}