{"ensemble_loss": [1.5820122957229614, 1.5335838794708252, 1.502841830253601, 1.4785221815109253, 1.4580389261245728, 1.4407178163528442, 1.4259134531021118, 1.412959098815918, 1.401366949081421, 1.390692114830017], "ensemble_accuracy": [0.287215918302536, 0.35681816935539246, 0.400284081697464, 0.43579545617103577, 0.45653408765792847, 0.47130683064460754, 0.4801136255264282, 0.48721590638160706, 0.4937500059604645, 0.49829545617103577], "ensemble_val_loss": [1.5914108753204346, 1.5527819395065308, 1.5190439224243164, 1.4903889894485474, 1.4655687808990479, 1.446244239807129, 1.4305256605148315, 1.41771399974823, 1.407026767730713, 1.3983261585235596], "ensemble_val_accuracy": [0.27586206793785095, 0.26724138855934143, 0.31896552443504333, 0.37068966031074524, 0.3965517282485962, 0.42241379618644714, 0.3965517282485962, 0.3965517282485962, 0.4396551847457886, 0.42241379618644714], "ensemble_no_transfer_learning_ensemble_loss": [1.5499236583709717, 1.4754561185836792, 1.423364520072937, 1.3838486671447754, 1.3489547967910767, 1.318991780281067, 1.2941272258758545, 1.2721339464187622, 1.2506967782974243, 1.2339317798614502], "ensemble_no_transfer_learning_ensemble_accuracy": [0.334090918302536, 0.4210227131843567, 0.46193182468414307, 0.47698864340782166, 0.49744316935539246, 0.5144886374473572, 0.5269886255264282, 0.5377840995788574, 0.550568163394928, 0.5599431991577148], "ensemble_no_transfer_learning_ensemble_val_loss": [1.644498586654663, 1.8305524587631226, 1.9322412014007568, 1.9132250547409058, 1.7545371055603027, 1.548932671546936, 1.4489805698394775, 1.3911356925964355, 1.3395731449127197, 1.3586699962615967], "ensemble_no_transfer_learning_ensemble_val_accuracy": [0.21551723778247833, 0.21551723778247833, 0.21551723778247833, 0.21551723778247833, 0.3103448152542114, 0.32758620381355286, 0.4137931168079376, 0.38793104887008667, 0.4051724076271057, 0.4051724076271057]}