{"baseline_loss": [1.5435091257095337, 1.189942717552185, 1.0757548809051514, 1.0132384300231934, 0.9611006379127502, 0.931310772895813, 0.8997765183448792, 0.8702000975608826, 0.839198887348175, 0.8250199556350708], "baseline_accuracy": [0.5080059766769409, 0.6525595188140869, 0.6826488375663757, 0.693928599357605, 0.7123809456825256, 0.7201785445213318, 0.7292559742927551, 0.7368749976158142, 0.7498511672019958, 0.7508035898208618], "baseline_val_loss": [1.2730796337127686, 1.1022766828536987, 1.0239527225494385, 0.9664193391799927, 0.9358299374580383, 0.8992822766304016, 0.8798298835754395, 0.8482270240783691, 0.8367632031440735, 0.8045334815979004], "baseline_val_accuracy": [0.637499988079071, 0.6928571462631226, 0.7107142806053162, 0.7214285731315613, 0.7250000238418579, 0.7303571701049805, 0.7428571581840515, 0.7276785969734192, 0.7437499761581421, 0.75], "baseline_no_transfer_learning_base_loss": [1.4290220737457275, 1.166426658630371, 1.0539933443069458, 0.9830507040023804, 0.9330334663391113, 0.8973032236099243, 0.8693368434906006, 0.8469784259796143, 0.8284721374511719, 0.8133695125579834], "baseline_no_transfer_learning_base_accuracy": [0.555863082408905, 0.6334821581840515, 0.658005952835083, 0.673839271068573, 0.685535728931427, 0.6936011910438538, 0.7003571391105652, 0.706250011920929, 0.711904764175415, 0.715416669845581], "baseline_no_transfer_learning_base_val_loss": [1.2492694854736328, 1.0768460035324097, 1.1125520467758179, 1.4573874473571777, 1.2359699010849, 1.3187190294265747, 1.017638087272644, 0.7606026530265808, 1.2228623628616333, 1.4033094644546509], "baseline_no_transfer_learning_base_val_accuracy": [0.5616071224212646, 0.6607142686843872, 0.6169642806053162, 0.37589284777641296, 0.5116071701049805, 0.47678571939468384, 0.6357142925262451, 0.7392857074737549, 0.5321428775787354, 0.4491071403026581]}