{"baseline_loss": [3.9079785346984863, 3.2191998958587646, 2.8041694164276123, 2.5113255977630615, 2.282076120376587, 2.1010537147521973, 1.9358129501342773, 1.7875325679779053, 1.6497422456741333, 1.5373817682266235], "baseline_accuracy": [0.12630000710487366, 0.2876250147819519, 0.3878999948501587, 0.46004998683929443, 0.5199750065803528, 0.5577250123023987, 0.5942500233650208, 0.6287000179290771, 0.6614500284194946, 0.6810250282287598], "baseline_val_loss": [3.587977409362793, 3.1012754440307617, 2.791670083999634, 2.5733962059020996, 2.426456928253174, 2.2623934745788574, 2.1494357585906982, 2.0370144844055176, 1.9682133197784424, 1.9706300497055054], "baseline_val_accuracy": [0.184429332613945, 0.29402872920036316, 0.39153438806533813, 0.4346182942390442, 0.4610733091831207, 0.4640967547893524, 0.4693877696990967, 0.5124716758728027, 0.5291005373001099, 0.5011337995529175]}