{"baseline_loss": [2.8469605445861816, 2.010632276535034, 1.5838526487350464, 1.3137149810791016, 1.129820466041565, 1.0013002157211304, 0.9039649367332458, 0.8303319215774536, 0.7786237001419067, 0.7196592688560486], "baseline_accuracy": [0.34568750858306885, 0.5608958601951599, 0.6299375295639038, 0.676437497138977, 0.698395848274231, 0.7232499718666077, 0.739020824432373, 0.7566666603088379, 0.7712083458900452, 0.7851250171661377], "baseline_val_loss": [3.036306142807007, 2.6244876384735107, 2.5530710220336914, 2.301408529281616, 2.232901096343994, 2.1058459281921387, 2.3914239406585693, 2.227543354034424, 2.159541606903076, 2.1931302547454834], "baseline_val_accuracy": [0.1661442071199417, 0.20752350986003876, 0.19749216735363007, 0.2677116096019745, 0.28150469064712524, 0.3128526508808136, 0.22758620977401733, 0.28463950753211975, 0.24576802551746368, 0.27147334814071655]}