{"baseline_loss": [2.3506081104278564, 1.50209641456604, 1.1488779783248901, 0.9409177899360657, 0.816514253616333, 0.7146222591400146, 0.6375814080238342, 0.5741087198257446, 0.5247787237167358, 0.4748629033565521], "baseline_accuracy": [0.2981131970882416, 0.6833136677742004, 0.8508254885673523, 0.8894457817077637, 0.9057193398475647, 0.9178655743598938, 0.9313089847564697, 0.9408018589019775, 0.9458726644515991, 0.9561320543289185], "baseline_val_loss": [1.8683485984802246, 1.3408544063568115, 1.0891873836517334, 0.9248606562614441, 0.8184446692466736, 0.7362961769104004, 0.6660139560699463, 0.6078894138336182, 0.5572638511657715, 0.5161913633346558], "baseline_val_accuracy": [0.4742451012134552, 0.7726465463638306, 0.8436945080757141, 0.9005328416824341, 0.9094138741493225, 0.912966251373291, 0.912966251373291, 0.9218472242355347, 0.9431616067886353, 0.9413854479789734], "baseline_no_transfer_learning_base_loss": [1.678311824798584, 1.0099238157272339, 0.7136757373809814, 0.5288897156715393, 0.40429073572158813, 0.31644853949546814, 0.25252825021743774, 0.204677015542984, 0.16811217367649078, 0.13973385095596313], "baseline_no_transfer_learning_base_accuracy": [0.6380306482315063, 0.8604952692985535, 0.9104363322257996, 0.9378537535667419, 0.9557193517684937, 0.9664504528045654, 0.9748820662498474, 0.9805424809455872, 0.9849056601524353, 0.9879717230796814], "baseline_no_transfer_learning_base_val_loss": [1.2783327102661133, 0.5858523845672607, 0.3864035904407501, 0.2702690064907074, 0.2039181888103485, 0.16048753261566162, 0.12747588753700256, 0.10162122547626495, 0.08433178067207336, 0.07512296736240387], "baseline_no_transfer_learning_base_val_accuracy": [0.8134990930557251, 0.9751332402229309, 0.9857904314994812, 0.9928951859474182, 0.9946714043617249, 0.9964476227760315, 0.9964476227760315, 0.9964476227760315, 0.9964476227760315, 0.9982237815856934]}