{"ensemble_loss": [0.5963937044143677, 0.47010818123817444, 0.40257391333580017, 0.3554668128490448, 0.32280126214027405, 0.30014127492904663, 0.2824547588825226, 0.26780328154563904, 0.25533634424209595, 0.2444075047969818], "ensemble_accuracy": [0.6148437261581421, 0.8265625238418579, 0.858593761920929, 0.875, 0.878125011920929, 0.87890625, 0.8843749761581421, 0.9046875238418579, 0.9117187261581421, 0.9195312261581421], "ensemble_val_loss": [0.5108163952827454, 0.4226786196231842, 0.36130082607269287, 0.319828599691391, 0.2887987494468689, 0.2632042467594147, 0.24231356382369995, 0.22542858123779297, 0.21159176528453827, 0.19975140690803528], "ensemble_val_accuracy": [0.6428571343421936, 0.7857142686843872, 0.8333333134651184, 0.9047619104385376, 0.976190447807312, 0.976190447807312, 0.976190447807312, 0.976190447807312, 0.976190447807312, 0.976190447807312], "ensemble_no_transfer_learning_ensemble_loss": [0.437872976064682, 0.29593923687934875, 0.23112723231315613, 0.18660995364189148, 0.1541692614555359, 0.13066168129444122, 0.11267076432704926, 0.09850219637155533, 0.08710135519504547, 0.07816527038812637], "ensemble_no_transfer_learning_ensemble_accuracy": [0.7945312261581421, 0.8890625238418579, 0.94140625, 0.971875011920929, 0.981249988079071, 0.983593761920929, 0.985156238079071, 0.98828125, 0.9906250238418579, 0.991406261920929], "ensemble_no_transfer_learning_ensemble_val_loss": [0.6811671257019043, 0.674826979637146, 0.676305890083313, 0.6851848363876343, 0.7013720273971558, 0.7246356010437012, 0.7616888284683228, 0.8120224475860596, 0.8868168592453003, 0.9174409508705139], "ensemble_no_transfer_learning_ensemble_val_accuracy": [0.523809552192688, 0.523809552192688, 0.523809552192688, 0.523809552192688, 0.523809552192688, 0.523809552192688, 0.523809552192688, 0.523809552192688, 0.523809552192688, 0.523809552192688]}