{"ensemble_loss": [0.6909152865409851, 0.6686578989028931, 0.6569461226463318, 0.6485716700553894, 0.6417213678359985, 0.6356844902038574, 0.6300956606864929, 0.6249710321426392, 0.6203449368476868, 0.6159712076187134], "ensemble_accuracy": [0.5101562738418579, 0.6234375238418579, 0.694531261920929, 0.717968761920929, 0.7203124761581421, 0.7242187261581421, 0.723437488079071, 0.7265625, 0.729687511920929, 0.7328125238418579], "ensemble_val_loss": [0.6998710632324219, 0.7013739347457886, 0.6971940398216248, 0.6888702511787415, 0.6828016042709351, 0.6790409088134766, 0.6783129572868347, 0.6789893507957458, 0.6796620488166809, 0.6800817251205444], "ensemble_val_accuracy": [0.4375, 0.4375, 0.3125, 0.5, 0.5, 0.59375, 0.59375, 0.59375, 0.59375, 0.59375], "ensemble_no_transfer_learning_ensemble_loss": [0.6859235167503357, 0.671162486076355, 0.6599836945533752, 0.6477874517440796, 0.6348901987075806, 0.6193071603775024, 0.6040254235267639, 0.5875284075737, 0.5719324946403503, 0.5549306273460388], "ensemble_no_transfer_learning_ensemble_accuracy": [0.542187511920929, 0.6031249761581421, 0.635937511920929, 0.66796875, 0.7007812261581421, 0.7281249761581421, 0.764843761920929, 0.7875000238418579, 0.8031250238418579, 0.8187500238418579], "ensemble_no_transfer_learning_ensemble_val_loss": [0.6983357071876526, 0.7261214256286621, 0.7787877321243286, 0.8337377309799194, 0.8889296650886536, 0.9181900024414062, 0.9325005412101746, 0.9023802280426025, 0.829980731010437, 0.7964382171630859], "ensemble_no_transfer_learning_ensemble_val_accuracy": [0.46875, 0.46875, 0.46875, 0.46875, 0.46875, 0.46875, 0.46875, 0.46875, 0.46875, 0.46875]}