{"ensemble_loss": [1.7024744749069214, 1.4818745851516724, 1.3845425844192505, 1.3192070722579956, 1.2705281972885132, 1.2319095134735107, 1.200093388557434, 1.1732956171035767, 1.1500297784805298, 1.1294196844100952], "ensemble_accuracy": [0.4858333468437195, 0.5961607098579407, 0.62520831823349, 0.6424702405929565, 0.6564881205558777, 0.667202353477478, 0.6773214340209961, 0.6856250166893005, 0.6948809623718262, 0.7009226083755493], "ensemble_val_loss": [1.5571502447128296, 1.4235121011734009, 1.345740556716919, 1.2920207977294922, 1.251394510269165, 1.2180365324020386, 1.1903860569000244, 1.1665445566177368, 1.1457613706588745, 1.127537488937378], "ensemble_val_accuracy": [0.581250011920929, 0.6178571581840515, 0.6348214149475098, 0.6446428298950195, 0.6651785969734192, 0.6723214387893677, 0.6785714030265808, 0.6946428418159485, 0.6937500238418579, 0.7017857432365417], "ensemble_no_transfer_learning_ensemble_loss": [1.4009774923324585, 1.1131879091262817, 0.9941191077232361, 0.917242169380188, 0.8597776293754578, 0.8102593421936035, 0.7697789669036865, 0.7354767322540283, 0.7058932781219482, 0.67967689037323], "ensemble_no_transfer_learning_ensemble_accuracy": [0.5843750238418579, 0.681071400642395, 0.7184821367263794, 0.7448809742927551, 0.7623809576034546, 0.7754166722297668, 0.7892857193946838, 0.8036309480667114, 0.8165476322174072, 0.8268154859542847], "ensemble_no_transfer_learning_ensemble_val_loss": [1.2434364557266235, 1.198159098625183, 1.1089450120925903, 1.1383283138275146, 0.9461301565170288, 0.8838648200035095, 0.8263154029846191, 0.8141612410545349, 0.7818706035614014, 0.7787467241287231], "ensemble_no_transfer_learning_ensemble_val_accuracy": [0.5642856955528259, 0.53125, 0.5678571462631226, 0.5517857074737549, 0.6714285612106323, 0.7116071581840515, 0.7642857432365417, 0.7848214507102966, 0.8276785612106323, 0.7982142567634583]}