{"ensemble_loss": [1.2568607330322266, 0.9607058167457581, 0.8531407117843628, 0.7857779860496521, 0.7387386560440063, 0.7040603756904602, 0.6752098202705383, 0.6519148349761963, 0.631083071231842, 0.6134406328201294], "ensemble_accuracy": [0.5989285707473755, 0.6692857146263123, 0.6916666626930237, 0.7283630967140198, 0.7417857050895691, 0.751160740852356, 0.7599107027053833, 0.7678868770599365, 0.7767857313156128, 0.7823214530944824], "ensemble_val_loss": [1.0618642568588257, 0.9042374491691589, 0.8291110992431641, 0.8001813888549805, 0.8098233938217163, 0.7765910625457764, 0.7542651891708374, 0.7506369948387146, 0.7171958684921265, 0.7199678421020508], "ensemble_val_accuracy": [0.6089285612106323, 0.6339285969734192, 0.6785714030265808, 0.6955357193946838, 0.7205356955528259, 0.7330357432365417, 0.7428571581840515, 0.7392857074737549, 0.7446428537368774, 0.7455357313156128]}