{"baseline_loss": [2.172009229660034, 1.7435197830200195, 1.5576834678649902, 1.4840322732925415, 1.4117021560668945, 1.389587163925171, 1.34767746925354, 1.3275690078735352, 1.3196383714675903, 1.3001829385757446], "baseline_accuracy": [0.26538461446762085, 0.3677884638309479, 0.4370192289352417, 0.46322116255760193, 0.4872596263885498, 0.49639421701431274, 0.510817289352417, 0.5221154093742371, 0.5197115540504456, 0.5269230604171753], "baseline_val_loss": [2.2292287349700928, 1.9838780164718628, 1.807646632194519, 1.7088528871536255, 1.69549560546875, 1.6506845951080322, 1.6427280902862549, 1.6340255737304688, 1.5957683324813843, 1.5738381147384644], "baseline_val_accuracy": [0.1705426424741745, 0.20155039429664612, 0.356589138507843, 0.42635658383369446, 0.4961240291595459, 0.42635658383369446, 0.3720930218696594, 0.41085270047187805, 0.43410852551460266, 0.43410852551460266], "baseline_no_transfer_learning_base_loss": [1.6397626399993896, 1.5033414363861084, 1.4434387683868408, 1.402917742729187, 1.3710604906082153, 1.3421202898025513, 1.3171273469924927, 1.2939127683639526, 1.274051308631897, 1.2544957399368286], "baseline_no_transfer_learning_base_accuracy": [0.375, 0.4521634578704834, 0.47932693362236023, 0.49447116255760193, 0.503125011920929, 0.5153846144676208, 0.5262019038200378, 0.5322115421295166, 0.5478365421295166, 0.5528846383094788], "baseline_no_transfer_learning_base_val_loss": [2.0610883235931396, 2.387571334838867, 2.4305057525634766, 1.9271992444992065, 1.5228259563446045, 1.4095555543899536, 1.4296000003814697, 1.4588778018951416, 1.45575749874115, 1.4652202129364014], "baseline_no_transfer_learning_base_val_accuracy": [0.11627907305955887, 0.11627907305955887, 0.12403100728988647, 0.21705426275730133, 0.3720930218696594, 0.40310078859329224, 0.3798449635505676, 0.3798449635505676, 0.3720930218696594, 0.3643410801887512]}