{"base_loss": [2.0145843029022217, 1.69620680809021, 1.5399219989776611, 1.426602840423584, 1.331632375717163, 1.2493865489959717, 1.17817223072052, 1.1155146360397339, 1.0592997074127197, 1.008098840713501], "base_accuracy": [0.3616776168346405, 0.5098684430122375, 0.5713815689086914, 0.6194078922271729, 0.6574013233184814, 0.6865131855010986, 0.7090460658073425, 0.7291118502616882, 0.7467105388641357, 0.7634868621826172], "base_val_loss": [2.6674771308898926, 2.2282869815826416, 1.6603654623031616, 1.4413632154464722, 1.3526321649551392, 1.2826484441757202, 1.2242090702056885, 1.1778913736343384, 1.1262545585632324, 1.1036999225616455], "base_val_accuracy": [0.08717948943376541, 0.16410256922245026, 0.4205128252506256, 0.40512821078300476, 0.4307692348957062, 0.5128205418586731, 0.5487179756164551, 0.5846154093742371, 0.6000000238418579, 0.6051282286643982]}