{"ensemble_loss": [0.6634884476661682, 0.60077965259552, 0.5688435435295105, 0.5488923788070679, 0.5343953371047974, 0.5230592489242554, 0.5138069987297058, 0.5060245394706726, 0.49936115741729736, 0.4935225248336792], "ensemble_accuracy": [0.5272321701049805, 0.6714285612106323, 0.7196428775787354, 0.7571428418159485, 0.7745535969734192, 0.7839285731315613, 0.7875000238418579, 0.7941964268684387, 0.8013392686843872, 0.8040178418159485], "ensemble_val_loss": [0.689249575138092, 0.6460952758789062, 0.6285978555679321, 0.6196094155311584, 0.6143401265144348, 0.6121122241020203, 0.6109336614608765, 0.608656644821167, 0.6066323518753052, 0.6049197316169739], "ensemble_val_accuracy": [0.4923076927661896, 0.5076923370361328, 0.6000000238418579, 0.692307710647583, 0.692307710647583, 0.692307710647583, 0.692307710647583, 0.7538461685180664, 0.7538461685180664, 0.7538461685180664], "ensemble_no_transfer_learning_ensemble_loss": [0.6131124496459961, 0.5464285612106323, 0.5201355218887329, 0.5027027726173401, 0.4889684319496155, 0.4771018326282501, 0.46668827533721924, 0.45739391446113586, 0.44994622468948364, 0.4427402913570404], "ensemble_no_transfer_learning_ensemble_accuracy": [0.6660714149475098, 0.7183035612106323, 0.7334821224212646, 0.7504464387893677, 0.7575892806053162, 0.7629464268684387, 0.768750011920929, 0.7772321701049805, 0.7790178656578064, 0.78125], "ensemble_no_transfer_learning_ensemble_val_loss": [0.6816651821136475, 0.6945560574531555, 0.7134396433830261, 0.7088679671287537, 0.6989877223968506, 0.6762819886207581, 0.6289306879043579, 0.5686098337173462, 0.5215089917182922, 0.4778371751308441], "ensemble_no_transfer_learning_ensemble_val_accuracy": [0.5846154093742371, 0.5846154093742371, 0.5846154093742371, 0.5846154093742371, 0.5846154093742371, 0.5230769515037537, 0.6000000238418579, 0.800000011920929, 0.8307692408561707, 0.8153846263885498]}