{"baseline_loss": [4.396272659301758, 3.784417152404785, 3.3767175674438477, 3.0471415519714355, 2.7603509426116943, 2.5086004734039307, 2.297943115234375, 2.10528826713562, 1.9638891220092773, 1.826755166053772], "baseline_accuracy": [0.07579448819160461, 0.18151482939720154, 0.2818061411380768, 0.367902547121048, 0.44046610593795776, 0.48834747076034546, 0.5324417352676392, 0.5699682235717773, 0.5948358178138733, 0.6159427762031555], "baseline_val_loss": [4.052502155303955, 3.6097359657287598, 3.332432508468628, 3.0123724937438965, 2.782879114151001, 2.5958213806152344, 2.508388042449951, 2.3457870483398438, 2.3055641651153564, 2.293724298477173], "baseline_val_accuracy": [0.13365155458450317, 0.17661097645759583, 0.26491647958755493, 0.3564041256904602, 0.40811455249786377, 0.3810660243034363, 0.3922036588191986, 0.4383452534675598, 0.39538583159446716, 0.3667462170124054]}