{"ensemble_loss": [1.575415015220642, 1.3431596755981445, 1.241300344467163, 1.171281099319458, 1.1175262928009033, 1.0742608308792114, 1.0387535095214844, 1.0087699890136719, 0.9826164841651917, 0.9598501920700073], "ensemble_accuracy": [0.5227678418159485, 0.6128273606300354, 0.6392857432365417, 0.6550595164299011, 0.6677380800247192, 0.6764583587646484, 0.6841071248054504, 0.6897023916244507, 0.696071445941925, 0.7014285922050476], "ensemble_val_loss": [1.4152308702468872, 1.2853565216064453, 1.2017179727554321, 1.1410423517227173, 1.0927181243896484, 1.0546212196350098, 1.0221132040023804, 0.9944789409637451, 0.9705216288566589, 0.9497880935668945], "ensemble_val_accuracy": [0.5857142806053162, 0.6214285492897034, 0.6366071701049805, 0.6464285850524902, 0.668749988079071, 0.6758928298950195, 0.6794642806053162, 0.6919642686843872, 0.6937500238418579, 0.6991071701049805], "ensemble_no_transfer_learning_ensemble_loss": [1.2568607330322266, 0.9607058167457581, 0.8531407117843628, 0.7857779860496521, 0.7387386560440063, 0.7040603756904602, 0.6752098202705383, 0.6519148349761963, 0.631083071231842, 0.6134406328201294], "ensemble_no_transfer_learning_ensemble_accuracy": [0.5989285707473755, 0.6692857146263123, 0.6916666626930237, 0.7283630967140198, 0.7417857050895691, 0.751160740852356, 0.7599107027053833, 0.7678868770599365, 0.7767857313156128, 0.7823214530944824], "ensemble_no_transfer_learning_ensemble_val_loss": [1.0618642568588257, 0.9042374491691589, 0.8291110992431641, 0.8001813888549805, 0.8098233938217163, 0.7765910625457764, 0.7542651891708374, 0.7506369948387146, 0.7171958684921265, 0.7199678421020508], "ensemble_no_transfer_learning_ensemble_val_accuracy": [0.6089285612106323, 0.6339285969734192, 0.6785714030265808, 0.6955357193946838, 0.7205356955528259, 0.7330357432365417, 0.7428571581840515, 0.7392857074737549, 0.7446428537368774, 0.7455357313156128]}