{"baseline_loss": [4.213139057159424, 3.693497657775879, 3.3339526653289795, 3.0207245349884033, 2.7580807209014893, 2.525160551071167, 2.3165464401245117, 2.126711130142212, 1.9818134307861328, 1.8381149768829346], "baseline_accuracy": [0.06726190447807312, 0.173921138048172, 0.28009673953056335, 0.3766741156578064, 0.4524925649166107, 0.5103794932365417, 0.5492559671401978, 0.5860863327980042, 0.6112723350524902, 0.6410342454910278], "baseline_val_loss": [3.941438913345337, 3.547553539276123, 3.2036566734313965, 3.0617127418518066, 2.7768161296844482, 2.6545488834381104, 2.3370168209075928, 2.159336566925049, 2.0945417881011963, 1.9956607818603516], "baseline_val_accuracy": [0.09673790633678436, 0.18785151839256287, 0.30371204018592834, 0.24071991443634033, 0.39032620191574097, 0.3172103464603424, 0.5039370059967041, 0.49043869972229004, 0.529808759689331, 0.5084364414215088]}