{"baseline_loss": [3.197039842605591, 2.4154555797576904, 2.030714750289917, 1.7683279514312744, 1.5842522382736206, 1.4473580121994019, 1.3370836973190308, 1.248049020767212, 1.1706551313400269, 1.1055915355682373], "baseline_accuracy": [0.244320347905159, 0.3915874660015106, 0.46460312604904175, 0.5147576332092285, 0.547980010509491, 0.5724928975105286, 0.5945104360580444, 0.6145199537277222, 0.6289092302322388, 0.6457343101501465], "baseline_val_loss": [3.284658670425415, 3.103849411010742, 2.8795366287231445, 2.5028464794158936, 2.6777236461639404, 2.8191566467285156, 2.2859482765197754, 2.3859620094299316, 2.740969657897949, 2.4111597537994385], "baseline_val_accuracy": [0.1517857164144516, 0.15000000596046448, 0.18535713851451874, 0.24214285612106323, 0.18892857432365417, 0.20357142388820648, 0.26892855763435364, 0.2264285683631897, 0.20000000298023224, 0.2549999952316284]}