{"ensemble_loss": [2.041426420211792, 1.7966376543045044, 1.6868873834609985, 1.6152312755584717, 1.562404990196228, 1.5204198360443115, 1.485393762588501, 1.4555437564849854, 1.4293420314788818, 1.405813455581665], "ensemble_accuracy": [0.3502604067325592, 0.5210937261581421, 0.5699218511581421, 0.5975260138511658, 0.6174479126930237, 0.6282551884651184, 0.6388021111488342, 0.6522135138511658, 0.6592447757720947, 0.6670572757720947], "ensemble_val_loss": [1.9823375940322876, 1.8562618494033813, 1.7826120853424072, 1.729856014251709, 1.6882928609848022, 1.6533679962158203, 1.6239564418792725, 1.5987197160720825, 1.5766150951385498, 1.5569218397140503], "ensemble_val_accuracy": [0.3479999899864197, 0.46799999475479126, 0.5199999809265137, 0.5519999861717224, 0.5680000185966492, 0.5680000185966492, 0.5720000267028809, 0.5720000267028809, 0.5720000267028809, 0.5799999833106995], "ensemble_no_transfer_learning_ensemble_loss": [1.7462007999420166, 1.4385011196136475, 1.2989643812179565, 1.2029876708984375, 1.127021074295044, 1.063306450843811, 1.0073442459106445, 0.9577919840812683, 0.9127774834632874, 0.8708564043045044], "ensemble_no_transfer_learning_ensemble_accuracy": [0.5101562738418579, 0.6337239742279053, 0.6712239384651184, 0.6977864503860474, 0.7178385257720947, 0.7389323115348816, 0.7567708492279053, 0.7721354365348816, 0.790234386920929, 0.8067708611488342], "ensemble_no_transfer_learning_ensemble_val_loss": [2.2511603832244873, 1.8413903713226318, 1.5154869556427002, 1.3918616771697998, 1.330664038658142, 1.2869912385940552, 1.247581958770752, 1.216349482536316, 1.1930546760559082, 1.1659085750579834], "ensemble_no_transfer_learning_ensemble_val_accuracy": [0.14399999380111694, 0.2879999876022339, 0.5120000243186951, 0.5799999833106995, 0.5839999914169312, 0.5920000076293945, 0.5960000157356262, 0.5960000157356262, 0.5920000076293945, 0.6000000238418579]}