{"baseline_loss": [2.1006438732147217, 1.7479292154312134, 1.5795966386795044, 1.4488214254379272, 1.344175100326538, 1.2629691362380981, 1.199022889137268, 1.1449317932128906, 1.080123782157898, 1.0359646081924438], "baseline_accuracy": [0.34095051884651184, 0.4831380248069763, 0.5238932371139526, 0.5499023199081421, 0.5814127326011658, 0.5953776240348816, 0.6112955808639526, 0.6273763179779053, 0.6499999761581421, 0.6591145992279053], "baseline_val_loss": [2.033801555633545, 1.8556272983551025, 1.7356685400009155, 1.6285040378570557, 1.5011903047561646, 1.4519414901733398, 1.4169185161590576, 1.3619807958602905, 1.336413025856018, 1.3162565231323242], "baseline_val_accuracy": [0.36764705181121826, 0.36176469922065735, 0.4205882251262665, 0.46568626165390015, 0.4735293984413147, 0.4627451002597809, 0.5382353067398071, 0.5284313559532166, 0.5735294222831726, 0.5441176295280457]}