{"base_loss": [3.5918831825256348, 3.296229124069214, 3.1195085048675537, 2.9797346591949463, 2.8614084720611572, 2.756605625152588, 2.6623857021331787, 2.577284574508667, 2.499284267425537, 2.426923990249634], "base_accuracy": [0.13025568425655365, 0.24957385659217834, 0.3092329502105713, 0.3448863625526428, 0.3764204680919647, 0.40525567531585693, 0.43196022510528564, 0.45724430680274963, 0.4778409004211426, 0.4975852370262146], "base_val_loss": [4.03489875793457, 3.6992502212524414, 3.16017746925354, 2.9801971912384033, 2.8846285343170166, 2.805800199508667, 2.7354202270507812, 2.6667025089263916, 2.617701768875122, 2.580153465270996], "base_val_accuracy": [0.035242289304733276, 0.030837005004286766, 0.21585902571678162, 0.27753305435180664, 0.28634360432624817, 0.3127753436565399, 0.33039647340774536, 0.3259911835193634, 0.3348017632961273, 0.3612334728240967]}