{"baseline_loss": [1.4886544942855835, 1.0718892812728882, 0.9491391181945801, 0.8881880640983582, 0.8333598971366882, 0.8007416129112244, 0.7733668684959412, 0.7484391927719116, 0.7317871451377869, 0.7174123525619507], "baseline_accuracy": [0.5091666579246521, 0.6571726202964783, 0.6952678561210632, 0.7122619152069092, 0.7300595045089722, 0.7381547689437866, 0.7496725916862488, 0.7541071176528931, 0.7594345211982727, 0.7627381086349487], "baseline_val_loss": [1.1896182298660278, 1.0212429761886597, 0.9411063194274902, 0.9023331999778748, 0.8594448566436768, 0.8257468938827515, 0.8113569021224976, 0.7930180430412292, 0.7753831744194031, 0.7606462836265564], "baseline_val_accuracy": [0.5892857313156128, 0.6625000238418579, 0.6964285969734192, 0.6982142925262451, 0.7017857432365417, 0.7116071581840515, 0.7232142686843872, 0.7142857313156128, 0.7196428775787354, 0.7258928418159485], "baseline_no_transfer_learning_base_loss": [1.4165550470352173, 1.1657824516296387, 1.0595026016235352, 0.9915026426315308, 0.9453098177909851, 0.9097046256065369, 0.8863898515701294, 0.8628064393997192, 0.8462488055229187, 0.8309729695320129], "baseline_no_transfer_learning_base_accuracy": [0.5135714411735535, 0.5919047594070435, 0.617976188659668, 0.6370238065719604, 0.6503869295120239, 0.6611904501914978, 0.6681845188140869, 0.6761606931686401, 0.6830059289932251, 0.6877678632736206], "baseline_no_transfer_learning_base_val_loss": [1.2403022050857544, 1.0900720357894897, 1.1024402379989624, 0.9367649555206299, 0.8698851466178894, 0.8209161162376404, 0.7940295338630676, 0.8292729258537292, 0.786017656326294, 1.051107406616211], "baseline_no_transfer_learning_base_val_accuracy": [0.5375000238418579, 0.5526785850524902, 0.5151785612106323, 0.6196428537368774, 0.6642857193946838, 0.6866071224212646, 0.7116071581840515, 0.6669642925262451, 0.7124999761581421, 0.5276785492897034]}