{"baseline_loss": [0.3189878761768341, 0.1359482705593109, 0.09542510658502579, 0.06851072609424591, 0.057438623160123825, 0.04966021701693535, 0.042514875531196594, 0.03832782059907913, 0.03365679830312729, 0.028197629377245903], "baseline_accuracy": [0.9045454263687134, 0.9784091114997864, 0.9832386374473572, 0.9900568127632141, 0.9960227012634277, 0.9940341114997864, 0.9946022629737854, 0.9960227012634277, 0.996874988079071, 0.9982954263687134], "baseline_val_loss": [0.2771403193473816, 0.12248992919921875, 0.07886206358671188, 0.058893702924251556, 0.04994654282927513, 0.042298804968595505, 0.03300417959690094, 0.027896739542484283, 0.02591608464717865, 0.02479059249162674], "baseline_val_accuracy": [0.9646017551422119, 0.991150438785553, 1.0, 1.0, 1.0, 1.0, 1.0, 1.0, 1.0, 1.0], "baseline_no_transfer_learning_base_loss": [0.2553984522819519, 0.14729337394237518, 0.10931004583835602, 0.0879497155547142, 0.07427293062210083, 0.06292754411697388, 0.05471663922071457, 0.04612255468964577, 0.04164556413888931, 0.035262465476989746], "baseline_no_transfer_learning_base_accuracy": [0.9042613506317139, 0.9528409242630005, 0.9678977131843567, 0.9786931872367859, 0.9840909242630005, 0.9877840876579285, 0.9909090995788574, 0.9931818246841431, 0.9931818246841431, 0.9940341114997864], "baseline_no_transfer_learning_base_val_loss": [1.0265470743179321, 1.57137131690979, 1.1586382389068604, 0.39186152815818787, 0.13409577310085297, 0.08089985698461533, 0.08615417033433914, 0.08600718528032303, 0.06476949900388718, 0.051171205937862396], "baseline_no_transfer_learning_base_val_accuracy": [0.40707963705062866, 0.40707963705062866, 0.40707963705062866, 0.8053097128868103, 0.982300877571106, 0.982300877571106, 0.9734513163566589, 0.9734513163566589, 0.982300877571106, 0.9646017551422119]}