{"base_loss": [1.511988878250122, 1.3370029926300049, 1.2699909210205078, 1.2234041690826416, 1.1888883113861084, 1.1607662439346313, 1.1374695301055908, 1.119901180267334, 1.1019511222839355, 1.0867780447006226], "base_accuracy": [0.46794643998146057, 0.5262797474861145, 0.5476785898208618, 0.563660740852356, 0.5761011838912964, 0.5837202668190002, 0.5905059576034546, 0.5953273773193359, 0.6008630990982056, 0.6059821248054504], "base_val_loss": [1.261557936668396, 1.2159342765808105, 1.1293697357177734, 1.102480411529541, 1.0994123220443726, 1.069535732269287, 1.082903265953064, 1.0397238731384277, 0.9813004732131958, 1.0095493793487549], "base_val_accuracy": [0.5741071701049805, 0.5651785731315613, 0.6321428418159485, 0.6205357313156128, 0.59375, 0.6169642806053162, 0.5973214507102966, 0.6258928775787354, 0.6491071581840515, 0.643750011920929]}