{"base_loss": [0.8345901370048523, 0.5453697443008423, 0.4459553062915802, 0.3782835006713867, 0.33409836888313293, 0.3007427155971527, 0.27128997445106506, 0.2524178624153137, 0.23387135565280914, 0.21942389011383057], "base_accuracy": [0.766168475151062, 0.8517209887504578, 0.8762680888175964, 0.8937953114509583, 0.9056159257888794, 0.9130887389183044, 0.9216485619544983, 0.926902174949646, 0.932201087474823, 0.936684787273407], "base_val_loss": [0.9083817005157471, 0.746586263179779, 0.5411412119865417, 0.6800071001052856, 0.5320935249328613, 0.7653365731239319, 0.5049929022789001, 0.5172944664955139, 0.5700968503952026, 0.794430673122406], "base_val_accuracy": [0.6516393423080444, 0.7868852615356445, 0.818306028842926, 0.7581967115402222, 0.8292349576950073, 0.6953551769256592, 0.8046448230743408, 0.7978141903877258, 0.7718579173088074, 0.6680327653884888]}