{"ensemble_loss": [0.549512505531311, 0.40235409140586853, 0.3258776366710663, 0.27166464924812317, 0.2337990254163742, 0.20525063574314117, 0.1823294758796692, 0.16365757584571838, 0.14810308814048767, 0.13485093414783478], "ensemble_accuracy": [0.7883522510528564, 0.9414772987365723, 0.96875, 0.9747158885002136, 0.9778409004211426, 0.9803977012634277, 0.981249988079071, 0.9818181991577148, 0.9829545617103577, 0.984375], "ensemble_val_loss": [0.5356064438819885, 0.3967638611793518, 0.32084354758262634, 0.27197587490081787, 0.2359979748725891, 0.20735056698322296, 0.18371310830116272, 0.1643296182155609, 0.14796821773052216, 0.13415248692035675], "ensemble_val_accuracy": [0.8318583965301514, 0.9380530714988708, 0.9380530714988708, 0.9380530714988708, 0.9380530714988708, 0.9646017551422119, 0.9734513163566589, 0.9734513163566589, 0.9734513163566589, 0.9734513163566589], "ensemble_no_transfer_learning_ensemble_loss": [0.35283660888671875, 0.1330733746290207, 0.07218936085700989, 0.049742624163627625, 0.03702767938375473, 0.02911975607275963, 0.024126410484313965, 0.020726008340716362, 0.01759469509124756, 0.015512080863118172], "ensemble_no_transfer_learning_ensemble_accuracy": [0.909943163394928, 0.9877840876579285, 0.9937499761581421, 0.9957386255264282, 0.996874988079071, 0.9982954263687134, 0.9988636374473572, 0.9997159242630005, 1.0, 1.0], "ensemble_no_transfer_learning_ensemble_val_loss": [0.6970514059066772, 0.9160999655723572, 1.6109228134155273, 2.2464656829833984, 1.2821310758590698, 0.21969999372959137, 0.036445893347263336, 0.01713668927550316, 0.011827370151877403, 0.010098358616232872], "ensemble_no_transfer_learning_ensemble_val_accuracy": [0.5752212405204773, 0.40707963705062866, 0.40707963705062866, 0.40707963705062866, 0.4159291982650757, 0.9646017551422119, 1.0, 1.0, 1.0, 1.0]}