{"base_loss": [0.690625786781311, 0.6804037690162659, 0.6758913397789001, 0.670840859413147, 0.6665328741073608, 0.6617245078086853, 0.6571291089057922, 0.6515175700187683, 0.6456725597381592, 0.6409334540367126], "base_accuracy": [0.5257812738418579, 0.56640625, 0.5679687261581421, 0.59375, 0.616406261920929, 0.620312511920929, 0.625, 0.635937511920929, 0.65625, 0.6507812738418579], "base_val_loss": [0.6998823881149292, 0.7129293084144592, 0.7288713455200195, 0.7493830919265747, 0.7761081457138062, 0.831512987613678, 0.8884667158126831, 0.9357226490974426, 0.9734394550323486, 0.966166615486145], "base_val_accuracy": [0.4375, 0.4375, 0.4375, 0.4375, 0.4375, 0.4375, 0.4375, 0.4375, 0.4375, 0.4375]}