{"ensemble_loss": [0.8194679021835327, 0.6270242929458618, 0.557171106338501, 0.5163440108299255, 0.4871476888656616, 0.4638218581676483, 0.4450269639492035, 0.4302021265029907, 0.4185452163219452, 0.40911975502967834], "ensemble_accuracy": [0.7012019157409668, 0.824999988079071, 0.8379807472229004, 0.8430288434028625, 0.8475961685180664, 0.8502404093742371, 0.8531249761581421, 0.856249988079071, 0.8598557710647583, 0.8608173131942749], "ensemble_val_loss": [0.8751408457756042, 0.7303140163421631, 0.6351473927497864, 0.5711233019828796, 0.5384467840194702, 0.5232816934585571, 0.5138372778892517, 0.5055596828460693, 0.4986502230167389, 0.49495962262153625], "ensemble_val_accuracy": [0.7333333492279053, 0.8148148059844971, 0.8148148059844971, 0.8148148059844971, 0.8148148059844971, 0.8148148059844971, 0.8148148059844971, 0.8148148059844971, 0.8148148059844971, 0.8148148059844971], "ensemble_no_transfer_learning_ensemble_loss": [0.6017468571662903, 0.4413728713989258, 0.406287282705307, 0.3821537494659424, 0.3614560663700104, 0.3429369628429413, 0.3264486491680145, 0.3105440139770508, 0.2967532277107239, 0.283837229013443], "ensemble_no_transfer_learning_ensemble_accuracy": [0.7903845906257629, 0.831250011920929, 0.8430288434028625, 0.8502404093742371, 0.8574519157409668, 0.8646634817123413, 0.8723557591438293, 0.8788461685180664, 0.8870192170143127, 0.895432710647583], "ensemble_no_transfer_learning_ensemble_val_loss": [1.2137081623077393, 1.593189001083374, 1.5731924772262573, 0.8295664191246033, 0.4247185289859772, 0.359342485666275, 0.3584628105163574, 0.3589589297771454, 0.3644390106201172, 0.35994237661361694], "ensemble_no_transfer_learning_ensemble_val_accuracy": [0.2888889014720917, 0.2888889014720917, 0.2888889014720917, 0.6814814805984497, 0.8296296000480652, 0.8222222328186035, 0.8222222328186035, 0.8148148059844971, 0.8148148059844971, 0.8074073791503906]}