{"ensemble_loss": [0.7378706932067871, 0.46300172805786133, 0.3748224377632141, 0.3105430603027344, 0.2689187228679657, 0.2401062399148941, 0.21750368177890778, 0.2010507583618164, 0.18606215715408325, 0.17468343675136566], "ensemble_accuracy": [0.7973278760910034, 0.87160325050354, 0.8974184989929199, 0.9153985381126404, 0.925815224647522, 0.9352355003356934, 0.9418478012084961, 0.946467399597168, 0.9504981637001038, 0.9541213512420654], "ensemble_val_loss": [0.8466665744781494, 0.6624917387962341, 0.4736667573451996, 0.385827898979187, 0.3265068531036377, 0.3904208540916443, 0.392098605632782, 0.3882061541080475, 0.42673659324645996, 0.5476025938987732], "ensemble_val_accuracy": [0.6420764923095703, 0.8510928750038147, 0.8715847134590149, 0.9016393423080444, 0.9166666865348816, 0.9071038365364075, 0.9275956153869629, 0.8934426307678223, 0.9084699749946594, 0.8333333134651184]}