{"ensemble_loss": [0.6989389657974243, 0.6011614203453064, 0.5324007868766785, 0.4791567325592041, 0.4372788071632385, 0.40302959084510803, 0.37427690625190735, 0.3501551151275635, 0.3296765685081482, 0.31189975142478943], "ensemble_accuracy": [0.44999998807907104, 0.6468750238418579, 0.7562500238418579, 0.8500000238418579, 0.934374988079071, 0.949999988079071, 0.9750000238418579, 0.9781249761581421, 0.9781249761581421, 0.984375], "ensemble_val_loss": [0.6748661398887634, 0.6595586538314819, 0.6447533369064331, 0.6315250396728516, 0.616507887840271, 0.5944703817367554, 0.5757343769073486, 0.5581598877906799, 0.5414708852767944, 0.5275194048881531], "ensemble_val_accuracy": [0.6000000238418579, 0.4000000059604645, 0.6000000238418579, 0.6000000238418579, 0.6000000238418579, 0.6000000238418579, 0.6000000238418579, 0.699999988079071, 0.800000011920929, 0.800000011920929], "ensemble_no_transfer_learning_ensemble_loss": [0.555628776550293, 0.39494043588638306, 0.31898343563079834, 0.2706111967563629, 0.23726089298725128, 0.21227610111236572, 0.1925451159477234, 0.1765037626028061, 0.16301114857196808, 0.1515367180109024], "ensemble_no_transfer_learning_ensemble_accuracy": [0.796875, 0.9281250238418579, 0.9375, 0.956250011920929, 0.965624988079071, 0.965624988079071, 0.965624988079071, 0.96875, 0.9750000238418579, 0.981249988079071], "ensemble_no_transfer_learning_ensemble_val_loss": [0.6969544291496277, 0.7087541818618774, 0.7449518442153931, 0.8051530122756958, 0.8848193883895874, 0.9818671941757202, 1.09149169921875, 1.2117514610290527, 1.3380156755447388, 1.4683005809783936], "ensemble_no_transfer_learning_ensemble_val_accuracy": [0.20000000298023224, 0.20000000298023224, 0.20000000298023224, 0.20000000298023224, 0.20000000298023224, 0.20000000298023224, 0.20000000298023224, 0.20000000298023224, 0.20000000298023224, 0.20000000298023224]}