{"baseline_loss": [2.722881317138672, 1.9736571311950684, 1.6682809591293335, 1.5213621854782104, 1.4229331016540527, 1.341190218925476, 1.2806096076965332, 1.2291563749313354, 1.2010722160339355, 1.176308035850525], "baseline_accuracy": [0.1145833358168602, 0.27291667461395264, 0.44934895634651184, 0.5184895992279053, 0.5623697638511658, 0.591796875, 0.6235677003860474, 0.635937511920929, 0.6489583253860474, 0.6686198115348816], "baseline_val_loss": [2.286872386932373, 1.9291603565216064, 1.729231595993042, 1.5761651992797852, 1.4997752904891968, 1.4557443857192993, 1.4106743335723877, 1.3722848892211914, 1.3331724405288696, 1.3107492923736572], "baseline_val_accuracy": [0.164000004529953, 0.30799999833106995, 0.40799999237060547, 0.4880000054836273, 0.5519999861717224, 0.5440000295639038, 0.5640000104904175, 0.5640000104904175, 0.6159999966621399, 0.6200000047683716], "baseline_no_transfer_learning_base_loss": [1.8302992582321167, 1.5523873567581177, 1.4137980937957764, 1.3263211250305176, 1.2613791227340698, 1.2089579105377197, 1.1643447875976562, 1.125188946723938, 1.0893232822418213, 1.0566670894622803], "baseline_no_transfer_learning_base_accuracy": [0.38593751192092896, 0.5270833373069763, 0.5720052123069763, 0.594921886920929, 0.6187499761581421, 0.6351562738418579, 0.6513020992279053, 0.6641927361488342, 0.672656238079071, 0.6846354007720947], "baseline_no_transfer_learning_base_val_loss": [2.283935308456421, 1.8959786891937256, 1.5550870895385742, 1.4664697647094727, 1.4156078100204468, 1.379793405532837, 1.3805185556411743, 1.4125181436538696, 1.3107565641403198, 1.2934885025024414], "baseline_no_transfer_learning_base_val_accuracy": [0.14399999380111694, 0.30000001192092896, 0.4560000002384186, 0.47600001096725464, 0.5040000081062317, 0.5040000081062317, 0.5559999942779541, 0.5400000214576721, 0.5600000023841858, 0.5799999833106995]}