{"ensemble_loss": [0.6053465008735657, 0.5597140789031982, 0.5348049998283386, 0.51455157995224, 0.4964118003845215, 0.48044681549072266, 0.46627315878868103, 0.4533558487892151, 0.44164955615997314, 0.43094825744628906], "ensemble_accuracy": [0.6985977292060852, 0.7520833611488342, 0.7802884578704834, 0.8020432591438293, 0.8176282048225403, 0.8307291865348816, 0.8399839997291565, 0.8494791388511658, 0.8572515845298767, 0.8618189096450806], "ensemble_val_loss": [0.5827761888504028, 0.5543621778488159, 0.5368071794509888, 0.5158877372741699, 0.4994112253189087, 0.4865902364253998, 0.4822605848312378, 0.47139307856559753, 0.45215845108032227, 0.4445507824420929], "ensemble_val_accuracy": [0.7442424297332764, 0.7793939113616943, 0.7975757718086243, 0.8012121319770813, 0.8193939328193665, 0.8315151333808899, 0.8290908932685852, 0.8266666531562805, 0.8581818342208862, 0.8533333539962769], "ensemble_no_transfer_learning_ensemble_loss": [0.606080174446106, 0.5147497057914734, 0.4501177966594696, 0.4024132788181305, 0.36458876729011536, 0.33668142557144165, 0.3146471679210663, 0.2969927489757538, 0.28090155124664307, 0.2689193785190582], "ensemble_no_transfer_learning_ensemble_accuracy": [0.6667067408561707, 0.7679888010025024, 0.8193910121917725, 0.8461538553237915, 0.8651442527770996, 0.8778044581413269, 0.8852564096450806, 0.8923878073692322, 0.8992387652397156, 0.9023237228393555], "ensemble_no_transfer_learning_ensemble_val_loss": [0.5870147347450256, 0.8934464454650879, 1.374368667602539, 1.8087263107299805, 1.502068281173706, 2.145839214324951, 1.8723118305206299, 1.5759831666946411, 2.0485618114471436, 0.8230118751525879], "ensemble_no_transfer_learning_ensemble_val_accuracy": [0.7490909099578857, 0.5187878608703613, 0.5199999809265137, 0.5199999809265137, 0.5284848213195801, 0.5199999809265137, 0.5187878608703613, 0.5199999809265137, 0.5187878608703613, 0.5757575631141663]}