{"ensemble_loss": [0.6663665771484375, 0.6396423578262329, 0.6222994923591614, 0.6094499826431274, 0.5994507670402527, 0.5918441414833069, 0.5852909088134766, 0.5795961618423462, 0.5742275714874268, 0.5693798661231995], "ensemble_accuracy": [0.6095644235610962, 0.654356062412262, 0.6771780252456665, 0.6910037994384766, 0.7017045617103577, 0.7088068127632141, 0.7130681872367859, 0.7182765007019043, 0.7227272987365723, 0.7254734635353088], "ensemble_val_loss": [0.6547636389732361, 0.6297019720077515, 0.6148929595947266, 0.6082116961479187, 0.6048187017440796, 0.5959822535514832, 0.5880484580993652, 0.5834735035896301, 0.5795040726661682, 0.5787341594696045], "ensemble_val_accuracy": [0.6384839415550232, 0.6763848662376404, 0.6938775777816772, 0.6705539226531982, 0.6355684995651245, 0.6880466341972351, 0.7259474992752075, 0.7201166152954102, 0.7346938848495483, 0.705539345741272], "ensemble_no_transfer_learning_ensemble_loss": [0.6766202449798584, 0.6690128445625305, 0.665117084980011, 0.6609921455383301, 0.6529682874679565, 0.6415989995002747, 0.6295391917228699, 0.6129670739173889, 0.5990085601806641, 0.5874559283256531], "ensemble_no_transfer_learning_ensemble_accuracy": [0.5669507384300232, 0.5810605883598328, 0.5897727012634277, 0.5978219509124756, 0.6150568127632141, 0.6345643997192383, 0.6532196998596191, 0.6765151619911194, 0.6933712363243103, 0.703125], "ensemble_no_transfer_learning_ensemble_val_loss": [0.7464409470558167, 0.657151460647583, 0.6617709398269653, 0.642535388469696, 0.6303641200065613, 0.6263373494148254, 0.6397184729576111, 0.5769686102867126, 0.5773328542709351, 0.5859243273735046], "ensemble_no_transfer_learning_ensemble_val_accuracy": [0.5043731927871704, 0.6209912300109863, 0.615160346031189, 0.6384839415550232, 0.6501457691192627, 0.7201166152954102, 0.495626837015152, 0.7142857313156128, 0.6851311922073364, 0.7405247688293457]}