{"ensemble_loss": [3.1537928581237793, 2.949737548828125, 2.829129457473755, 2.744920253753662, 2.6788527965545654, 2.6269710063934326, 2.5845282077789307, 2.5481314659118652, 2.5160725116729736, 2.488144636154175], "ensemble_accuracy": [0.11054687201976776, 0.2554687559604645, 0.3203125, 0.37421876192092896, 0.412109375, 0.43242186307907104, 0.443359375, 0.4585937559604645, 0.46875, 0.4808593690395355], "ensemble_val_loss": [3.0774075984954834, 2.950082540512085, 2.8645639419555664, 2.800039768218994, 2.744849920272827, 2.695849657058716, 2.654134750366211, 2.618274211883545, 2.585825204849243, 2.556473731994629], "ensemble_val_accuracy": [0.20000000298023224, 0.25882354378700256, 0.3294117748737335, 0.34117648005485535, 0.4000000059604645, 0.4117647111415863, 0.38823530077934265, 0.3529411852359772, 0.3529411852359772, 0.3764705955982208], "ensemble_no_transfer_learning_ensemble_loss": [2.886465072631836, 2.5642685890197754, 2.3717105388641357, 2.221254348754883, 2.1047091484069824, 2.012063503265381, 1.9396536350250244, 1.8768975734710693, 1.8223527669906616, 1.7745440006256104], "ensemble_no_transfer_learning_ensemble_accuracy": [0.21914061903953552, 0.38359373807907104, 0.4945312440395355, 0.561718761920929, 0.5894531011581421, 0.610156238079071, 0.6253906488418579, 0.632031261920929, 0.6382812261581421, 0.63671875], "ensemble_no_transfer_learning_ensemble_val_loss": [3.242448091506958, 3.2451534271240234, 3.1926026344299316, 3.0755808353424072, 2.9003124237060547, 2.6947226524353027, 2.4733240604400635, 2.287416458129883, 2.1569600105285645, 2.0803940296173096], "ensemble_no_transfer_learning_ensemble_val_accuracy": [0.0470588244497776, 0.0941176488995552, 0.05882352963089943, 0.0941176488995552, 0.12941177189350128, 0.2235294133424759, 0.29411765933036804, 0.3529411852359772, 0.34117648005485535, 0.4000000059604645]}