{"ensemble_loss": [2.1285061836242676, 1.6720247268676758, 1.4547160863876343, 1.310714602470398, 1.2044966220855713, 1.1209954023361206, 1.0518957376480103, 0.9927545785903931, 0.9416744112968445, 0.8971465826034546], "ensemble_accuracy": [0.505660355091095, 0.8105542659759521, 0.8558962345123291, 0.8866155743598938, 0.9087854027748108, 0.9227004647254944, 0.9339032769203186, 0.9429835081100464, 0.9501179456710815, 0.9556604027748108], "ensemble_val_loss": [1.8527079820632935, 1.5495719909667969, 1.3662654161453247, 1.2391670942306519, 1.1438508033752441, 1.0674046277999878, 1.0034983158111572, 0.9485853314399719, 0.9011701941490173, 0.8596282005310059], "ensemble_val_accuracy": [0.7779751420021057, 0.8614564538002014, 0.8827708959579468, 0.8916518688201904, 0.8952042460441589, 0.9147424697875977, 0.9218472242355347, 0.9271758198738098, 0.9289520382881165, 0.9289520382881165], "ensemble_no_transfer_learning_ensemble_loss": [1.395215630531311, 0.7711576819419861, 0.5500413179397583, 0.4012199342250824, 0.30870547890663147, 0.2371254563331604, 0.1772616058588028, 0.14853936433792114, 0.1112578958272934, 0.06395518034696579], "ensemble_no_transfer_learning_ensemble_accuracy": [0.8169811367988586, 0.9607900977134705, 0.9853184223175049, 0.9931603670120239, 0.9962853789329529, 0.9976415038108826, 0.9986438751220703, 0.9996462464332581, 0.9997641444206238, 0.9997641444206238], "ensemble_no_transfer_learning_ensemble_val_loss": [1.154855728149414, 0.6738831996917725, 0.5003378987312317, 0.3811657428741455, 0.31336989998817444, 0.24940092861652374, 0.2041291892528534, 0.1823199838399887, 0.1439700722694397, 0.10527888685464859], "ensemble_no_transfer_learning_ensemble_val_accuracy": [0.9218472242355347, 0.9680284261703491, 0.9769093990325928, 0.9822379946708679, 0.9786856174468994, 0.9786856174468994, 0.9786856174468994, 0.9786856174468994, 0.9786856174468994, 0.9822379946708679]}