{"ensemble_loss": [1.5867253541946411, 1.0043646097183228, 0.7838889360427856, 0.6380656957626343, 0.5425954461097717, 0.4813888967037201, 0.43367472290992737, 0.3890281319618225, 0.34752747416496277, 0.3164216876029968], "ensemble_accuracy": [0.7189815044403076, 0.8582175970077515, 0.8954861164093018, 0.9204860925674438, 0.9392361044883728, 0.954745352268219, 0.9621527791023254, 0.967129647731781, 0.971875011920929, 0.9755787253379822], "ensemble_val_loss": [3.886861562728882, 1.5759395360946655, 0.8158228993415833, 0.6776137948036194, 0.5899645090103149, 0.5379073619842529, 0.48564428091049194, 0.44872555136680603, 0.4066019654273987, 0.37452858686447144], "ensemble_val_accuracy": [0.07092198729515076, 0.478723406791687, 0.8546099066734314, 0.8510638475418091, 0.8829787373542786, 0.9007092118263245, 0.9007092118263245, 0.9007092118263245, 0.9078013896942139, 0.9078013896942139]}