{"base_loss": [0.2553984522819519, 0.14729337394237518, 0.10931004583835602, 0.0879497155547142, 0.07427293062210083, 0.06292754411697388, 0.05471663922071457, 0.04612255468964577, 0.04164556413888931, 0.035262465476989746], "base_accuracy": [0.9042613506317139, 0.9528409242630005, 0.9678977131843567, 0.9786931872367859, 0.9840909242630005, 0.9877840876579285, 0.9909090995788574, 0.9931818246841431, 0.9931818246841431, 0.9940341114997864], "base_val_loss": [1.0265470743179321, 1.57137131690979, 1.1586382389068604, 0.39186152815818787, 0.13409577310085297, 0.08089985698461533, 0.08615417033433914, 0.08600718528032303, 0.06476949900388718, 0.051171205937862396], "base_val_accuracy": [0.40707963705062866, 0.40707963705062866, 0.40707963705062866, 0.8053097128868103, 0.982300877571106, 0.982300877571106, 0.9734513163566589, 0.9734513163566589, 0.982300877571106, 0.9646017551422119]}