{"baseline_loss": [0.8651512265205383, 0.3675439655780792, 0.2512897849082947, 0.20270571112632751, 0.16128791868686676, 0.13967140018939972, 0.12290973216295242, 0.10802721977233887, 0.10453381389379501, 0.08799689263105392], "baseline_accuracy": [0.821093738079071, 0.9776041507720947, 0.9897135496139526, 0.9916666746139526, 0.9944010376930237, 0.9946614503860474, 0.9957031011581421, 0.9959635138511658, 0.9963541626930237, 0.9985677003860474], "baseline_val_loss": [0.576558530330658, 0.31571003794670105, 0.2368435114622116, 0.18905200064182281, 0.16182702779769897, 0.14945705235004425, 0.13329090178012848, 0.12464328110218048, 0.11693079769611359, 0.11024105548858643], "baseline_val_accuracy": [0.8627451062202454, 0.95686274766922, 0.9764705896377563, 0.9764705896377563, 0.9764705896377563, 0.9764705896377563, 0.9803921580314636, 0.9803921580314636, 0.9803921580314636, 0.9764705896377563], "baseline_no_transfer_learning_base_loss": [0.949380099773407, 0.5107824802398682, 0.3723173439502716, 0.30007654428482056, 0.25225844979286194, 0.2177278697490692, 0.19100457429885864, 0.17075896263122559, 0.15330585837364197, 0.138472780585289], "baseline_no_transfer_learning_base_accuracy": [0.7233073115348816, 0.9087239503860474, 0.9261718988418579, 0.9390624761581421, 0.9490885138511658, 0.9566406011581421, 0.963671863079071, 0.9696614742279053, 0.9735677242279053, 0.9765625], "baseline_no_transfer_learning_base_val_loss": [2.3638126850128174, 1.8675724267959595, 0.4062982201576233, 0.25315967202186584, 0.18128664791584015, 0.20332740247249603, 0.23052667081356049, 0.17834733426570892, 0.13352596759796143, 0.1381625086069107], "baseline_no_transfer_learning_base_val_accuracy": [0.1882352977991104, 0.21568627655506134, 0.9529411792755127, 0.9803921580314636, 0.9843137264251709, 0.9803921580314636, 0.9803921580314636, 0.9803921580314636, 0.9843137264251709, 0.9843137264251709]}