{"baseline_loss": [2.096649169921875, 1.8805252313613892, 1.7684199810028076, 1.699891209602356, 1.661797285079956, 1.62789785861969, 1.5585187673568726, 1.5529876947402954, 1.5370122194290161, 1.4996103048324585], "baseline_accuracy": [0.22499999403953552, 0.32548075914382935, 0.35769230127334595, 0.3740384578704834, 0.4052884578704834, 0.44855770468711853, 0.46610575914382935, 0.48028847575187683, 0.4838942289352417, 0.4901442229747772], "baseline_val_loss": [2.340228319168091, 2.068925380706787, 1.961808204650879, 1.8822028636932373, 1.8207906484603882, 1.7619801759719849, 1.6961408853530884, 1.6494826078414917, 1.620089054107666, 1.573270559310913], "baseline_val_accuracy": [0.27131783962249756, 0.3798449635505676, 0.3333333432674408, 0.38759690523147583, 0.4806201457977295, 0.44186046719551086, 0.5271317958831787, 0.5348837375640869, 0.5193798542022705, 0.5193798542022705], "baseline_no_transfer_learning_base_loss": [1.6397626399993896, 1.5033414363861084, 1.4434387683868408, 1.402917742729187, 1.3710604906082153, 1.3421202898025513, 1.3171273469924927, 1.2939127683639526, 1.274051308631897, 1.2544957399368286], "baseline_no_transfer_learning_base_accuracy": [0.375, 0.4521634578704834, 0.47932693362236023, 0.49447116255760193, 0.503125011920929, 0.5153846144676208, 0.5262019038200378, 0.5322115421295166, 0.5478365421295166, 0.5528846383094788], "baseline_no_transfer_learning_base_val_loss": [2.0610883235931396, 2.387571334838867, 2.4305057525634766, 1.9271992444992065, 1.5228259563446045, 1.4095555543899536, 1.4296000003814697, 1.4588778018951416, 1.45575749874115, 1.4652202129364014], "baseline_no_transfer_learning_base_val_accuracy": [0.11627907305955887, 0.11627907305955887, 0.12403100728988647, 0.21705426275730133, 0.3720930218696594, 0.40310078859329224, 0.3798449635505676, 0.3798449635505676, 0.3720930218696594, 0.3643410801887512]}