{"ensemble_loss": [0.5876297950744629, 0.47635120153427124, 0.42069655656814575, 0.38184255361557007, 0.35223662853240967, 0.32765161991119385, 0.30591970682144165, 0.2861458957195282, 0.2689203917980194, 0.25311195850372314], "ensemble_accuracy": [0.7414772510528564, 0.8741477131843567, 0.8988636136054993, 0.9207386374473572, 0.9321022629737854, 0.9400568008422852, 0.9463068246841431, 0.9534090757369995, 0.9602272510528564, 0.9639204740524292], "ensemble_val_loss": [0.5641607642173767, 0.47498032450675964, 0.41430774331092834, 0.36982929706573486, 0.33449509739875793, 0.30600690841674805, 0.2815532088279724, 0.26130175590515137, 0.24450726807117462, 0.2281644642353058], "ensemble_val_accuracy": [0.9026548862457275, 0.8849557638168335, 0.8849557638168335, 0.9026548862457275, 0.9380530714988708, 0.9292035102844238, 0.9557521939277649, 0.9734513163566589, 0.9734513163566589, 0.9646017551422119], "ensemble_no_transfer_learning_ensemble_loss": [0.4575614929199219, 0.25020548701286316, 0.16258005797863007, 0.12053392082452774, 0.09547798335552216, 0.08002828061580658, 0.07013823837041855, 0.06207040324807167, 0.056793712079524994, 0.051676589995622635], "ensemble_no_transfer_learning_ensemble_accuracy": [0.840624988079071, 0.9593750238418579, 0.9764204621315002, 0.9823863506317139, 0.9838067889213562, 0.9863636493682861, 0.9883522987365723, 0.9894886612892151, 0.9900568127632141, 0.9911931753158569], "ensemble_no_transfer_learning_ensemble_val_loss": [0.8069722652435303, 1.1913145780563354, 1.005368947982788, 0.5843445062637329, 0.36149027943611145, 0.3267916738986969, 0.24383486807346344, 0.17769816517829895, 0.1326313316822052, 0.14329218864440918], "ensemble_no_transfer_learning_ensemble_val_accuracy": [0.4336283206939697, 0.4336283206939697, 0.4336283206939697, 0.6725663542747498, 0.9026548862457275, 0.7964601516723633, 0.9026548862457275, 0.9115044474601746, 0.9292035102844238, 0.9380530714988708]}