{"baseline_loss": [2.8992700576782227, 2.09364652633667, 1.741500735282898, 1.526800513267517, 1.3820559978485107, 1.2691057920455933, 1.187962532043457, 1.1186561584472656, 1.0586413145065308, 1.0067294836044312], "baseline_accuracy": [0.27778124809265137, 0.4212968647480011, 0.48875001072883606, 0.5299453139305115, 0.5586718916893005, 0.5881953239440918, 0.6111484169960022, 0.6319843530654907, 0.6473125219345093, 0.6643515825271606], "baseline_val_loss": [2.416755437850952, 1.9677801132202148, 1.7452943325042725, 1.6874399185180664, 1.5087766647338867, 1.4856159687042236, 1.417747139930725, 1.3647242784500122, 1.3649526834487915, 1.3450164794921875], "baseline_val_accuracy": [0.3353672921657562, 0.41586482524871826, 0.43698662519454956, 0.4193851351737976, 0.44379255175590515, 0.45716968178749084, 0.46491435170173645, 0.47172024846076965, 0.46561840176582336, 0.47125089168548584]}