{"baseline_loss": [0.3193233907222748, 0.14516471326351166, 0.09658057242631912, 0.07469676434993744, 0.05909469723701477, 0.05034942924976349, 0.04421861469745636, 0.036221299320459366, 0.03066139854490757, 0.03094358928501606], "baseline_accuracy": [0.8727272748947144, 0.9576704502105713, 0.9792613387107849, 0.9892045259475708, 0.9951704740524292, 0.996874988079071, 0.9946022629737854, 0.9980113506317139, 0.9988636374473572, 0.9965909123420715], "baseline_val_loss": [0.34592849016189575, 0.12125948071479797, 0.06407134979963303, 0.04352317377924919, 0.03200346976518631, 0.027182457968592644, 0.022911211475729942, 0.01855429634451866, 0.015158094465732574, 0.02110368199646473], "baseline_val_accuracy": [0.8141592741012573, 0.991150438785553, 1.0, 1.0, 1.0, 1.0, 1.0, 1.0, 1.0, 1.0], "baseline_no_transfer_learning_base_loss": [0.2553984522819519, 0.14729337394237518, 0.10931004583835602, 0.0879497155547142, 0.07427293062210083, 0.06292754411697388, 0.05471663922071457, 0.04612255468964577, 0.04164556413888931, 0.035262465476989746], "baseline_no_transfer_learning_base_accuracy": [0.9042613506317139, 0.9528409242630005, 0.9678977131843567, 0.9786931872367859, 0.9840909242630005, 0.9877840876579285, 0.9909090995788574, 0.9931818246841431, 0.9931818246841431, 0.9940341114997864], "baseline_no_transfer_learning_base_val_loss": [1.0265470743179321, 1.57137131690979, 1.1586382389068604, 0.39186152815818787, 0.13409577310085297, 0.08089985698461533, 0.08615417033433914, 0.08600718528032303, 0.06476949900388718, 0.051171205937862396], "baseline_no_transfer_learning_base_val_accuracy": [0.40707963705062866, 0.40707963705062866, 0.40707963705062866, 0.8053097128868103, 0.982300877571106, 0.982300877571106, 0.9734513163566589, 0.9734513163566589, 0.982300877571106, 0.9646017551422119]}