{"baseline_loss": [0.732734739780426, 0.4917542040348053, 0.43793708086013794, 0.4142969846725464, 0.3930286765098572, 0.3799514174461365, 0.3680747151374817, 0.35720595717430115, 0.3592437505722046, 0.3441961109638214], "baseline_accuracy": [0.6968125104904175, 0.8088124990463257, 0.8342499732971191, 0.8421875238418579, 0.8518750071525574, 0.856374979019165, 0.8663125038146973, 0.8676249980926514, 0.8653749823570251, 0.8760625123977661], "baseline_val_loss": [1.1335861682891846, 1.0177940130233765, 0.8664836883544922, 0.8057541251182556, 0.8042138814926147, 0.7471819519996643, 0.709582507610321, 0.7273553609848022, 0.6584368944168091, 0.7272571325302124], "baseline_val_accuracy": [0.3958333432674408, 0.48674243688583374, 0.5700757503509521, 0.6041666865348816, 0.6136363744735718, 0.6628788113594055, 0.6742424368858337, 0.689393937587738, 0.7045454382896423, 0.6875], "baseline_no_transfer_learning_base_loss": [0.47897398471832275, 0.37701261043548584, 0.34336569905281067, 0.31713756918907166, 0.29474368691444397, 0.2737765610218048, 0.2551075518131256, 0.23801665008068085, 0.22211603820323944, 0.20795531570911407], "baseline_no_transfer_learning_base_accuracy": [0.8182500004768372, 0.8541250228881836, 0.866937518119812, 0.8776249885559082, 0.8883749842643738, 0.9003124833106995, 0.9091874957084656, 0.9199374914169312, 0.9282500147819519, 0.9341250061988831], "baseline_no_transfer_learning_base_val_loss": [0.6651743054389954, 0.5231152176856995, 0.5017968416213989, 0.47762158513069153, 0.4628107249736786, 0.4201542139053345, 0.4987700581550598, 1.0699291229248047, 1.2234870195388794, 1.9678971767425537], "baseline_no_transfer_learning_base_val_accuracy": [0.7291666865348816, 0.7367424368858337, 0.7651515007019043, 0.7916666865348816, 0.7973484992980957, 0.8295454382896423, 0.7424242496490479, 0.6193181872367859, 0.6193181872367859, 0.6060606241226196]}