{"ensemble_loss": [0.5602169036865234, 0.5033107399940491, 0.4782879054546356, 0.46131592988967896, 0.448163777589798, 0.4371885359287262, 0.42774099111557007, 0.41924071311950684, 0.4116479754447937, 0.404789000749588], "ensemble_accuracy": [0.6889880895614624, 0.7427083253860474, 0.7825892567634583, 0.8084821701049805, 0.819345235824585, 0.8267857432365417, 0.8324404954910278, 0.8370535969734192, 0.8427083492279053, 0.8465774059295654], "ensemble_val_loss": [0.46931129693984985, 0.4283546805381775, 0.40550699830055237, 0.3892364501953125, 0.377982497215271, 0.36905330419540405, 0.3610785901546478, 0.3544580638408661, 0.34854400157928467, 0.3432442843914032], "ensemble_val_accuracy": [0.847533643245697, 0.8923766613006592, 0.8744394779205322, 0.8834080696105957, 0.8923766613006592, 0.8878923654556274, 0.8834080696105957, 0.8878923654556274, 0.878923773765564, 0.878923773765564], "ensemble_no_transfer_learning_ensemble_loss": [0.5259584784507751, 0.43732690811157227, 0.39282724261283875, 0.3645414113998413, 0.3448070287704468, 0.329811155796051, 0.31407445669174194, 0.3000958561897278, 0.28764423727989197, 0.27865108847618103], "ensemble_no_transfer_learning_ensemble_accuracy": [0.7205356955528259, 0.8011904954910278, 0.8302083611488342, 0.8479166626930237, 0.8578869104385376, 0.8659226298332214, 0.8715773820877075, 0.8813987970352173, 0.883779764175415, 0.8873512148857117], "ensemble_no_transfer_learning_ensemble_val_loss": [2.323136329650879, 4.881122589111328, 2.090484380722046, 0.6240492463111877, 0.41328495740890503, 0.45532485842704773, 0.41817548871040344, 0.42818883061408997, 0.5971591472625732, 0.45340341329574585], "ensemble_no_transfer_learning_ensemble_val_accuracy": [0.47533631324768066, 0.47533631324768066, 0.4663677215576172, 0.6502242088317871, 0.8206278085708618, 0.7309417128562927, 0.7757847309112549, 0.7578475475311279, 0.6771300435066223, 0.7668161392211914]}