{"ensemble_loss": [1.1364753246307373, 0.876373291015625, 0.7939810752868652, 0.7416481375694275, 0.7023158669471741, 0.6703519225120544, 0.6446995735168457, 0.6238639950752258, 0.6054034233093262, 0.5889698266983032], "ensemble_accuracy": [0.5248355269432068, 0.7023026347160339, 0.765625, 0.7886512875556946, 0.8027960658073425, 0.8113486766815186, 0.8189144730567932, 0.8225328922271729, 0.8253289461135864, 0.8289473652839661], "ensemble_val_loss": [1.039060354232788, 0.9615387320518494, 0.9224919080734253, 0.8874921202659607, 0.8592742681503296, 0.8358469009399414, 0.8151611089706421, 0.7964867353439331, 0.7770549058914185, 0.7598154544830322], "ensemble_val_accuracy": [0.5867347121238708, 0.4948979616165161, 0.5510203838348389, 0.6122449040412903, 0.6326530575752258, 0.6377550959587097, 0.6428571343421936, 0.6785714030265808, 0.6785714030265808, 0.6785714030265808], "ensemble_no_transfer_learning_ensemble_loss": [0.7943269610404968, 0.5822136998176575, 0.5050455927848816, 0.4546605050563812, 0.41598615050315857, 0.3833662271499634, 0.35481560230255127, 0.328584223985672, 0.304257333278656, 0.28029268980026245], "ensemble_no_transfer_learning_ensemble_accuracy": [0.7462171316146851, 0.8294407725334167, 0.8455592393875122, 0.8613486886024475, 0.8726973533630371, 0.8832237124443054, 0.8950657844543457, 0.9085526466369629, 0.9177631735801697, 0.928947389125824], "ensemble_no_transfer_learning_ensemble_val_loss": [1.3396600484848022, 0.7007827162742615, 0.5630198121070862, 0.5721163749694824, 0.5564194917678833, 0.55543452501297, 0.5445557236671448, 0.53132164478302, 0.5642331838607788, 0.5342921614646912], "ensemble_no_transfer_learning_ensemble_val_accuracy": [0.25, 0.7244898080825806, 0.7704081535339355, 0.7295918464660645, 0.75, 0.7448979616165161, 0.7551020383834839, 0.7602040767669678, 0.7244898080825806, 0.7602040767669678]}