{"baseline_loss": [1.3964146375656128, 1.2105159759521484, 1.0781052112579346, 0.933656632900238, 0.8624155521392822, 0.8110975623130798, 0.7422179579734802, 0.7030583620071411, 0.6656009554862976, 0.6216906905174255], "baseline_accuracy": [0.2916666567325592, 0.5208333134651184, 0.6520833373069763, 0.7395833134651184, 0.7593749761581421, 0.7333333492279053, 0.7666666507720947, 0.7947916388511658, 0.8229166865348816, 0.8739583492279053], "baseline_val_loss": [1.6888469457626343, 1.467293381690979, 1.279209017753601, 1.1099224090576172, 1.0246442556381226, 0.9965828657150269, 0.9363536238670349, 0.8897365927696228, 0.865118145942688, 0.8499422073364258], "baseline_val_accuracy": [0.2857142984867096, 0.2857142984867096, 0.25, 0.5714285969734192, 0.6785714030265808, 0.6785714030265808, 0.6785714030265808, 0.6785714030265808, 0.6785714030265808, 0.6785714030265808], "baseline_no_transfer_learning_base_loss": [1.216196894645691, 0.941358208656311, 0.7959976196289062, 0.6990844011306763, 0.629107654094696, 0.5744998455047607, 0.5278322100639343, 0.4864291250705719, 0.4491606652736664, 0.41525909304618835], "baseline_no_transfer_learning_base_accuracy": [0.5489583611488342, 0.690625011920929, 0.706250011920929, 0.7354166507720947, 0.8197916746139526, 0.8864583373069763, 0.9229166507720947, 0.940625011920929, 0.953125, 0.9583333134651184], "baseline_no_transfer_learning_base_val_loss": [1.3964803218841553, 1.4508403539657593, 1.590317726135254, 1.7590686082839966, 1.9132298231124878, 2.0167527198791504, 2.045469045639038, 1.9886929988861084, 1.8841581344604492, 1.7573732137680054], "baseline_no_transfer_learning_base_val_accuracy": [0.1785714328289032, 0.2142857164144516, 0.2142857164144516, 0.2142857164144516, 0.2142857164144516, 0.2142857164144516, 0.2142857164144516, 0.2142857164144516, 0.25, 0.5357142686843872]}