{"ensemble_loss": [0.7181106805801392, 0.5506941080093384, 0.4974183440208435, 0.46841442584991455, 0.44924330711364746, 0.4347929060459137, 0.4229489266872406, 0.41216981410980225, 0.40245312452316284, 0.3943670094013214], "ensemble_accuracy": [0.7275000214576721, 0.8099374771118164, 0.8228750228881836, 0.8298125267028809, 0.8351250290870667, 0.840499997138977, 0.8445000052452087, 0.8475624918937683, 0.8508750200271606, 0.8550000190734863], "ensemble_val_loss": [0.73046875, 0.6462077498435974, 0.5941058397293091, 0.561697781085968, 0.5403858423233032, 0.5251240730285645, 0.5132873058319092, 0.5026425123214722, 0.4914857745170593, 0.4835158586502075], "ensemble_val_accuracy": [0.6534090638160706, 0.7272727489471436, 0.7651515007019043, 0.7821969985961914, 0.7878788113594055, 0.8030303120613098, 0.814393937587738, 0.8238636255264282, 0.8295454382896423, 0.8409090638160706], "ensemble_no_transfer_learning_ensemble_loss": [0.46315431594848633, 0.3561389446258545, 0.31379544734954834, 0.2780848443508148, 0.2451164871454239, 0.21557116508483887, 0.18975378572940826, 0.16727182269096375, 0.14740312099456787, 0.1302790492773056], "ensemble_no_transfer_learning_ensemble_accuracy": [0.823312520980835, 0.8659374713897705, 0.8858749866485596, 0.9040625095367432, 0.9198125004768372, 0.937125027179718, 0.9495624899864197, 0.9595000147819519, 0.9690625071525574, 0.9753749966621399], "ensemble_no_transfer_learning_ensemble_val_loss": [1.002890944480896, 0.7749866843223572, 0.7233698964118958, 0.7075543403625488, 0.709343433380127, 0.7066085338592529, 0.7179445028305054, 0.7338970303535461, 0.7699658274650574, 0.802157998085022], "ensemble_no_transfer_learning_ensemble_val_accuracy": [0.469696968793869, 0.6496211886405945, 0.6799242496490479, 0.6931818127632141, 0.6950757503509521, 0.6969696879386902, 0.689393937587738, 0.6912878751754761, 0.6609848737716675, 0.6553030014038086]}