{"base_loss": [1.8470004796981812, 1.6534881591796875, 1.507711410522461, 1.4019125699996948, 1.311152696609497, 1.2383571863174438, 1.1704140901565552, 1.115477442741394, 1.0700739622116089, 1.020661473274231], "base_accuracy": [0.3565972149372101, 0.5114583373069763, 0.6395833492279053, 0.7138888835906982, 0.7541666626930237, 0.7784722447395325, 0.7916666865348816, 0.8010416626930237, 0.808680534362793, 0.8173611164093018], "base_val_loss": [2.0139124393463135, 2.5807313919067383, 4.044020175933838, 5.443821430206299, 5.3843278884887695, 3.8441154956817627, 1.882008671760559, 1.2704274654388428, 1.1729673147201538, 1.1418980360031128], "base_val_accuracy": [0.14772726595401764, 0.14772726595401764, 0.14772726595401764, 0.14772726595401764, 0.14772726595401764, 0.14772726595401764, 0.23863635957241058, 0.5909090638160706, 0.5454545617103577, 0.5909090638160706]}