{"baseline_loss": [2.3734750747680664, 1.930536150932312, 1.6629787683486938, 1.4604803323745728, 1.3086191415786743, 1.1787132024765015, 1.0889724493026733, 1.004894495010376, 0.9312146902084351, 0.8775997757911682], "baseline_accuracy": [0.3101452589035034, 0.4740537106990814, 0.5485915541648865, 0.6062059998512268, 0.6447623372077942, 0.6766945719718933, 0.6995158195495605, 0.7173635363578796, 0.7364216446876526, 0.7488556504249573], "baseline_val_loss": [2.1453845500946045, 1.8482463359832764, 1.6948668956756592, 1.5488985776901245, 1.2951699495315552, 1.3861570358276367, 1.2152166366577148, 1.096113681793213, 1.104914665222168, 0.9852660298347473], "baseline_val_accuracy": [0.37549668550491333, 0.49205297231674194, 0.4834437072277069, 0.5476821064949036, 0.62052983045578, 0.5245032906532288, 0.6119205355644226, 0.6741721630096436, 0.6357616186141968, 0.7013245224952698]}