{"base_loss": [0.5820522308349609, 0.5179676413536072, 0.49906039237976074, 0.4859926998615265, 0.4772334098815918, 0.4692409038543701, 0.4611152112483978, 0.45566245913505554, 0.4489344656467438, 0.44438838958740234], "base_accuracy": [0.6642857193946838, 0.715624988079071, 0.7330357432365417, 0.746874988079071, 0.7535714507102966, 0.768750011920929, 0.7709821462631226, 0.7772321701049805, 0.7816964387893677, 0.784375011920929], "base_val_loss": [0.740260660648346, 0.8260194659233093, 0.8208209872245789, 0.7720937728881836, 0.7780836224555969, 0.752396821975708, 0.7000473737716675, 0.6921356320381165, 0.638117253780365, 0.6355966925621033], "base_val_accuracy": [0.4923076927661896, 0.4923076927661896, 0.4923076927661896, 0.4923076927661896, 0.4153846204280853, 0.5538461804389954, 0.6153846383094788, 0.6769230961799622, 0.692307710647583, 0.692307710647583]}