{"ensemble_loss": [1.326433539390564, 1.1970584392547607, 1.1027660369873047, 1.0295288562774658, 0.9707905054092407, 0.9223361611366272, 0.8812128901481628, 0.8455785512924194, 0.8143115639686584, 0.7865645885467529], "ensemble_accuracy": [0.38333332538604736, 0.684374988079071, 0.7916666865348816, 0.8125, 0.8291666507720947, 0.8531249761581421, 0.862500011920929, 0.871874988079071, 0.875, 0.8958333134651184], "ensemble_val_loss": [1.3250099420547485, 1.2221466302871704, 1.155232310295105, 1.1090425252914429, 1.0749963521957397, 1.0466701984405518, 1.0201172828674316, 0.9937363266944885, 0.9673395156860352, 0.9398036003112793], "ensemble_val_accuracy": [0.3214285671710968, 0.6428571343421936, 0.6785714030265808, 0.7857142686843872, 0.8571428656578064, 0.8571428656578064, 0.8214285969734192, 0.8214285969734192, 0.8214285969734192, 0.8571428656578064], "ensemble_no_transfer_learning_ensemble_loss": [1.1022869348526, 0.8386361598968506, 0.6997973322868347, 0.5989360809326172, 0.5195198059082031, 0.4530968964099884, 0.3967475891113281, 0.34885674715042114, 0.3077754080295563, 0.27216607332229614], "ensemble_no_transfer_learning_ensemble_accuracy": [0.5958333611488342, 0.7447916865348816, 0.8656250238418579, 0.9156249761581421, 0.953125, 0.965624988079071, 0.9760416746139526, 0.9833333492279053, 0.9906250238418579, 0.9916666746139526], "ensemble_no_transfer_learning_ensemble_val_loss": [1.3585453033447266, 1.3489466905593872, 1.4109069108963013, 1.5110386610031128, 1.616984486579895, 1.6855895519256592, 1.6839244365692139, 1.608843445777893, 1.4833630323410034, 1.352715253829956], "ensemble_no_transfer_learning_ensemble_val_accuracy": [0.3928571343421936, 0.25, 0.25, 0.25, 0.25, 0.25, 0.25, 0.25, 0.25, 0.5714285969734192]}