{"baseline_loss": [4.224872589111328, 3.7628235816955566, 3.4723644256591797, 3.2180213928222656, 2.9770631790161133, 2.757016181945801, 2.557236433029175, 2.371755599975586, 2.2208824157714844, 2.0757501125335693], "baseline_accuracy": [0.06605113297700882, 0.17353220283985138, 0.27107006311416626, 0.3473958373069763, 0.40625, 0.45269885659217834, 0.48693183064460754, 0.5200284123420715, 0.552462100982666, 0.5879734754562378], "baseline_val_loss": [3.9847843647003174, 3.601696252822876, 3.3314692974090576, 3.062065362930298, 2.8790104389190674, 2.759953737258911, 2.4919660091400146, 2.382603168487549, 2.22269606590271, 2.281569480895996], "baseline_val_accuracy": [0.09051723778247833, 0.15229885280132294, 0.2816092073917389, 0.3836206793785095, 0.40229883790016174, 0.30747127532958984, 0.45402297377586365, 0.48419541120529175, 0.4612068831920624, 0.4166666567325592]}