{"baseline_loss": [1.9725655317306519, 1.353476643562317, 1.2180085182189941, 1.1507130861282349, 1.1014269590377808, 1.0683773756027222, 1.0380592346191406, 1.01581871509552, 1.0011540651321411, 0.9861342906951904], "baseline_accuracy": [0.4681449830532074, 0.6134436130523682, 0.6444604992866516, 0.6612178087234497, 0.6723245978355408, 0.6811500787734985, 0.6896814107894897, 0.6948545575141907, 0.6984791159629822, 0.7032970786094666], "baseline_val_loss": [1.4678566455841064, 1.2883564233779907, 1.2053239345550537, 1.1547542810440063, 1.1174676418304443, 1.0898553133010864, 1.072018027305603, 1.0553690195083618, 1.042632818222046, 1.0338069200515747], "baseline_val_accuracy": [0.5736666917800903, 0.6141666769981384, 0.6323333382606506, 0.6441666483879089, 0.6535000205039978, 0.6608333587646484, 0.6654999852180481, 0.671500027179718, 0.6743333339691162, 0.6738333106040955], "baseline_no_transfer_learning_base_loss": [1.5633293390274048, 1.0819604396820068, 0.9281516075134277, 0.8305758833885193, 0.7565907835960388, 0.6961886286735535, 0.6453024744987488, 0.600983202457428, 0.5620616674423218, 0.527619481086731], "baseline_no_transfer_learning_base_accuracy": [0.5491618514060974, 0.6646536588668823, 0.7081705331802368, 0.7364453673362732, 0.7595637440681458, 0.7793350219726562, 0.795021116733551, 0.8105184435844421, 0.8237122297286987, 0.8354406952857971], "baseline_no_transfer_learning_base_val_loss": [1.137718915939331, 1.0145680904388428, 0.9593376517295837, 0.958341121673584, 0.9445260167121887, 0.9467424154281616, 0.9631189703941345, 0.953268826007843, 1.0243490934371948, 1.042504906654358], "baseline_no_transfer_learning_base_val_accuracy": [0.6349999904632568, 0.6633333563804626, 0.6746666431427002, 0.6798333525657654, 0.6863333582878113, 0.6898333430290222, 0.6816666722297668, 0.6924999952316284, 0.6808333396911621, 0.6803333163261414]}