{"ensemble_loss": [0.84860759973526, 0.7202491760253906, 0.6860385537147522, 0.6686489582061768, 0.6571329832077026, 0.6485599279403687, 0.6418278813362122, 0.6361010074615479, 0.6310992240905762, 0.6265934109687805], "ensemble_accuracy": [0.6752403974533081, 0.7314903736114502, 0.7348557710647583, 0.7367788553237915, 0.7401442527770996, 0.7432692050933838, 0.7432692050933838, 0.7437499761581421, 0.7459134459495544, 0.748317301273346], "ensemble_val_loss": [0.9210910797119141, 0.8291292786598206, 0.7797216773033142, 0.7078370451927185, 0.6756293177604675, 0.6636942028999329, 0.6580080389976501, 0.6544432044029236, 0.6520681977272034, 0.6501762270927429], "ensemble_val_accuracy": [0.5899280309677124, 0.568345308303833, 0.568345308303833, 0.6402877569198608, 0.7122302055358887, 0.7194244861602783, 0.7050359845161438, 0.7050359845161438, 0.7050359845161438, 0.7050359845161438], "ensemble_no_transfer_learning_ensemble_loss": [0.7053762674331665, 0.6265047788619995, 0.6120410561561584, 0.5995104908943176, 0.5864236950874329, 0.5731477737426758, 0.5596305727958679, 0.5457704067230225, 0.5314260721206665, 0.5154113173484802], "ensemble_no_transfer_learning_ensemble_accuracy": [0.7038461565971375, 0.720432698726654, 0.7310096025466919, 0.7372596263885498, 0.7456730604171753, 0.7528846263885498, 0.7586538195610046, 0.7675480842590332, 0.7769230604171753, 0.7896634340286255], "ensemble_no_transfer_learning_ensemble_val_loss": [1.331244707107544, 2.186110734939575, 2.2359061241149902, 1.5601553916931152, 1.0811539888381958, 0.9116020202636719, 0.8628973364830017, 0.8873003125190735, 0.8063826560974121, 0.8077571988105774], "ensemble_no_transfer_learning_ensemble_val_accuracy": [0.3525179922580719, 0.3525179922580719, 0.3525179922580719, 0.35971224308013916, 0.6258992552757263, 0.6258992552757263, 0.6402877569198608, 0.633093535900116, 0.633093535900116, 0.633093535900116]}