{"ensemble_loss": [2.2764692306518555, 1.8644013404846191, 1.6557328701019287, 1.5155870914459229, 1.4128341674804688, 1.3325852155685425, 1.2659358978271484, 1.207713007926941, 1.1551129817962646, 1.1075658798217773], "ensemble_accuracy": [0.4765046238899231, 0.6540509462356567, 0.7395833134651184, 0.7799768447875977, 0.8069444298744202, 0.8214120268821716, 0.8311342597007751, 0.8393518328666687, 0.8450231552124023, 0.8488426208496094], "ensemble_val_loss": [2.1720848083496094, 1.806479573249817, 1.5903549194335938, 1.466350793838501, 1.374908447265625, 1.3034405708312988, 1.242214322090149, 1.1871089935302734, 1.1362435817718506, 1.0908209085464478], "ensemble_val_accuracy": [0.5035461187362671, 0.6808510422706604, 0.741134762763977, 0.7446808218955994, 0.7695035338401794, 0.7695035338401794, 0.783687949180603, 0.783687949180603, 0.8014184236526489, 0.8014184236526489], "ensemble_no_transfer_learning_ensemble_loss": [1.5867253541946411, 1.0043646097183228, 0.7838889360427856, 0.6380656957626343, 0.5425954461097717, 0.4813888967037201, 0.43367472290992737, 0.3890281319618225, 0.34752747416496277, 0.3164216876029968], "ensemble_no_transfer_learning_ensemble_accuracy": [0.7189815044403076, 0.8582175970077515, 0.8954861164093018, 0.9204860925674438, 0.9392361044883728, 0.954745352268219, 0.9621527791023254, 0.967129647731781, 0.971875011920929, 0.9755787253379822], "ensemble_no_transfer_learning_ensemble_val_loss": [3.886861562728882, 1.5759395360946655, 0.8158228993415833, 0.6776137948036194, 0.5899645090103149, 0.5379073619842529, 0.48564428091049194, 0.44872555136680603, 0.4066019654273987, 0.37452858686447144], "ensemble_no_transfer_learning_ensemble_val_accuracy": [0.07092198729515076, 0.478723406791687, 0.8546099066734314, 0.8510638475418091, 0.8829787373542786, 0.9007092118263245, 0.9007092118263245, 0.9007092118263245, 0.9078013896942139, 0.9078013896942139]}