{"ensemble_loss": [0.46315431594848633, 0.3561389446258545, 0.31379544734954834, 0.2780848443508148, 0.2451164871454239, 0.21557116508483887, 0.18975378572940826, 0.16727182269096375, 0.14740312099456787, 0.1302790492773056], "ensemble_accuracy": [0.823312520980835, 0.8659374713897705, 0.8858749866485596, 0.9040625095367432, 0.9198125004768372, 0.937125027179718, 0.9495624899864197, 0.9595000147819519, 0.9690625071525574, 0.9753749966621399], "ensemble_val_loss": [1.002890944480896, 0.7749866843223572, 0.7233698964118958, 0.7075543403625488, 0.709343433380127, 0.7066085338592529, 0.7179445028305054, 0.7338970303535461, 0.7699658274650574, 0.802157998085022], "ensemble_val_accuracy": [0.469696968793869, 0.6496211886405945, 0.6799242496490479, 0.6931818127632141, 0.6950757503509521, 0.6969696879386902, 0.689393937587738, 0.6912878751754761, 0.6609848737716675, 0.6553030014038086]}