{"ensemble_loss": [0.6258171200752258, 0.514706015586853, 0.45775485038757324, 0.42064422369003296, 0.3931596577167511, 0.37121817469596863, 0.352816641330719, 0.3369157910346985, 0.32276543974876404, 0.30994147062301636], "ensemble_accuracy": [0.7203124761581421, 0.807812511920929, 0.815625011920929, 0.828906238079071, 0.84375, 0.85546875, 0.866406261920929, 0.8734375238418579, 0.883593738079071, 0.890625], "ensemble_val_loss": [0.6435779333114624, 0.5923090577125549, 0.5479719638824463, 0.5039030909538269, 0.46355748176574707, 0.4285340905189514, 0.3994883596897125, 0.37501516938209534, 0.3546128571033478, 0.3385370671749115], "ensemble_val_accuracy": [0.523809552192688, 0.5476190447807312, 0.761904776096344, 0.8095238208770752, 0.9285714030265808, 0.9285714030265808, 0.9047619104385376, 0.9047619104385376, 0.9047619104385376, 0.9047619104385376], "ensemble_no_transfer_learning_ensemble_loss": [0.437872976064682, 0.29593923687934875, 0.23112723231315613, 0.18660995364189148, 0.1541692614555359, 0.13066168129444122, 0.11267076432704926, 0.09850219637155533, 0.08710135519504547, 0.07816527038812637], "ensemble_no_transfer_learning_ensemble_accuracy": [0.7945312261581421, 0.8890625238418579, 0.94140625, 0.971875011920929, 0.981249988079071, 0.983593761920929, 0.985156238079071, 0.98828125, 0.9906250238418579, 0.991406261920929], "ensemble_no_transfer_learning_ensemble_val_loss": [0.6811671257019043, 0.674826979637146, 0.676305890083313, 0.6851848363876343, 0.7013720273971558, 0.7246356010437012, 0.7616888284683228, 0.8120224475860596, 0.8868168592453003, 0.9174409508705139], "ensemble_no_transfer_learning_ensemble_val_accuracy": [0.523809552192688, 0.523809552192688, 0.523809552192688, 0.523809552192688, 0.523809552192688, 0.523809552192688, 0.523809552192688, 0.523809552192688, 0.523809552192688, 0.523809552192688]}