{"baseline_loss": [1.96834397315979, 1.5297905206680298, 1.320075273513794, 1.2094461917877197, 1.090551495552063, 1.0415692329406738, 0.9870637655258179, 0.9329026937484741, 0.9001132249832153, 0.8725679516792297], "baseline_accuracy": [0.21601562201976776, 0.4652343690395355, 0.620312511920929, 0.698046863079071, 0.770312488079071, 0.776562511920929, 0.832812488079071, 0.8589843511581421, 0.870312511920929, 0.864453136920929], "baseline_val_loss": [1.8888300657272339, 1.6202586889266968, 1.474229097366333, 1.3476536273956299, 1.2494432926177979, 1.1655689477920532, 1.1024250984191895, 1.043491005897522, 1.0196893215179443, 0.9680382609367371], "baseline_val_accuracy": [0.22368420660495758, 0.3552631437778473, 0.44736841320991516, 0.5789473652839661, 0.6315789222717285, 0.6710526347160339, 0.6842105388641357, 0.7631579041481018, 0.7631579041481018, 0.8157894611358643], "baseline_no_transfer_learning_base_loss": [1.3728535175323486, 1.1257379055023193, 1.0292812585830688, 0.9662157893180847, 0.915911078453064, 0.8711550831794739, 0.8330609202384949, 0.7998446226119995, 0.7686907052993774, 0.7400098443031311], "baseline_no_transfer_learning_base_accuracy": [0.5718749761581421, 0.7035156488418579, 0.741406261920929, 0.76953125, 0.7890625, 0.8148437738418579, 0.830859363079071, 0.839062511920929, 0.849609375, 0.858203113079071], "baseline_no_transfer_learning_base_val_loss": [1.7679001092910767, 1.8609386682510376, 1.7697210311889648, 1.4767018556594849, 1.1338332891464233, 0.9049035310745239, 0.7852059602737427, 0.7190358638763428, 0.6710475087165833, 0.6367717385292053], "baseline_no_transfer_learning_base_val_accuracy": [0.18421052396297455, 0.21052631735801697, 0.25, 0.3815789520740509, 0.6052631735801697, 0.8684210777282715, 0.9342105388641357, 0.9736841917037964, 0.9473684430122375, 0.9473684430122375]}