{"ensemble_loss": [1.5015416145324707, 1.246303677558899, 1.1451873779296875, 1.0777051448822021, 1.026058554649353, 0.9855663180351257, 0.9525067210197449, 0.9244042038917542, 0.9008278250694275, 0.8807322382926941], "ensemble_accuracy": [0.4204166531562805, 0.534375011920929, 0.5914583206176758, 0.6264583468437195, 0.6462500095367432, 0.65604168176651, 0.6670833230018616, 0.6743749976158142, 0.6800000071525574, 0.6839583516120911], "ensemble_val_loss": [1.359981894493103, 1.2255187034606934, 1.1474348306655884, 1.0919342041015625, 1.0484520196914673, 1.0153322219848633, 0.9866449236869812, 0.9628960490226746, 0.9434842467308044, 0.9270415306091309], "ensemble_val_accuracy": [0.4736842215061188, 0.5592105388641357, 0.6052631735801697, 0.6644737124443054, 0.6842105388641357, 0.7236841917037964, 0.6578947305679321, 0.6447368264198303, 0.625, 0.6513158082962036], "ensemble_no_transfer_learning_ensemble_loss": [1.1693602800369263, 0.8620806932449341, 0.7712279558181763, 0.7189583778381348, 0.6796109080314636, 0.644269585609436, 0.6145893931388855, 0.5888694524765015, 0.5662773251533508, 0.5470718145370483], "ensemble_no_transfer_learning_ensemble_accuracy": [0.5952083468437195, 0.6654166579246521, 0.684166669845581, 0.6991666555404663, 0.7114583253860474, 0.7229166626930237, 0.7325000166893005, 0.7391666769981384, 0.7450000047683716, 0.7510416507720947], "ensemble_no_transfer_learning_ensemble_val_loss": [2.2343389987945557, 3.9952714443206787, 4.0673723220825195, 2.2787227630615234, 1.1234911680221558, 0.8678950071334839, 0.8337633013725281, 0.8188332915306091, 0.7943835854530334, 0.7789419889450073], "ensemble_no_transfer_learning_ensemble_val_accuracy": [0.19078947603702545, 0.19078947603702545, 0.31578946113586426, 0.28947368264198303, 0.5065789222717285, 0.5986841917037964, 0.6315789222717285, 0.6381579041481018, 0.6447368264198303, 0.6710526347160339]}