{"baseline_loss": [0.6856579780578613, 0.3596227765083313, 0.24963411688804626, 0.20953486859798431, 0.1751786768436432, 0.14788967370986938, 0.1376633644104004, 0.11953280121088028, 0.10678897798061371, 0.10361228883266449], "baseline_accuracy": [0.6058035492897034, 0.8187500238418579, 0.9125000238418579, 0.9348214268684387, 0.9491071701049805, 0.9678571224212646, 0.9660714268684387, 0.9741071462631226, 0.9830357432365417, 0.9794642925262451], "baseline_val_loss": [0.8383724689483643, 0.4139633774757385, 0.2285492867231369, 0.14242422580718994, 0.10141655802726746, 0.08172305673360825, 0.07223709672689438, 0.06616747379302979, 0.05701036751270294, 0.05469340831041336], "baseline_val_accuracy": [0.4776119291782379, 0.7761194109916687, 0.9253731369972229, 0.9850746393203735, 0.9850746393203735, 1.0, 0.9850746393203735, 1.0, 1.0, 1.0], "baseline_no_transfer_learning_base_loss": [0.4454582631587982, 0.24258938431739807, 0.17738427221775055, 0.1441469043493271, 0.12298743426799774, 0.10734642297029495, 0.0962040051817894, 0.08675696700811386, 0.07909601926803589, 0.07247282564640045], "baseline_no_transfer_learning_base_accuracy": [0.8107143044471741, 0.9258928298950195, 0.9477678537368774, 0.9607142806053162, 0.9669643044471741, 0.9714285731315613, 0.9723214507102966, 0.9776785969734192, 0.9808035492897034, 0.9821428656578064], "baseline_no_transfer_learning_base_val_loss": [0.6428073644638062, 0.6123653054237366, 0.5860714316368103, 0.5168654918670654, 0.4262431859970093, 0.3603435456752777, 0.2506522834300995, 0.1399211436510086, 0.08442891389131546, 0.061835601925849915], "baseline_no_transfer_learning_base_val_accuracy": [0.6865671873092651, 0.6865671873092651, 0.6865671873092651, 0.6865671873092651, 0.9104477763175964, 0.9104477763175964, 0.9104477763175964, 0.9552238583564758, 0.9701492786407471, 1.0]}