{"baseline_loss": [2.9864885807037354, 2.088804244995117, 1.5865427255630493, 1.310238242149353, 1.1364314556121826, 1.0206738710403442, 0.9330334663391113, 0.8622937202453613, 0.8040923476219177, 0.7585569620132446], "baseline_accuracy": [0.3237743377685547, 0.5166541934013367, 0.5990737080574036, 0.6406530737876892, 0.6682167053222656, 0.6923840045928955, 0.7126403450965881, 0.7309505939483643, 0.7471837401390076, 0.7603854537010193], "baseline_val_loss": [2.5094492435455322, 1.8508094549179077, 1.751243233680725, 1.4577927589416504, 1.465085506439209, 2.3532626628875732, 1.2216777801513672, 2.0364303588867188, 1.8667405843734741, 1.1187855005264282], "baseline_val_accuracy": [0.4679414927959442, 0.49465692043304443, 0.49043869972229004, 0.5368391275405884, 0.5092800855636597, 0.3329583704471588, 0.5621484518051147, 0.3925759196281433, 0.43110236525535583, 0.6037682890892029]}