{"baseline_loss": [3.7560038566589355, 3.399568557739258, 3.151092529296875, 2.938369035720825, 2.723181962966919, 2.534022331237793, 2.351036310195923, 2.1801064014434814, 2.0409350395202637, 1.909178376197815], "baseline_accuracy": [0.06992187350988388, 0.14936523139476776, 0.25190430879592896, 0.3115234375, 0.3843750059604645, 0.42753905057907104, 0.470458984375, 0.5343261957168579, 0.577441394329071, 0.6058105230331421], "baseline_val_loss": [3.6486759185791016, 3.3416450023651123, 3.168887138366699, 2.8935816287994385, 2.691678047180176, 2.4683637619018555, 2.692542791366577, 2.1731269359588623, 2.6899986267089844, 1.919069766998291], "baseline_val_accuracy": [0.04874446243047714, 0.1491875946521759, 0.223042830824852, 0.26883310079574585, 0.34711965918540955, 0.3884785771369934, 0.2968980669975281, 0.446085661649704, 0.28360414505004883, 0.5878877639770508]}