{"ensemble_loss": [0.7014113664627075, 0.6724421381950378, 0.6598328948020935, 0.6509261131286621, 0.6437890529632568, 0.6377202868461609, 0.6323347091674805, 0.6275251507759094, 0.6231366395950317, 0.6190739870071411], "ensemble_accuracy": [0.48828125, 0.5992187261581421, 0.727343738079071, 0.7367187738418579, 0.7437499761581421, 0.7421875, 0.7476562261581421, 0.7484375238418579, 0.7515624761581421, 0.757031261920929], "ensemble_val_loss": [0.6800540685653687, 0.6753146648406982, 0.6706093549728394, 0.6692172884941101, 0.6700793504714966, 0.6711734533309937, 0.6717123985290527, 0.673675000667572, 0.674400269985199, 0.6777679920196533], "ensemble_val_accuracy": [0.59375, 0.65625, 0.75, 0.75, 0.78125, 0.625, 0.625, 0.59375, 0.59375, 0.5625], "ensemble_no_transfer_learning_ensemble_loss": [0.6859235167503357, 0.671162486076355, 0.6599836945533752, 0.6477874517440796, 0.6348901987075806, 0.6193071603775024, 0.6040254235267639, 0.5875284075737, 0.5719324946403503, 0.5549306273460388], "ensemble_no_transfer_learning_ensemble_accuracy": [0.542187511920929, 0.6031249761581421, 0.635937511920929, 0.66796875, 0.7007812261581421, 0.7281249761581421, 0.764843761920929, 0.7875000238418579, 0.8031250238418579, 0.8187500238418579], "ensemble_no_transfer_learning_ensemble_val_loss": [0.6983357071876526, 0.7261214256286621, 0.7787877321243286, 0.8337377309799194, 0.8889296650886536, 0.9181900024414062, 0.9325005412101746, 0.9023802280426025, 0.829980731010437, 0.7964382171630859], "ensemble_no_transfer_learning_ensemble_val_accuracy": [0.46875, 0.46875, 0.46875, 0.46875, 0.46875, 0.46875, 0.46875, 0.46875, 0.46875, 0.46875]}