{"baseline_loss": [1.7072678804397583, 1.214173674583435, 1.0684735774993896, 0.9834728240966797, 0.9110573530197144, 0.8672897815704346, 0.8367077112197876, 0.8133829236030579, 0.7901067137718201, 0.7681281566619873], "baseline_accuracy": [0.44482141733169556, 0.6477083563804626, 0.6907440423965454, 0.7126488089561462, 0.7321131229400635, 0.7417559623718262, 0.751160740852356, 0.7553571462631226, 0.7631547451019287, 0.7664880752563477], "baseline_val_loss": [1.3516525030136108, 1.1273049116134644, 1.0197755098342896, 0.948228120803833, 0.9036606550216675, 0.8591187000274658, 0.8219866752624512, 0.79854416847229, 0.7690070271492004, 0.7543596625328064], "baseline_val_accuracy": [0.5767857432365417, 0.6857143044471741, 0.7053571343421936, 0.7330357432365417, 0.7250000238418579, 0.7607142925262451, 0.762499988079071, 0.7571428418159485, 0.7776785492897034, 0.7758928537368774], "baseline_no_transfer_learning_base_loss": [1.4290220737457275, 1.166426658630371, 1.0539933443069458, 0.9830507040023804, 0.9330334663391113, 0.8973032236099243, 0.8693368434906006, 0.8469784259796143, 0.8284721374511719, 0.8133695125579834], "baseline_no_transfer_learning_base_accuracy": [0.555863082408905, 0.6334821581840515, 0.658005952835083, 0.673839271068573, 0.685535728931427, 0.6936011910438538, 0.7003571391105652, 0.706250011920929, 0.711904764175415, 0.715416669845581], "baseline_no_transfer_learning_base_val_loss": [1.2492694854736328, 1.0768460035324097, 1.1125520467758179, 1.4573874473571777, 1.2359699010849, 1.3187190294265747, 1.017638087272644, 0.7606026530265808, 1.2228623628616333, 1.4033094644546509], "baseline_no_transfer_learning_base_val_accuracy": [0.5616071224212646, 0.6607142686843872, 0.6169642806053162, 0.37589284777641296, 0.5116071701049805, 0.47678571939468384, 0.6357142925262451, 0.7392857074737549, 0.5321428775787354, 0.4491071403026581]}