{"ensemble_loss": [1.6708438396453857, 1.445958137512207, 1.3253053426742554, 1.2456934452056885, 1.1878349781036377, 1.1434053182601929, 1.1079515218734741, 1.077361822128296, 1.0501837730407715, 1.026785969734192], "ensemble_accuracy": [0.3355468809604645, 0.560546875, 0.641796886920929, 0.705859363079071, 0.755859375, 0.7867187261581421, 0.807421863079071, 0.819531261920929, 0.8335937261581421, 0.840624988079071], "ensemble_val_loss": [1.565968632698059, 1.4211441278457642, 1.3227906227111816, 1.2505483627319336, 1.1942452192306519, 1.149814486503601, 1.1136667728424072, 1.0828382968902588, 1.057146430015564, 1.0353046655654907], "ensemble_val_accuracy": [0.40789473056793213, 0.5263158082962036, 0.6052631735801697, 0.6315789222717285, 0.7236841917037964, 0.7763158082962036, 0.8026315569877625, 0.8157894611358643, 0.8157894611358643, 0.8289473652839661], "ensemble_no_transfer_learning_ensemble_loss": [1.3260618448257446, 1.0336850881576538, 0.9085816144943237, 0.8227262496948242, 0.7528737187385559, 0.6960453987121582, 0.6472914814949036, 0.6041523814201355, 0.5655425190925598, 0.5301769971847534], "ensemble_no_transfer_learning_ensemble_accuracy": [0.6527343988418579, 0.813671886920929, 0.849609375, 0.876953125, 0.897656261920929, 0.909375011920929, 0.91796875, 0.9292968511581421, 0.9410156011581421, 0.9488281011581421], "ensemble_no_transfer_learning_ensemble_val_loss": [1.785996675491333, 1.8852310180664062, 1.8588200807571411, 1.6426528692245483, 1.3421435356140137, 1.093278408050537, 0.9294966459274292, 0.8344804644584656, 0.778456449508667, 0.7393743395805359], "ensemble_no_transfer_learning_ensemble_val_accuracy": [0.10526315867900848, 0.1184210553765297, 0.17105263471603394, 0.2368421107530594, 0.4736842215061188, 0.6447368264198303, 0.8421052694320679, 0.8684210777282715, 0.8421052694320679, 0.8815789222717285]}