{"baseline_loss": [1.8558622598648071, 1.6535446643829346, 1.5439692735671997, 1.4663151502609253, 1.3923752307891846, 1.3329373598098755, 1.296591877937317, 1.2428184747695923, 1.2156399488449097, 1.1750891208648682], "baseline_accuracy": [0.15659722685813904, 0.3611111044883728, 0.5135416388511658, 0.605555534362793, 0.6871528029441833, 0.7288194298744202, 0.7447916865348816, 0.7788194417953491, 0.7954860925674438, 0.8218749761581421], "baseline_val_loss": [1.8640110492706299, 1.6837674379348755, 1.5726467370986938, 1.5020077228546143, 1.447877049446106, 1.3940504789352417, 1.353864312171936, 1.3392106294631958, 1.3151062726974487, 1.2529277801513672], "baseline_val_accuracy": [0.3863636255264282, 0.5340909361839294, 0.5, 0.5227272510528564, 0.5113636255264282, 0.6363636255264282, 0.6818181872367859, 0.5568181872367859, 0.5568181872367859, 0.6818181872367859], "baseline_no_transfer_learning_base_loss": [1.8470004796981812, 1.6534881591796875, 1.507711410522461, 1.4019125699996948, 1.311152696609497, 1.2383571863174438, 1.1704140901565552, 1.115477442741394, 1.0700739622116089, 1.020661473274231], "baseline_no_transfer_learning_base_accuracy": [0.3565972149372101, 0.5114583373069763, 0.6395833492279053, 0.7138888835906982, 0.7541666626930237, 0.7784722447395325, 0.7916666865348816, 0.8010416626930237, 0.808680534362793, 0.8173611164093018], "baseline_no_transfer_learning_base_val_loss": [2.0139124393463135, 2.5807313919067383, 4.044020175933838, 5.443821430206299, 5.3843278884887695, 3.8441154956817627, 1.882008671760559, 1.2704274654388428, 1.1729673147201538, 1.1418980360031128], "baseline_no_transfer_learning_base_val_accuracy": [0.14772726595401764, 0.14772726595401764, 0.14772726595401764, 0.14772726595401764, 0.14772726595401764, 0.14772726595401764, 0.23863635957241058, 0.5909090638160706, 0.5454545617103577, 0.5909090638160706]}