{"ensemble_loss": [0.5939967036247253, 0.49103498458862305, 0.43464383482933044, 0.3926677405834198, 0.3585359454154968, 0.3294029235839844, 0.3047575056552887, 0.2832515239715576, 0.2644103765487671, 0.2478567510843277], "ensemble_accuracy": [0.7630681991577148, 0.8778409361839294, 0.9119318127632141, 0.9303977489471436, 0.9460227489471436, 0.9539772868156433, 0.9585227370262146, 0.9644886255264282, 0.9681817889213562, 0.9707386493682861], "ensemble_val_loss": [0.5956081748008728, 0.5011938214302063, 0.43292510509490967, 0.3854531943798065, 0.34753960371017456, 0.3158895969390869, 0.2893461585044861, 0.2669714391231537, 0.2466563880443573, 0.22929953038692474], "ensemble_val_accuracy": [0.7433628439903259, 0.8584070801734924, 0.9292035102844238, 0.9646017551422119, 0.9734513163566589, 0.9734513163566589, 0.9734513163566589, 0.9734513163566589, 0.991150438785553, 0.991150438785553], "ensemble_no_transfer_learning_ensemble_loss": [0.4575614929199219, 0.25020548701286316, 0.16258005797863007, 0.12053392082452774, 0.09547798335552216, 0.08002828061580658, 0.07013823837041855, 0.06207040324807167, 0.056793712079524994, 0.051676589995622635], "ensemble_no_transfer_learning_ensemble_accuracy": [0.840624988079071, 0.9593750238418579, 0.9764204621315002, 0.9823863506317139, 0.9838067889213562, 0.9863636493682861, 0.9883522987365723, 0.9894886612892151, 0.9900568127632141, 0.9911931753158569], "ensemble_no_transfer_learning_ensemble_val_loss": [0.8069722652435303, 1.1913145780563354, 1.005368947982788, 0.5843445062637329, 0.36149027943611145, 0.3267916738986969, 0.24383486807346344, 0.17769816517829895, 0.1326313316822052, 0.14329218864440918], "ensemble_no_transfer_learning_ensemble_val_accuracy": [0.4336283206939697, 0.4336283206939697, 0.4336283206939697, 0.6725663542747498, 0.9026548862457275, 0.7964601516723633, 0.9026548862457275, 0.9115044474601746, 0.9292035102844238, 0.9380530714988708]}