{"ensemble_loss": [0.7487257719039917, 0.583021879196167, 0.5292441248893738, 0.4994565546512604, 0.47918644547462463, 0.4641719162464142, 0.45217832922935486, 0.44227564334869385, 0.4337659776210785, 0.42626363039016724], "ensemble_accuracy": [0.7848557829856873, 0.8158653974533081, 0.8209134340286255, 0.8242788314819336, 0.8283653855323792, 0.831250011920929, 0.8341346383094788, 0.8365384340286255, 0.8399038314819336, 0.8401442170143127], "ensemble_val_loss": [0.5810440182685852, 0.45151063799858093, 0.3901768922805786, 0.36057648062705994, 0.3454990088939667, 0.33640071749687195, 0.33052143454551697, 0.32620686292648315, 0.3228628933429718, 0.3197976052761078], "ensemble_val_accuracy": [0.9185185432434082, 0.9185185432434082, 0.9185185432434082, 0.8962963223457336, 0.8888888955116272, 0.8888888955116272, 0.8888888955116272, 0.8888888955116272, 0.8888888955116272, 0.8888888955116272], "ensemble_no_transfer_learning_ensemble_loss": [0.6017468571662903, 0.4413728713989258, 0.406287282705307, 0.3821537494659424, 0.3614560663700104, 0.3429369628429413, 0.3264486491680145, 0.3105440139770508, 0.2967532277107239, 0.283837229013443], "ensemble_no_transfer_learning_ensemble_accuracy": [0.7903845906257629, 0.831250011920929, 0.8430288434028625, 0.8502404093742371, 0.8574519157409668, 0.8646634817123413, 0.8723557591438293, 0.8788461685180664, 0.8870192170143127, 0.895432710647583], "ensemble_no_transfer_learning_ensemble_val_loss": [1.2137081623077393, 1.593189001083374, 1.5731924772262573, 0.8295664191246033, 0.4247185289859772, 0.359342485666275, 0.3584628105163574, 0.3589589297771454, 0.3644390106201172, 0.35994237661361694], "ensemble_no_transfer_learning_ensemble_val_accuracy": [0.2888889014720917, 0.2888889014720917, 0.2888889014720917, 0.6814814805984497, 0.8296296000480652, 0.8222222328186035, 0.8222222328186035, 0.8148148059844971, 0.8148148059844971, 0.8074073791503906]}