{"baseline_loss": [4.178539752960205, 3.6024489402770996, 3.1791419982910156, 2.8398349285125732, 2.576977491378784, 2.368699312210083, 2.185871124267578, 2.04014253616333, 1.9098225831985474, 1.7939648628234863], "baseline_accuracy": [0.10398351401090622, 0.23722527921199799, 0.33602336049079895, 0.39292582869529724, 0.42417582869529724, 0.46311813592910767, 0.48952609300613403, 0.5095123648643494, 0.5436126589775085, 0.5521978139877319], "baseline_val_loss": [3.9372599124908447, 3.479909896850586, 3.1844582557678223, 2.8996026515960693, 2.70345139503479, 2.6271111965179443, 2.76238751411438, 2.350212335586548, 2.1307973861694336, 2.234959840774536], "baseline_val_accuracy": [0.12190082669258118, 0.2293388396501541, 0.3233471214771271, 0.33574381470680237, 0.35227271914482117, 0.3471074402332306, 0.30888429284095764, 0.4070248007774353, 0.4555785059928894, 0.3801652789115906]}