{"baseline_loss": [2.6226565837860107, 1.9292540550231934, 1.6449142694473267, 1.4863423109054565, 1.3607977628707886, 1.2736806869506836, 1.2010204792022705, 1.144614577293396, 1.091697096824646, 1.0445255041122437], "baseline_accuracy": [0.294050931930542, 0.4232407510280609, 0.47061342000961304, 0.4954398274421692, 0.5233796238899231, 0.5478472113609314, 0.570011556148529, 0.5866319537162781, 0.6042476892471313, 0.6228703856468201], "baseline_val_loss": [2.1745100021362305, 1.81816828250885, 1.6559081077575684, 1.5431522130966187, 1.4724137783050537, 1.4495433568954468, 1.3983427286148071, 1.328148365020752, 1.3143285512924194, 1.3539012670516968], "baseline_val_accuracy": [0.33865925669670105, 0.37096214294433594, 0.39110803604125977, 0.40257033705711365, 0.40257033705711365, 0.41993749141693115, 0.4300104081630707, 0.41993749141693115, 0.4386940002441406, 0.4119485914707184]}