{"baseline_loss": [0.6921810507774353, 0.3470064401626587, 0.2521406412124634, 0.204044908285141, 0.17909234762191772, 0.17454500496387482, 0.1496620923280716, 0.15018106997013092, 0.12553611397743225, 0.12391800433397293], "baseline_accuracy": [0.5883928537368774, 0.878125011920929, 0.9366071224212646, 0.9424107074737549, 0.9424107074737549, 0.9495535492897034, 0.9544642567634583, 0.9584821462631226, 0.965624988079071, 0.9642857313156128], "baseline_val_loss": [0.5037131309509277, 0.3255632519721985, 0.24852539598941803, 0.2022584229707718, 0.1794077754020691, 0.16356705129146576, 0.15059638023376465, 0.14265882968902588, 0.1370178610086441, 0.1257990449666977], "baseline_val_accuracy": [0.7164179086685181, 0.8358209133148193, 0.9552238583564758, 0.9552238583564758, 0.9850746393203735, 0.9850746393203735, 0.9850746393203735, 0.9850746393203735, 0.9850746393203735, 1.0], "baseline_no_transfer_learning_base_loss": [0.4454582631587982, 0.24258938431739807, 0.17738427221775055, 0.1441469043493271, 0.12298743426799774, 0.10734642297029495, 0.0962040051817894, 0.08675696700811386, 0.07909601926803589, 0.07247282564640045], "baseline_no_transfer_learning_base_accuracy": [0.8107143044471741, 0.9258928298950195, 0.9477678537368774, 0.9607142806053162, 0.9669643044471741, 0.9714285731315613, 0.9723214507102966, 0.9776785969734192, 0.9808035492897034, 0.9821428656578064], "baseline_no_transfer_learning_base_val_loss": [0.6428073644638062, 0.6123653054237366, 0.5860714316368103, 0.5168654918670654, 0.4262431859970093, 0.3603435456752777, 0.2506522834300995, 0.1399211436510086, 0.08442891389131546, 0.061835601925849915], "baseline_no_transfer_learning_base_val_accuracy": [0.6865671873092651, 0.6865671873092651, 0.6865671873092651, 0.6865671873092651, 0.9104477763175964, 0.9104477763175964, 0.9104477763175964, 0.9552238583564758, 0.9701492786407471, 1.0]}