{"ensemble_loss": [0.5752672553062439, 0.43856802582740784, 0.36780834197998047, 0.32122716307640076, 0.2870952785015106, 0.26047271490097046, 0.23909996449947357, 0.22145678102970123, 0.20658010244369507, 0.19385719299316406], "ensemble_accuracy": [0.6950892806053162, 0.8366071581840515, 0.8852678537368774, 0.9183035492897034, 0.9366071224212646, 0.9446428418159485, 0.9504464268684387, 0.9558035731315613, 0.9611607193946838, 0.9624999761581421], "ensemble_val_loss": [0.5605230331420898, 0.4644240140914917, 0.4015931189060211, 0.35579967498779297, 0.31731998920440674, 0.286102294921875, 0.2614615559577942, 0.24174830317497253, 0.22531171143054962, 0.2111848145723343], "ensemble_val_accuracy": [0.6865671873092651, 0.7761194109916687, 0.7910447716712952, 0.8805969953536987, 0.8805969953536987, 0.89552241563797, 0.89552241563797, 0.89552241563797, 0.9253731369972229, 0.9253731369972229], "ensemble_no_transfer_learning_ensemble_loss": [0.35472550988197327, 0.17241297662258148, 0.12015484273433685, 0.09368287026882172, 0.07681320607662201, 0.0649900808930397, 0.05618257820606232, 0.049249645322561264, 0.043686967343091965, 0.039061274379491806], "ensemble_no_transfer_learning_ensemble_accuracy": [0.8763392567634583, 0.9611607193946838, 0.9767857193946838, 0.984375, 0.9892857074737549, 0.9897321462631226, 0.9933035969734192, 0.9941964149475098, 0.9955357313156128, 0.9959821701049805], "ensemble_no_transfer_learning_ensemble_val_loss": [0.6965808272361755, 0.8220135569572449, 1.0027629137039185, 1.043310284614563, 0.8497276306152344, 0.5661970973014832, 0.3428933322429657, 0.19931931793689728, 0.11845691502094269, 0.07850934565067291], "ensemble_no_transfer_learning_ensemble_val_accuracy": [0.5522388219833374, 0.5522388219833374, 0.5522388219833374, 0.5522388219833374, 0.5522388219833374, 0.5522388219833374, 0.8059701323509216, 0.9552238583564758, 0.9701492786407471, 0.9701492786407471]}