{"ensemble_loss": [1.8740054368972778, 1.753531575202942, 1.6967740058898926, 1.6553958654403687, 1.6220914125442505, 1.5933811664581299, 1.567247748374939, 1.5435454845428467, 1.5227514505386353, 1.5042577981948853], "ensemble_accuracy": [0.2535473108291626, 0.28141891956329346, 0.2929898500442505, 0.30523648858070374, 0.32001689076423645, 0.32820945978164673, 0.33766892552375793, 0.342820942401886, 0.3482263386249542, 0.35396960377693176], "ensemble_val_loss": [1.8012815713882446, 1.727091908454895, 1.6825408935546875, 1.6476329565048218, 1.619077444076538, 1.5946578979492188, 1.570299744606018, 1.5487825870513916, 1.5299996137619019, 1.5126105546951294], "ensemble_val_accuracy": [0.259640097618103, 0.2699228823184967, 0.285347044467926, 0.28791773319244385, 0.2827763557434082, 0.2930591404438019, 0.305912584066391, 0.2956298291683197, 0.31362468004226685, 0.32647815346717834], "ensemble_no_transfer_learning_ensemble_loss": [1.7679251432418823, 1.5623791217803955, 1.4508622884750366, 1.3903765678405762, 1.3533480167388916, 1.327527403831482, 1.3095629215240479, 1.2959579229354858, 1.284778118133545, 1.274100422859192], "ensemble_no_transfer_learning_ensemble_accuracy": [0.25988176465034485, 0.3263513445854187, 0.3526182472705841, 0.36714527010917664, 0.37694257497787476, 0.38369932770729065, 0.3856419026851654, 0.388766884803772, 0.39459457993507385, 0.3962837755680084], "ensemble_no_transfer_learning_ensemble_val_loss": [2.1217041015625, 1.5552581548690796, 1.5015408992767334, 1.4238063097000122, 1.4048902988433838, 1.368155598640442, 1.389527440071106, 1.3687777519226074, 1.392247200012207, 1.375607967376709], "ensemble_no_transfer_learning_ensemble_val_accuracy": [0.16966581344604492, 0.30077120661735535, 0.31619536876678467, 0.32647815346717834, 0.311053991317749, 0.3239074647426605, 0.285347044467926, 0.2724935710430145, 0.259640097618103, 0.259640097618103]}