{"ensemble_loss": [1.9017541408538818, 1.8118327856063843, 1.7538820505142212, 1.7082685232162476, 1.6726102828979492, 1.643044114112854, 1.6180179119110107, 1.5959393978118896, 1.5758721828460693, 1.557369351387024], "ensemble_accuracy": [0.2652343809604645, 0.32148438692092896, 0.3499999940395355, 0.3677734434604645, 0.3783203065395355, 0.3871093690395355, 0.39433592557907104, 0.39824217557907104, 0.40351563692092896, 0.4048828184604645], "ensemble_val_loss": [1.9402883052825928, 1.8916823863983154, 1.8471567630767822, 1.7790074348449707, 1.7514166831970215, 1.7146180868148804, 1.6779356002807617, 1.6523306369781494, 1.6339807510375977, 1.6145548820495605], "ensemble_val_accuracy": [0.1349693238735199, 0.21472392976284027, 0.22085890173912048, 0.3190183937549591, 0.2760736048221588, 0.3251533806324005, 0.33742332458496094, 0.38036808371543884, 0.34355828166007996, 0.3680981695652008], "ensemble_no_transfer_learning_ensemble_loss": [1.829667091369629, 1.6731948852539062, 1.571164846420288, 1.491424798965454, 1.4220774173736572, 1.3694698810577393, 1.332211971282959, 1.3033270835876465, 1.2794756889343262, 1.2541091442108154], "ensemble_no_transfer_learning_ensemble_accuracy": [0.2933593690395355, 0.3822265565395355, 0.40507811307907104, 0.439453125, 0.47578126192092896, 0.501171886920929, 0.5228515863418579, 0.5355468988418579, 0.539843738079071, 0.5458984375], "ensemble_no_transfer_learning_ensemble_val_loss": [1.9822016954421997, 2.0252649784088135, 2.0542876720428467, 2.3637702465057373, 2.4858648777008057, 1.9730722904205322, 2.2971134185791016, 2.914680242538452, 2.330733299255371, 2.774538040161133], "ensemble_no_transfer_learning_ensemble_val_accuracy": [0.15337423980236053, 0.16564416885375977, 0.1411042958498001, 0.1411042958498001, 0.1411042958498001, 0.19018404185771942, 0.1411042958498001, 0.1411042958498001, 0.1411042958498001, 0.1411042958498001]}