{"baseline_loss": [2.0943105220794678, 1.7223583459854126, 1.5697494745254517, 1.4786347150802612, 1.4129524230957031, 1.3562246561050415, 1.316915512084961, 1.275259256362915, 1.2468568086624146, 1.2254066467285156], "baseline_accuracy": [0.24635416269302368, 0.41940104961395264, 0.5227864384651184, 0.58203125, 0.6052083373069763, 0.635937511920929, 0.6368489861488342, 0.6506510376930237, 0.6545572876930237, 0.6657552123069763], "baseline_val_loss": [1.9313652515411377, 1.74021315574646, 1.65118408203125, 1.5875763893127441, 1.537484884262085, 1.5037240982055664, 1.4691354036331177, 1.4502636194229126, 1.414320468902588, 1.386852741241455], "baseline_val_accuracy": [0.29600000381469727, 0.40799999237060547, 0.4480000138282776, 0.48399999737739563, 0.5040000081062317, 0.5, 0.5320000052452087, 0.5239999890327454, 0.5960000157356262, 0.5640000104904175], "baseline_no_transfer_learning_base_loss": [1.8302992582321167, 1.5523873567581177, 1.4137980937957764, 1.3263211250305176, 1.2613791227340698, 1.2089579105377197, 1.1643447875976562, 1.125188946723938, 1.0893232822418213, 1.0566670894622803], "baseline_no_transfer_learning_base_accuracy": [0.38593751192092896, 0.5270833373069763, 0.5720052123069763, 0.594921886920929, 0.6187499761581421, 0.6351562738418579, 0.6513020992279053, 0.6641927361488342, 0.672656238079071, 0.6846354007720947], "baseline_no_transfer_learning_base_val_loss": [2.283935308456421, 1.8959786891937256, 1.5550870895385742, 1.4664697647094727, 1.4156078100204468, 1.379793405532837, 1.3805185556411743, 1.4125181436538696, 1.3107565641403198, 1.2934885025024414], "baseline_no_transfer_learning_base_val_accuracy": [0.14399999380111694, 0.30000001192092896, 0.4560000002384186, 0.47600001096725464, 0.5040000081062317, 0.5040000081062317, 0.5559999942779541, 0.5400000214576721, 0.5600000023841858, 0.5799999833106995]}