{"baseline_loss": [3.029144525527954, 2.305638074874878, 1.923649549484253, 1.66148042678833, 1.4671366214752197, 1.3083246946334839, 1.195027470588684, 1.0886913537979126, 0.9946843385696411, 0.9209610819816589], "baseline_accuracy": [0.28502604365348816, 0.4853949546813965, 0.5676866173744202, 0.6184461712837219, 0.651453971862793, 0.6877821087837219, 0.7085286378860474, 0.7330946326255798, 0.7551432251930237, 0.7743489742279053], "baseline_val_loss": [2.8429598808288574, 2.444979667663574, 2.2269625663757324, 2.009199857711792, 2.0632708072662354, 1.7678935527801514, 1.850830078125, 1.755529761314392, 1.793341040611267, 1.6873650550842285], "baseline_val_accuracy": [0.2895424962043762, 0.37254902720451355, 0.37516340613365173, 0.46209150552749634, 0.37385621666908264, 0.4470588266849518, 0.400653600692749, 0.42352941632270813, 0.4398692846298218, 0.43529412150382996]}