{"ensemble_loss": [0.7725898623466492, 0.5620100498199463, 0.4998873472213745, 0.46750128269195557, 0.4461115002632141, 0.4304760694503784, 0.4183156490325928, 0.4085407555103302, 0.40039756894111633, 0.39337918162345886], "ensemble_accuracy": [0.7672916650772095, 0.840624988079071, 0.84354168176651, 0.8445833325386047, 0.847083330154419, 0.8485416769981384, 0.8504166603088379, 0.8520833253860474, 0.8533333539962769, 0.8545833230018616], "ensemble_val_loss": [0.6420450210571289, 0.5085700154304504, 0.4584503769874573, 0.43446168303489685, 0.41948071122169495, 0.4104832112789154, 0.4035923182964325, 0.3986656963825226, 0.3954693675041199, 0.39275553822517395], "ensemble_val_accuracy": [0.8552631735801697, 0.8421052694320679, 0.8618420958518982, 0.8618420958518982, 0.8618420958518982, 0.8618420958518982, 0.8552631735801697, 0.8486841917037964, 0.8486841917037964, 0.8684210777282715], "ensemble_no_transfer_learning_ensemble_loss": [0.5894902348518372, 0.43180596828460693, 0.40537524223327637, 0.3921155035495758, 0.3798846900463104, 0.3711332380771637, 0.36319997906684875, 0.3575860857963562, 0.3522176742553711, 0.3474684953689575], "ensemble_no_transfer_learning_ensemble_accuracy": [0.809583306312561, 0.8349999785423279, 0.8422916531562805, 0.8443750143051147, 0.8475000262260437, 0.8489583134651184, 0.8522916436195374, 0.8518750071525574, 0.8543750047683716, 0.8554166555404663], "ensemble_no_transfer_learning_ensemble_val_loss": [1.552090048789978, 1.9915958642959595, 1.971142053604126, 0.9606067538261414, 0.3896520137786865, 0.33786913752555847, 0.31312277913093567, 0.32681700587272644, 0.3339604139328003, 0.33465778827667236], "ensemble_no_transfer_learning_ensemble_val_accuracy": [0.32894736528396606, 0.32894736528396606, 0.7171052694320679, 0.7171052694320679, 0.8552631735801697, 0.9013158082962036, 0.875, 0.9013158082962036, 0.9013158082962036, 0.8552631735801697]}