{"baseline_loss": [2.923346757888794, 2.391181707382202, 2.126603841781616, 1.9333767890930176, 1.7736763954162598, 1.6526116132736206, 1.5591620206832886, 1.47728431224823, 1.4192818403244019, 1.3616888523101807], "baseline_accuracy": [0.18804731965065002, 0.3240024745464325, 0.394729882478714, 0.4439353942871094, 0.4783633351325989, 0.5015183687210083, 0.5201889276504517, 0.5376235842704773, 0.5477224588394165, 0.5591984391212463], "baseline_val_loss": [2.6373672485351562, 2.607161283493042, 2.185445785522461, 3.027895450592041, 3.521723508834839, 3.0560765266418457, 1.8071891069412231, 1.948374629020691, 2.5766475200653076, 2.7779366970062256], "baseline_val_accuracy": [0.23627685010433197, 0.17475470900535583, 0.31317952275276184, 0.19411297142505646, 0.21744894981384277, 0.19384779036045074, 0.4102360010147095, 0.4208432734012604, 0.2771148383617401, 0.29832935333251953]}