{"baseline_loss": [3.818068504333496, 3.174980878829956, 2.7565696239471436, 2.394651174545288, 2.0707170963287354, 1.7985577583312988, 1.5685267448425293, 1.376189947128296, 1.2202115058898926, 1.0863665342330933], "baseline_accuracy": [0.11672794073820114, 0.29684874415397644, 0.4533088207244873, 0.5704832077026367, 0.6451680660247803, 0.698056697845459, 0.7347164154052734, 0.7636291980743408, 0.7888917922973633, 0.8074579834938049], "baseline_val_loss": [3.3993661403656006, 2.93098521232605, 2.5695536136627197, 2.267390251159668, 1.9794543981552124, 1.8014127016067505, 1.686928153038025, 1.4656133651733398, 1.2500022649765015, 1.1307235956192017], "baseline_val_accuracy": [0.15889328718185425, 0.3604743182659149, 0.5154150128364563, 0.5067193508148193, 0.6245059370994568, 0.6205533742904663, 0.5770751237869263, 0.6901185512542725, 0.739920973777771, 0.7707509994506836]}