{"baseline_loss": [4.121774196624756, 3.7783119678497314, 3.5059494972229004, 3.2709732055664062, 3.063723087310791, 2.874946355819702, 2.6972689628601074, 2.568560838699341, 2.4235897064208984, 2.3053293228149414], "baseline_accuracy": [0.06694444268941879, 0.18562500178813934, 0.24319444596767426, 0.29993054270744324, 0.3509722352027893, 0.390625, 0.4165972173213959, 0.4461805522441864, 0.4786111116409302, 0.49986112117767334], "baseline_val_loss": [4.151032447814941, 3.7324509620666504, 3.4907784461975098, 3.259361505508423, 3.0922188758850098, 2.91617488861084, 2.848689079284668, 2.680901527404785, 2.6153955459594727, 2.5072734355926514], "baseline_val_accuracy": [0.056367430835962296, 0.15448851883411407, 0.14822547137737274, 0.2588726580142975, 0.2964509427547455, 0.3215031325817108, 0.3110647201538086, 0.3068893551826477, 0.3486430048942566, 0.3590814173221588]}