{"baseline_loss": [2.849121332168579, 2.054405927658081, 1.6813600063323975, 1.44826078414917, 1.2805413007736206, 1.159568190574646, 1.0602726936340332, 0.987310528755188, 0.918209969997406, 0.8616478443145752], "baseline_accuracy": [0.32190585136413574, 0.5095497369766235, 0.579882800579071, 0.6253289580345154, 0.658439576625824, 0.6854029893875122, 0.7081825733184814, 0.7254625558853149, 0.743441641330719, 0.7585834860801697], "baseline_val_loss": [2.4681036472320557, 2.123624801635742, 1.7782031297683716, 1.6145294904708862, 1.5400394201278687, 1.5104786157608032, 1.4179236888885498, 1.3156486749649048, 1.358870029449463, 1.2113583087921143], "baseline_val_accuracy": [0.40704137086868286, 0.471896231174469, 0.5478690266609192, 0.5716491937637329, 0.5738109946250916, 0.5731933116912842, 0.5722668170928955, 0.6189005374908447, 0.5892526507377625, 0.6238418817520142]}