{"baseline_loss": [1.5062588453292847, 1.1516916751861572, 1.037759780883789, 0.9670909643173218, 0.9242851138114929, 0.8821191191673279, 0.8499232530593872, 0.8301107883453369, 0.8105797171592712, 0.7820854783058167], "baseline_accuracy": [0.4803869128227234, 0.628125011920929, 0.6617857217788696, 0.6861607432365417, 0.6968452334403992, 0.7133631110191345, 0.7242559790611267, 0.7350297570228577, 0.736130952835083, 0.7451785802841187], "baseline_val_loss": [1.1984838247299194, 1.0369623899459839, 0.9546945691108704, 0.900396466255188, 0.8521533012390137, 0.8197672963142395, 0.7941281795501709, 0.7714650630950928, 0.7532874345779419, 0.7327612638473511], "baseline_val_accuracy": [0.5946428775787354, 0.668749988079071, 0.6839285492897034, 0.7107142806053162, 0.7250000238418579, 0.7383928298950195, 0.7580357193946838, 0.762499988079071, 0.7669642567634583, 0.7785714268684387], "baseline_no_transfer_learning_base_loss": [1.4165550470352173, 1.1657824516296387, 1.0595026016235352, 0.9915026426315308, 0.9453098177909851, 0.9097046256065369, 0.8863898515701294, 0.8628064393997192, 0.8462488055229187, 0.8309729695320129], "baseline_no_transfer_learning_base_accuracy": [0.5135714411735535, 0.5919047594070435, 0.617976188659668, 0.6370238065719604, 0.6503869295120239, 0.6611904501914978, 0.6681845188140869, 0.6761606931686401, 0.6830059289932251, 0.6877678632736206], "baseline_no_transfer_learning_base_val_loss": [1.2403022050857544, 1.0900720357894897, 1.1024402379989624, 0.9367649555206299, 0.8698851466178894, 0.8209161162376404, 0.7940295338630676, 0.8292729258537292, 0.786017656326294, 1.051107406616211], "baseline_no_transfer_learning_base_val_accuracy": [0.5375000238418579, 0.5526785850524902, 0.5151785612106323, 0.6196428537368774, 0.6642857193946838, 0.6866071224212646, 0.7116071581840515, 0.6669642925262451, 0.7124999761581421, 0.5276785492897034]}