{"ensemble_loss": [0.555628776550293, 0.39494043588638306, 0.31898343563079834, 0.2706111967563629, 0.23726089298725128, 0.21227610111236572, 0.1925451159477234, 0.1765037626028061, 0.16301114857196808, 0.1515367180109024], "ensemble_accuracy": [0.796875, 0.9281250238418579, 0.9375, 0.956250011920929, 0.965624988079071, 0.965624988079071, 0.965624988079071, 0.96875, 0.9750000238418579, 0.981249988079071], "ensemble_val_loss": [0.6969544291496277, 0.7087541818618774, 0.7449518442153931, 0.8051530122756958, 0.8848193883895874, 0.9818671941757202, 1.09149169921875, 1.2117514610290527, 1.3380156755447388, 1.4683005809783936], "ensemble_val_accuracy": [0.20000000298023224, 0.20000000298023224, 0.20000000298023224, 0.20000000298023224, 0.20000000298023224, 0.20000000298023224, 0.20000000298023224, 0.20000000298023224, 0.20000000298023224, 0.20000000298023224]}