{"ensemble_loss": [1.1022869348526, 0.8386361598968506, 0.6997973322868347, 0.5989360809326172, 0.5195198059082031, 0.4530968964099884, 0.3967475891113281, 0.34885674715042114, 0.3077754080295563, 0.27216607332229614], "ensemble_accuracy": [0.5958333611488342, 0.7447916865348816, 0.8656250238418579, 0.9156249761581421, 0.953125, 0.965624988079071, 0.9760416746139526, 0.9833333492279053, 0.9906250238418579, 0.9916666746139526], "ensemble_val_loss": [1.3585453033447266, 1.3489466905593872, 1.4109069108963013, 1.5110386610031128, 1.616984486579895, 1.6855895519256592, 1.6839244365692139, 1.608843445777893, 1.4833630323410034, 1.352715253829956], "ensemble_val_accuracy": [0.3928571343421936, 0.25, 0.25, 0.25, 0.25, 0.25, 0.25, 0.25, 0.25, 0.5714285969734192]}