{"ensemble_loss": [0.5544580221176147, 0.4076300263404846, 0.3295770585536957, 0.27513131499290466, 0.2368258684873581, 0.20783810317516327, 0.18459779024124146, 0.1657143533229828, 0.15019387006759644, 0.13676349818706512], "ensemble_accuracy": [0.8082386255264282, 0.9471591114997864, 0.9630681872367859, 0.9698863625526428, 0.9741477370262146, 0.9775568246841431, 0.981249988079071, 0.9832386374473572, 0.9860795736312866, 0.9869318008422852], "ensemble_val_loss": [0.5388840436935425, 0.4021354019641876, 0.32203182578086853, 0.27026769518852234, 0.23050183057785034, 0.19954469799995422, 0.17471030354499817, 0.15422821044921875, 0.13741901516914368, 0.12271904945373535], "ensemble_val_accuracy": [0.9026548862457275, 0.9292035102844238, 0.9469026327133179, 0.9734513163566589, 1.0, 1.0, 1.0, 1.0, 1.0, 1.0], "ensemble_no_transfer_learning_ensemble_loss": [0.35283660888671875, 0.1330733746290207, 0.07218936085700989, 0.049742624163627625, 0.03702767938375473, 0.02911975607275963, 0.024126410484313965, 0.020726008340716362, 0.01759469509124756, 0.015512080863118172], "ensemble_no_transfer_learning_ensemble_accuracy": [0.909943163394928, 0.9877840876579285, 0.9937499761581421, 0.9957386255264282, 0.996874988079071, 0.9982954263687134, 0.9988636374473572, 0.9997159242630005, 1.0, 1.0], "ensemble_no_transfer_learning_ensemble_val_loss": [0.6970514059066772, 0.9160999655723572, 1.6109228134155273, 2.2464656829833984, 1.2821310758590698, 0.21969999372959137, 0.036445893347263336, 0.01713668927550316, 0.011827370151877403, 0.010098358616232872], "ensemble_no_transfer_learning_ensemble_val_accuracy": [0.5752212405204773, 0.40707963705062866, 0.40707963705062866, 0.40707963705062866, 0.4159291982650757, 0.9646017551422119, 1.0, 1.0, 1.0, 1.0]}