{"ensemble_loss": [0.9950810074806213, 0.8710092306137085, 0.8056959509849548, 0.7609913349151611, 0.7266652584075928, 0.6984625458717346, 0.6742047667503357, 0.6528672575950623, 0.6337670087814331, 0.6163550615310669], "ensemble_accuracy": [0.5737500190734863, 0.7137500047683716, 0.7393749952316284, 0.7618749737739563, 0.7825000286102295, 0.8037499785423279, 0.8212500214576721, 0.8343750238418579, 0.8475000262260437, 0.8537499904632568], "ensemble_val_loss": [1.0852988958358765, 0.9907580614089966, 0.9006613492965698, 0.8312920331954956, 0.7791584134101868, 0.7415916323661804, 0.7147123217582703, 0.6943624019622803, 0.6785414814949036, 0.6661296486854553], "ensemble_val_accuracy": [0.37735849618911743, 0.5283018946647644, 0.6226415038108826, 0.6603773832321167, 0.698113203048706, 0.698113203048706, 0.7169811129570007, 0.7358490824699402, 0.7547169923782349, 0.7735849022865295], "ensemble_no_transfer_learning_ensemble_loss": [0.899629533290863, 0.7360741496086121, 0.6345440149307251, 0.5588436722755432, 0.49898311495780945, 0.44969311356544495, 0.40877315402030945, 0.3752201795578003, 0.34736987948417664, 0.32301729917526245], "ensemble_no_transfer_learning_ensemble_accuracy": [0.6200000047683716, 0.7337499856948853, 0.796875, 0.846875011920929, 0.8712499737739563, 0.8899999856948853, 0.8993750214576721, 0.9100000262260437, 0.9162499904632568, 0.925000011920929], "ensemble_no_transfer_learning_ensemble_val_loss": [1.0953598022460938, 1.1189303398132324, 1.2827260494232178, 1.5361677408218384, 1.8058160543441772, 2.0653302669525146, 2.3085427284240723, 2.4831345081329346, 2.4485790729522705, 2.178582191467285], "ensemble_no_transfer_learning_ensemble_val_accuracy": [0.37735849618911743, 0.37735849618911743, 0.37735849618911743, 0.37735849618911743, 0.37735849618911743, 0.37735849618911743, 0.37735849618911743, 0.37735849618911743, 0.37735849618911743, 0.37735849618911743]}