{"ensemble_loss": [1.3508342504501343, 1.241606593132019, 1.1577614545822144, 1.0905975103378296, 1.0346988439559937, 0.9862927794456482, 0.943665087223053, 0.9056271910667419, 0.8717278242111206, 0.8417165875434875], "ensemble_accuracy": [0.3968749940395355, 0.5552083253860474, 0.653124988079071, 0.684374988079071, 0.6947916746139526, 0.71875, 0.7322916388511658, 0.7520833611488342, 0.7708333134651184, 0.7895833253860474], "ensemble_val_loss": [1.3199721574783325, 1.248321771621704, 1.1937566995620728, 1.1529287099838257, 1.1205164194107056, 1.0942943096160889, 1.0704307556152344, 1.046308159828186, 1.0209522247314453, 0.9932064414024353], "ensemble_val_accuracy": [0.3928571343421936, 0.4285714328289032, 0.6428571343421936, 0.5, 0.5, 0.5, 0.4642857015132904, 0.4642857015132904, 0.5, 0.5], "ensemble_no_transfer_learning_ensemble_loss": [1.1022869348526, 0.8386361598968506, 0.6997973322868347, 0.5989360809326172, 0.5195198059082031, 0.4530968964099884, 0.3967475891113281, 0.34885674715042114, 0.3077754080295563, 0.27216607332229614], "ensemble_no_transfer_learning_ensemble_accuracy": [0.5958333611488342, 0.7447916865348816, 0.8656250238418579, 0.9156249761581421, 0.953125, 0.965624988079071, 0.9760416746139526, 0.9833333492279053, 0.9906250238418579, 0.9916666746139526], "ensemble_no_transfer_learning_ensemble_val_loss": [1.3585453033447266, 1.3489466905593872, 1.4109069108963013, 1.5110386610031128, 1.616984486579895, 1.6855895519256592, 1.6839244365692139, 1.608843445777893, 1.4833630323410034, 1.352715253829956], "ensemble_no_transfer_learning_ensemble_val_accuracy": [0.3928571343421936, 0.25, 0.25, 0.25, 0.25, 0.25, 0.25, 0.25, 0.25, 0.5714285969734192]}