{"ensemble_loss": [2.3004074096679688, 2.066976547241211, 1.9484177827835083, 1.8704792261123657, 1.8141891956329346, 1.76897394657135, 1.7301676273345947, 1.6962006092071533, 1.6659754514694214, 1.6385536193847656], "ensemble_accuracy": [0.27302631735801697, 0.40953946113586426, 0.46513158082962036, 0.5126644968986511, 0.5360197424888611, 0.5504934191703796, 0.5605263113975525, 0.569572389125824, 0.5814144611358643, 0.5901315808296204], "ensemble_val_loss": [2.212270975112915, 2.0483264923095703, 1.9292597770690918, 1.8514988422393799, 1.7996412515640259, 1.7571265697479248, 1.7185128927230835, 1.6840908527374268, 1.653971791267395, 1.6265684366226196], "ensemble_val_accuracy": [0.4256410300731659, 0.4564102590084076, 0.482051283121109, 0.5384615659713745, 0.5384615659713745, 0.5333333611488342, 0.5538461804389954, 0.5743589997291565, 0.5948718190193176, 0.5948718190193176], "ensemble_no_transfer_learning_ensemble_loss": [1.922831654548645, 1.578000545501709, 1.4029532670974731, 1.2811408042907715, 1.1891902685165405, 1.1138583421707153, 1.0483324527740479, 0.9894719123840332, 0.9376236200332642, 0.8918658494949341], "ensemble_no_transfer_learning_ensemble_accuracy": [0.42713814973831177, 0.5527960658073425, 0.6358552575111389, 0.6990131735801697, 0.7442434430122375, 0.7680920958518982, 0.7916118502616882, 0.8123355507850647, 0.8282894492149353, 0.8422697186470032], "ensemble_no_transfer_learning_ensemble_val_loss": [2.653102159500122, 2.256136894226074, 1.6043699979782104, 1.3148298263549805, 1.2140309810638428, 1.1505186557769775, 1.1001207828521729, 1.0548356771469116, 1.0141324996948242, 0.9784727692604065], "ensemble_no_transfer_learning_ensemble_val_accuracy": [0.0615384615957737, 0.20000000298023224, 0.49743589758872986, 0.6358974575996399, 0.6512820720672607, 0.692307710647583, 0.7076923251152039, 0.7179487347602844, 0.7230769395828247, 0.7230769395828247]}