{"ensemble_loss": [2.2042784690856934, 1.7819616794586182, 1.5594007968902588, 1.406049132347107, 1.2895574569702148, 1.1959444284439087, 1.1190260648727417, 1.0536506175994873, 0.996239185333252, 0.945295512676239], "ensemble_accuracy": [0.426709920167923, 0.7653891444206238, 0.8241155743598938, 0.8632075190544128, 0.8905071020126343, 0.9053655862808228, 0.9158018827438354, 0.9225825667381287, 0.9287735819816589, 0.9337853789329529], "ensemble_val_loss": [1.9780813455581665, 1.6822621822357178, 1.4987531900405884, 1.3673427104949951, 1.2646721601486206, 1.181070327758789, 1.1117522716522217, 1.052030324935913, 0.9994125366210938, 0.9529991149902344], "ensemble_val_accuracy": [0.6305506229400635, 0.8170515298843384, 0.8507992625236511, 0.8880994915962219, 0.9023090600967407, 0.912966251373291, 0.925399661064148, 0.9289520382881165, 0.932504415512085, 0.9342806339263916], "ensemble_no_transfer_learning_ensemble_loss": [1.417202353477478, 0.7624800205230713, 0.5249263048171997, 0.38391754031181335, 0.2797892391681671, 0.20608757436275482, 0.15379150211811066, 0.11871296167373657, 0.08203252404928207, 0.05828030779957771], "ensemble_no_transfer_learning_ensemble_accuracy": [0.8195164799690247, 0.962205171585083, 0.9849646091461182, 0.9922759532928467, 0.9955188632011414, 0.9972877502441406, 0.9982311129570007, 0.9989976286888123, 0.9989386796951294, 0.9994693398475647], "ensemble_no_transfer_learning_ensemble_val_loss": [1.1724029779434204, 0.616746187210083, 0.44955649971961975, 0.3367440700531006, 0.25046759843826294, 0.1936710923910141, 0.1574115753173828, 0.1342783123254776, 0.10456997901201248, 0.10406753420829773], "ensemble_no_transfer_learning_ensemble_val_accuracy": [0.8845470547676086, 0.9786856174468994, 0.9875665903091431, 0.9982237815856934, 1.0, 1.0, 0.9928951859474182, 0.9911190271377563, 0.9911190271377563, 0.9857904314994812]}