{"baseline_loss": [4.18018913269043, 3.5953521728515625, 3.166706085205078, 2.8429043292999268, 2.5703866481781006, 2.3607139587402344, 2.183446168899536, 2.0254149436950684, 1.8910574913024902, 1.7824636697769165], "baseline_accuracy": [0.12057005614042282, 0.2453983575105667, 0.33420330286026, 0.4017857015132904, 0.4391483664512634, 0.48094093799591064, 0.5124656558036804, 0.5408653616905212, 0.5635645389556885, 0.5851648449897766], "baseline_val_loss": [4.071940898895264, 3.698437213897705, 3.400620937347412, 3.196141481399536, 3.029370069503784, 2.962144374847412, 2.738023519515991, 2.6403346061706543, 2.599147319793701, 2.4692306518554688], "baseline_val_accuracy": [0.14772726595401764, 0.1859504133462906, 0.25619834661483765, 0.26962810754776, 0.29648759961128235, 0.23140496015548706, 0.3264462947845459, 0.28925618529319763, 0.34504133462905884, 0.3543388545513153]}