{"ensemble_loss": [1.5605486631393433, 1.2999347448349, 1.1853355169296265, 1.1129200458526611, 1.057449221611023, 1.0112941265106201, 0.971441924571991, 0.9364112019538879, 0.9056000709533691, 0.8779747486114502], "ensemble_accuracy": [0.4227272868156433, 0.7238636612892151, 0.7792613506317139, 0.8002840876579285, 0.8178977370262146, 0.8363636136054993, 0.8528409004211426, 0.8639204502105713, 0.8747159242630005, 0.8803977370262146], "ensemble_val_loss": [1.5106428861618042, 1.3493355512619019, 1.2569172382354736, 1.185189962387085, 1.1023235321044922, 1.0188361406326294, 0.9636691808700562, 0.927451491355896, 0.897278368473053, 0.8696810603141785], "ensemble_val_accuracy": [0.4054054021835327, 0.7117117047309875, 0.7567567825317383, 0.792792797088623, 0.7567567825317383, 0.7837837934494019, 0.7837837934494019, 0.8198198080062866, 0.8198198080062866, 0.8198198080062866], "ensemble_no_transfer_learning_ensemble_loss": [1.3040454387664795, 0.983327329158783, 0.8155014514923096, 0.6987598538398743, 0.6143844127655029, 0.5470889210700989, 0.49014654755592346, 0.4428715407848358, 0.4035775363445282, 0.37026646733283997], "ensemble_no_transfer_learning_ensemble_accuracy": [0.606249988079071, 0.8042613863945007, 0.8619318008422852, 0.903124988079071, 0.9235795736312866, 0.9397727251052856, 0.9485795497894287, 0.9585227370262146, 0.965624988079071, 0.9710227251052856], "ensemble_no_transfer_learning_ensemble_val_loss": [2.070584297180176, 2.844219923019409, 3.4121580123901367, 3.1632726192474365, 2.3466947078704834, 1.2563267946243286, 0.7607214450836182, 0.5870140194892883, 0.5179755687713623, 0.48992428183555603], "ensemble_no_transfer_learning_ensemble_val_accuracy": [0.1621621549129486, 0.1621621549129486, 0.1621621549129486, 0.1621621549129486, 0.1621621549129486, 0.4954954981803894, 0.7387387156486511, 0.9009009003639221, 0.9189189076423645, 0.954954981803894]}