{"ensemble_loss": [2.090484142303467, 1.6187704801559448, 1.4124919176101685, 1.2780404090881348, 1.176658034324646, 1.09331476688385, 1.022286295890808, 0.9619845151901245, 0.9102041721343994, 0.8641220927238464], "ensemble_accuracy": [0.479068398475647, 0.7589622735977173, 0.8320754766464233, 0.871874988079071, 0.8974056839942932, 0.915919840335846, 0.930306613445282, 0.9396815896034241, 0.9464622735977173, 0.953125], "ensemble_val_loss": [1.7935656309127808, 1.5077396631240845, 1.3429977893829346, 1.2281032800674438, 1.1378685235977173, 1.062774658203125, 0.9996882081031799, 0.9464548230171204, 0.8998979330062866, 0.8579717874526978], "ensemble_val_accuracy": [0.6358792185783386, 0.7797513604164124, 0.8472468852996826, 0.8703374862670898, 0.8934280872344971, 0.9094138741493225, 0.9289520382881165, 0.9342806339263916, 0.9413854479789734, 0.9413854479789734], "ensemble_no_transfer_learning_ensemble_loss": [1.417202353477478, 0.7624800205230713, 0.5249263048171997, 0.38391754031181335, 0.2797892391681671, 0.20608757436275482, 0.15379150211811066, 0.11871296167373657, 0.08203252404928207, 0.05828030779957771], "ensemble_no_transfer_learning_ensemble_accuracy": [0.8195164799690247, 0.962205171585083, 0.9849646091461182, 0.9922759532928467, 0.9955188632011414, 0.9972877502441406, 0.9982311129570007, 0.9989976286888123, 0.9989386796951294, 0.9994693398475647], "ensemble_no_transfer_learning_ensemble_val_loss": [1.1724029779434204, 0.616746187210083, 0.44955649971961975, 0.3367440700531006, 0.25046759843826294, 0.1936710923910141, 0.1574115753173828, 0.1342783123254776, 0.10456997901201248, 0.10406753420829773], "ensemble_no_transfer_learning_ensemble_val_accuracy": [0.8845470547676086, 0.9786856174468994, 0.9875665903091431, 0.9982237815856934, 1.0, 1.0, 0.9928951859474182, 0.9911190271377563, 0.9911190271377563, 0.9857904314994812]}