{"ensemble_loss": [2.0599160194396973, 1.6287845373153687, 1.483081579208374, 1.3990646600723267, 1.3463548421859741, 1.3096675872802734, 1.2824724912643433, 1.2614790201187134, 1.2440364360809326, 1.2296862602233887], "ensemble_accuracy": [0.48045071959495544, 0.5926620960235596, 0.6159802675247192, 0.6314276456832886, 0.6418794393539429, 0.6497557759284973, 0.6560502052307129, 0.6609458327293396, 0.6643205881118774, 0.667351245880127], "ensemble_val_loss": [1.7111005783081055, 1.5095267295837402, 1.4098173379898071, 1.350923776626587, 1.3133093118667603, 1.286783218383789, 1.2671213150024414, 1.2516101598739624, 1.2378438711166382, 1.2277635335922241], "ensemble_val_accuracy": [0.5690000057220459, 0.6051666736602783, 0.6261666417121887, 0.6381666660308838, 0.6468333601951599, 0.6514999866485596, 0.656333327293396, 0.6603333353996277, 0.6621666550636292, 0.6654999852180481], "ensemble_no_transfer_learning_ensemble_loss": [1.3655750751495361, 0.9975712299346924, 0.8669338822364807, 0.7673030495643616, 0.6950298547744751, 0.6405965685844421, 0.6027227640151978, 0.5745058655738831, 0.5528639554977417, 0.5281798839569092], "ensemble_no_transfer_learning_ensemble_accuracy": [0.6218361258506775, 0.708775520324707, 0.7455928325653076, 0.7820159792900085, 0.8201931715011597, 0.8403752446174622, 0.8591141104698181, 0.8731682896614075, 0.883375883102417, 0.8908636569976807], "ensemble_no_transfer_learning_ensemble_val_loss": [1.1574501991271973, 1.0545819997787476, 1.0396454334259033, 1.004292368888855, 0.9677093625068665, 0.9263671636581421, 0.9291395545005798, 0.9416182637214661, 0.9486569166183472, 0.9089126586914062], "ensemble_no_transfer_learning_ensemble_val_accuracy": [0.6610000133514404, 0.6786666512489319, 0.6823333501815796, 0.7045000195503235, 0.7229999899864197, 0.7361666560173035, 0.73416668176651, 0.7366666793823242, 0.7423333525657654, 0.7574999928474426]}