{"base_loss": [0.22657132148742676, 0.17003831267356873, 0.14991086721420288, 0.13358193635940552, 0.12102397531270981, 0.11127909272909164, 0.10285422205924988, 0.09513315558433533, 0.08876293897628784, 0.08229938894510269], "base_accuracy": [0.9276041388511658, 0.9471353888511658, 0.953125, 0.957812488079071, 0.9620659947395325, 0.9658854007720947, 0.967968761920929, 0.9699652791023254, 0.9721354246139526, 0.9748263955116272], "base_val_loss": [2.172092914581299, 1.7977105379104614, 1.712079644203186, 1.1128382682800293, 0.9546179175376892, 1.0318595170974731, 0.9406383037567139, 0.8770482540130615, 0.9541745185852051, 0.9150078296661377], "base_val_accuracy": [0.5265957713127136, 0.5319148898124695, 0.5319148898124695, 0.5771276354789734, 0.6117021441459656, 0.6063829660415649, 0.6622340679168701, 0.6994680762290955, 0.6781914830207825, 0.7047872543334961]}