{"base_loss": [1.8204257488250732, 1.718749761581421, 1.6753408908843994, 1.6351659297943115, 1.5985544919967651, 1.5704413652420044, 1.5491909980773926, 1.5327394008636475, 1.516608476638794, 1.5041199922561646], "base_accuracy": [0.3559326231479645, 0.39599609375, 0.4133056700229645, 0.4328369200229645, 0.44670408964157104, 0.4581542909145355, 0.4648193418979645, 0.4719482362270355, 0.4773925840854645, 0.4813232421875], "base_val_loss": [1.7899476289749146, 1.7541801929473877, 1.7201825380325317, 1.6896615028381348, 1.684773325920105, 1.6747137308120728, 1.6629844903945923, 1.7480533123016357, 1.6785393953323364, 1.6648856401443481], "base_val_accuracy": [0.38484179973602295, 0.3973509967327118, 0.40912434458732605, 0.4231052100658417, 0.4223693907260895, 0.4260485768318176, 0.42531272768974304, 0.3944076597690582, 0.41795438528060913, 0.414275199174881]}