{"ensemble_loss": [0.5972781777381897, 0.509211540222168, 0.47686058282852173, 0.45745405554771423, 0.4435833990573883, 0.4327901601791382, 0.42389726638793945, 0.4163094162940979, 0.4096544086933136, 0.4036431908607483], "ensemble_accuracy": [0.6569940447807312, 0.7703869342803955, 0.7925595045089722, 0.8023809790611267, 0.8105654716491699, 0.8171131014823914, 0.823065459728241, 0.8255952596664429, 0.8291666507720947, 0.8321428298950195], "ensemble_val_loss": [0.5877747535705566, 0.5054118037223816, 0.4675105810165405, 0.44532501697540283, 0.43154090642929077, 0.42129117250442505, 0.4132172465324402, 0.4070782959461212, 0.40133678913116455, 0.3974739611148834], "ensemble_val_accuracy": [0.621004581451416, 0.7625570893287659, 0.7625570893287659, 0.767123281955719, 0.7716894745826721, 0.77625572681427, 0.7990867495536804, 0.7990867495536804, 0.8082191944122314, 0.8082191944122314], "ensemble_no_transfer_learning_ensemble_loss": [0.4678003489971161, 0.37365272641181946, 0.3466334640979767, 0.3286152184009552, 0.3129836618900299, 0.2983429729938507, 0.2854982912540436, 0.27233657240867615, 0.2603718042373657, 0.25007227063179016], "ensemble_no_transfer_learning_ensemble_accuracy": [0.7979166507720947, 0.8440476059913635, 0.854315459728241, 0.8620535731315613, 0.8669642806053162, 0.8697916865348816, 0.8721725940704346, 0.8773809671401978, 0.8812500238418579, 0.8848214149475098], "ensemble_no_transfer_learning_ensemble_val_loss": [2.2512316703796387, 2.202019214630127, 0.9297525882720947, 0.6895362734794617, 0.7149207592010498, 0.5446021556854248, 0.49384039640426636, 0.4506325125694275, 0.4266568422317505, 0.42200300097465515], "ensemble_no_transfer_learning_ensemble_val_accuracy": [0.4611872136592865, 0.4611872136592865, 0.4885844886302948, 0.6575342416763306, 0.6255707740783691, 0.77625572681427, 0.7808219194412231, 0.8082191944122314, 0.8082191944122314, 0.8173515796661377]}