{"base_loss": [1.5731528997421265, 1.5232752561569214, 1.4812531471252441, 1.4441580772399902, 1.4119528532028198, 1.383152961730957, 1.3578901290893555, 1.3376718759536743, 1.3200172185897827, 1.3024998903274536], "base_accuracy": [0.2772727310657501, 0.3269886374473572, 0.3806818127632141, 0.42017045617103577, 0.44062501192092896, 0.45625001192092896, 0.46136364340782166, 0.47585228085517883, 0.4897727370262146, 0.4985795319080353], "base_val_loss": [1.637361764907837, 1.7728118896484375, 1.8856719732284546, 1.9563102722167969, 1.764367938041687, 1.5955095291137695, 1.512486457824707, 1.5060346126556396, 1.5567703247070312, 1.4757301807403564], "base_val_accuracy": [0.26724138855934143, 0.1982758641242981, 0.1551724076271057, 0.1551724076271057, 0.1551724076271057, 0.1982758641242981, 0.32758620381355286, 0.36206895112991333, 0.3534482717514038, 0.38793104887008667]}