{"ensemble_loss": [1.426688551902771, 1.2113068103790283, 1.119043231010437, 1.054506540298462, 1.0049854516983032, 0.965555727481842, 0.9329967498779297, 0.905632734298706, 0.8823224902153015, 0.862008273601532], "ensemble_accuracy": [0.5195833444595337, 0.6337500214576721, 0.6652083396911621, 0.6739583611488342, 0.6764583587646484, 0.6791666746139526, 0.6818749904632568, 0.684166669845581, 0.6875, 0.6902083158493042], "ensemble_val_loss": [1.3726778030395508, 1.2267365455627441, 1.1384758949279785, 1.0756269693374634, 1.0278196334838867, 0.9902058839797974, 0.9594495892524719, 0.935634434223175, 0.9153528809547424, 0.8992295265197754], "ensemble_val_accuracy": [0.5197368264198303, 0.5723684430122375, 0.5986841917037964, 0.5789473652839661, 0.5789473652839661, 0.5986841917037964, 0.6052631735801697, 0.6118420958518982, 0.6184210777282715, 0.625], "ensemble_no_transfer_learning_ensemble_loss": [1.1693602800369263, 0.8620806932449341, 0.7712279558181763, 0.7189583778381348, 0.6796109080314636, 0.644269585609436, 0.6145893931388855, 0.5888694524765015, 0.5662773251533508, 0.5470718145370483], "ensemble_no_transfer_learning_ensemble_accuracy": [0.5952083468437195, 0.6654166579246521, 0.684166669845581, 0.6991666555404663, 0.7114583253860474, 0.7229166626930237, 0.7325000166893005, 0.7391666769981384, 0.7450000047683716, 0.7510416507720947], "ensemble_no_transfer_learning_ensemble_val_loss": [2.2343389987945557, 3.9952714443206787, 4.0673723220825195, 2.2787227630615234, 1.1234911680221558, 0.8678950071334839, 0.8337633013725281, 0.8188332915306091, 0.7943835854530334, 0.7789419889450073], "ensemble_no_transfer_learning_ensemble_val_accuracy": [0.19078947603702545, 0.19078947603702545, 0.31578946113586426, 0.28947368264198303, 0.5065789222717285, 0.5986841917037964, 0.6315789222717285, 0.6381579041481018, 0.6447368264198303, 0.6710526347160339]}