{"baseline_loss": [3.6189463138580322, 2.794680118560791, 2.318779230117798, 2.0051300525665283, 1.7808547019958496, 1.6090893745422363, 1.4735089540481567, 1.3755093812942505, 1.2800849676132202, 1.2073094844818115], "baseline_accuracy": [0.1933150738477707, 0.35383376479148865, 0.42934921383857727, 0.48105669021606445, 0.5192493796348572, 0.541865348815918, 0.5590206384658813, 0.5724226832389832, 0.593315064907074, 0.6047196984291077], "baseline_val_loss": [3.534646511077881, 3.2545270919799805, 2.844290018081665, 2.865818500518799, 2.41385555267334, 2.532027006149292, 2.574399709701538, 2.2330479621887207, 2.20731520652771, 2.4476068019866943], "baseline_val_accuracy": [0.11353711783885956, 0.12372634559869766, 0.17903929948806763, 0.1518680304288864, 0.24648228287696838, 0.2086365818977356, 0.184376522898674, 0.2799611985683441, 0.2688015401363373, 0.1984473615884781]}