{"ensemble_loss": [1.0200412273406982, 0.8674557209014893, 0.7915395498275757, 0.7411494255065918, 0.7045961618423462, 0.675859808921814, 0.6519922614097595, 0.6315537095069885, 0.6136903166770935, 0.5977046489715576], "ensemble_accuracy": [0.5218750238418579, 0.628125011920929, 0.7593749761581421, 0.7950000166893005, 0.8162500262260437, 0.8306249976158142, 0.8349999785423279, 0.8393750190734863, 0.8424999713897705, 0.8443750143051147], "ensemble_val_loss": [0.9721751809120178, 0.828041672706604, 0.740616500377655, 0.680279016494751, 0.6367256045341492, 0.6050996780395508, 0.5806386470794678, 0.5609518885612488, 0.544272243976593, 0.5292364954948425], "ensemble_val_accuracy": [0.4528301954269409, 0.6037735939025879, 0.8113207817077637, 0.8301886916160583, 0.8867924809455872, 0.9433962106704712, 0.9433962106704712, 0.9622641801834106, 0.9622641801834106, 0.9622641801834106], "ensemble_no_transfer_learning_ensemble_loss": [0.899629533290863, 0.7360741496086121, 0.6345440149307251, 0.5588436722755432, 0.49898311495780945, 0.44969311356544495, 0.40877315402030945, 0.3752201795578003, 0.34736987948417664, 0.32301729917526245], "ensemble_no_transfer_learning_ensemble_accuracy": [0.6200000047683716, 0.7337499856948853, 0.796875, 0.846875011920929, 0.8712499737739563, 0.8899999856948853, 0.8993750214576721, 0.9100000262260437, 0.9162499904632568, 0.925000011920929], "ensemble_no_transfer_learning_ensemble_val_loss": [1.0953598022460938, 1.1189303398132324, 1.2827260494232178, 1.5361677408218384, 1.8058160543441772, 2.0653302669525146, 2.3085427284240723, 2.4831345081329346, 2.4485790729522705, 2.178582191467285], "ensemble_no_transfer_learning_ensemble_val_accuracy": [0.37735849618911743, 0.37735849618911743, 0.37735849618911743, 0.37735849618911743, 0.37735849618911743, 0.37735849618911743, 0.37735849618911743, 0.37735849618911743, 0.37735849618911743, 0.37735849618911743]}