{"baseline_loss": [3.1473822593688965, 2.3732948303222656, 1.9757431745529175, 1.7255886793136597, 1.5468918085098267, 1.4117010831832886, 1.3094584941864014, 1.2135095596313477, 1.1401270627975464, 1.0765107870101929], "baseline_accuracy": [0.2591114342212677, 0.4092118442058563, 0.4812374413013458, 0.5200803279876709, 0.5524347424507141, 0.5801330208778381, 0.5978915691375732, 0.6218624711036682, 0.6405622363090515, 0.6574171781539917], "baseline_val_loss": [3.961892604827881, 4.0874505043029785, 4.141042709350586, 3.740769624710083, 3.64082670211792, 3.8465867042541504, 4.5941290855407715, 4.195419788360596, 4.528112888336182, 4.401155471801758], "baseline_val_accuracy": [0.05893464386463165, 0.05780128389596939, 0.08764639496803284, 0.08386853337287903, 0.09897997975349426, 0.09746883064508438, 0.09822440147399902, 0.10351341217756271, 0.11446920782327652, 0.13184738159179688]}