 ,AbnormalHeartbeat,BinaryHeartbeat,CatsDogs,DucksAndGeese,FruitFlies,InsectWingbeatSound,Phoneme,RightWhaleCalls,UrbanSound
AbnormalHeartbeat,1.1132335929993957,0.5457589504572129,1.0350702508049168,1.0301059944544577,0.9055768475213867,7.318506826661968,10.58995238838374,1.0117214492699096,0.6650731780038883
BinaryHeartbeat,0.5457589504572129,0.4412889541072405,1.0231256451053388,0.5402740691577164,0.45316908170693737,8.788330010018983,12.374728403829648,0.556420066431311,0.3323772485944887
CatsDogs,1.0350702508049168,1.0231256451053388,1.1065128854604267,1.4584643906614632,1.2963165094831675,8.551777000095798,11.345616966225908,1.1900043632470818,0.7860642339665678
DucksAndGeese,1.0301059944544577,0.5402740691577164,1.4584643906614632,0.017542141089136334,0.08365303443671464,10.127806909101015,13.811826929184667,0.0912766702390705,0.3879725736823256
FruitFlies,0.9055768475213867,0.45316908170693737,1.2963165094831675,0.08365303443671464,0.12187966477042175,10.509105111938588,13.595494731892824,0.11294071879071535,0.34491983552642713
InsectWingbeatSound,7.318506826661968,8.788330010018983,8.551777000095798,10.127806909101015,10.509105111938588,1.358421162562921,11.616876566474936,9.942128009840728,6.675787687689926
Phoneme,10.58995238838374,12.374728403829648,11.345616966225908,13.811826929184667,13.595494731892824,11.616876566474936,6.172682789497418,12.865831804143342,10.51339516203167
RightWhaleCalls,1.0117214492699096,0.556420066431311,1.1900043632470818,0.0912766702390705,0.11294071879071535,9.942128009840728,12.865831804143342,0.760074481439695,0.40333798834492557
UrbanSound,0.6650731780038883,0.3323772485944887,0.7860642339665678,0.3879725736823256,0.34491983552642713,6.675787687689926,10.51339516203167,0.40333798834492557,0.46998714133121045
