,BME,CBF,ChlorineConcentration,Mallat,ShapeletSim,SmoothSubspace,SyntheticControl,TwoPatterns,UMD
BME,inf,5.041525938435098,10.529344598328844,17.83967639326461,13.668033742885655,2.4907552834115996,4.450261584642523,5.099256377430039,0.3356797488258586
CBF,5.041525938435098,inf,11.732278172495798,13.405898873027148,13.56534487774492,7.867840540869992,5.375564925229819,6.351638998963703,4.545765626567815
ChlorineConcentration,10.529344598328844,11.732278172495798,inf,13.559985800536648,14.695697605333603,10.989934798162846,7.1712171292122955,9.725160231213767,10.557993264087008
Mallat,17.83967639326461,13.405898873027148,13.559985800536648,inf,14.618106652719767,27.830444751542515,8.629385289206326,14.84638457783707,16.688238548989904
ShapeletSim,13.668033742885655,13.56534487774492,14.695697605333603,14.618106652719767,inf,14.661873069433737,12.862383438207,12.840131001693774,13.570388699444647
SmoothSubspace,2.4907552834115996,7.867840540869992,10.989934798162846,27.830444751542515,14.661873069433737,inf,5.089512078475641,6.043927003464755,2.8801350682206768
SyntheticControl,4.450261584642523,5.375564925229819,7.1712171292122955,8.629385289206326,12.862383438207,5.089512078475641,inf,4.496281664853175,4.240717262881207
TwoPatterns,5.099256377430039,6.351638998963703,9.725160231213767,14.84638457783707,12.840131001693774,6.043927003464755,4.496281664853175,inf,5.019439783023321
UMD,0.3356797488258586,4.545765626567815,10.557993264087008,16.688238548989904,13.570388699444647,2.8801350682206768,4.240717262881207,5.019439783023321,inf
