{"ensemble_loss": [2.069366216659546, 1.8559966087341309, 1.759893774986267, 1.6945827007293701, 1.6451632976531982, 1.6052552461624146, 1.5708774328231812, 1.5408427715301514, 1.514066219329834, 1.4897685050964355], "ensemble_accuracy": [0.3251301944255829, 0.4286458194255829, 0.4839843809604645, 0.5364583134651184, 0.572265625, 0.5895833373069763, 0.6022135615348816, 0.6139323115348816, 0.623828113079071, 0.6315104365348816], "ensemble_val_loss": [1.96532142162323, 1.8309736251831055, 1.758300542831421, 1.7061842679977417, 1.6665741205215454, 1.6334333419799805, 1.6052098274230957, 1.581209659576416, 1.5589252710342407, 1.5383498668670654], "ensemble_val_accuracy": [0.36399999260902405, 0.41999998688697815, 0.46399998664855957, 0.4959999918937683, 0.5120000243186951, 0.5199999809265137, 0.5320000052452087, 0.5360000133514404, 0.5440000295639038, 0.5479999780654907], "ensemble_no_transfer_learning_ensemble_loss": [1.7462007999420166, 1.4385011196136475, 1.2989643812179565, 1.2029876708984375, 1.127021074295044, 1.063306450843811, 1.0073442459106445, 0.9577919840812683, 0.9127774834632874, 0.8708564043045044], "ensemble_no_transfer_learning_ensemble_accuracy": [0.5101562738418579, 0.6337239742279053, 0.6712239384651184, 0.6977864503860474, 0.7178385257720947, 0.7389323115348816, 0.7567708492279053, 0.7721354365348816, 0.790234386920929, 0.8067708611488342], "ensemble_no_transfer_learning_ensemble_val_loss": [2.2511603832244873, 1.8413903713226318, 1.5154869556427002, 1.3918616771697998, 1.330664038658142, 1.2869912385940552, 1.247581958770752, 1.216349482536316, 1.1930546760559082, 1.1659085750579834], "ensemble_no_transfer_learning_ensemble_val_accuracy": [0.14399999380111694, 0.2879999876022339, 0.5120000243186951, 0.5799999833106995, 0.5839999914169312, 0.5920000076293945, 0.5960000157356262, 0.5960000157356262, 0.5920000076293945, 0.6000000238418579]}