{"ensemble_loss": [0.5244776010513306, 0.3807440996170044, 0.32095980644226074, 0.27908429503440857, 0.2463209182024002, 0.22028495371341705, 0.19891870021820068, 0.1807999461889267, 0.1652398258447647, 0.15188303589820862], "ensemble_accuracy": [0.8184658885002136, 0.9227272868156433, 0.9465909004211426, 0.9636363387107849, 0.9713068008422852, 0.9769886136054993, 0.9809659123420715, 0.9826704263687134, 0.9832386374473572, 0.984375], "ensemble_val_loss": [0.5338855981826782, 0.4332951605319977, 0.36923277378082275, 0.3268349766731262, 0.29177722334861755, 0.259612500667572, 0.23337054252624512, 0.21157768368721008, 0.19314169883728027, 0.17733848094940186], "ensemble_val_accuracy": [0.9115044474601746, 0.9469026327133179, 0.9203540086746216, 0.9292035102844238, 0.9292035102844238, 0.9292035102844238, 0.9292035102844238, 0.9292035102844238, 0.9380530714988708, 0.9469026327133179], "ensemble_no_transfer_learning_ensemble_loss": [0.35283660888671875, 0.1330733746290207, 0.07218936085700989, 0.049742624163627625, 0.03702767938375473, 0.02911975607275963, 0.024126410484313965, 0.020726008340716362, 0.01759469509124756, 0.015512080863118172], "ensemble_no_transfer_learning_ensemble_accuracy": [0.909943163394928, 0.9877840876579285, 0.9937499761581421, 0.9957386255264282, 0.996874988079071, 0.9982954263687134, 0.9988636374473572, 0.9997159242630005, 1.0, 1.0], "ensemble_no_transfer_learning_ensemble_val_loss": [0.6970514059066772, 0.9160999655723572, 1.6109228134155273, 2.2464656829833984, 1.2821310758590698, 0.21969999372959137, 0.036445893347263336, 0.01713668927550316, 0.011827370151877403, 0.010098358616232872], "ensemble_no_transfer_learning_ensemble_val_accuracy": [0.5752212405204773, 0.40707963705062866, 0.40707963705062866, 0.40707963705062866, 0.4159291982650757, 0.9646017551422119, 1.0, 1.0, 1.0, 1.0]}