{"ensemble_loss": [2.043766498565674, 1.8006187677383423, 1.695154070854187, 1.6255015134811401, 1.5738030672073364, 1.5320569276809692, 1.497267484664917, 1.4666599035263062, 1.4391558170318604, 1.4138963222503662], "ensemble_accuracy": [0.33385416865348816, 0.5498697757720947, 0.5825520753860474, 0.6011718511581421, 0.6139323115348816, 0.627734363079071, 0.6399739384651184, 0.649609386920929, 0.658203125, 0.6645833253860474], "ensemble_val_loss": [1.9875792264938354, 1.8778430223464966, 1.8039602041244507, 1.7494372129440308, 1.706093430519104, 1.6694766283035278, 1.6376957893371582, 1.6101442575454712, 1.5850539207458496, 1.5616848468780518], "ensemble_val_accuracy": [0.46000000834465027, 0.5199999809265137, 0.5440000295639038, 0.5759999752044678, 0.6000000238418579, 0.6119999885559082, 0.6359999775886536, 0.6399999856948853, 0.6359999775886536, 0.6520000100135803], "ensemble_no_transfer_learning_ensemble_loss": [1.7555320262908936, 1.4446160793304443, 1.2907047271728516, 1.179992437362671, 1.0945831537246704, 1.0248435735702515, 0.9658862352371216, 0.9153732657432556, 0.8715212345123291, 0.8326669335365295], "ensemble_no_transfer_learning_ensemble_accuracy": [0.5375000238418579, 0.6636718511581421, 0.7072916626930237, 0.735156238079071, 0.755078136920929, 0.774609386920929, 0.7904947996139526, 0.8022135496139526, 0.8115885257720947, 0.822265625], "ensemble_no_transfer_learning_ensemble_val_loss": [2.33314847946167, 1.8962939977645874, 1.5305317640304565, 1.4098217487335205, 1.3276504278182983, 1.259255051612854, 1.2055331468582153, 1.1555485725402832, 1.1207115650177002, 1.0822664499282837], "ensemble_no_transfer_learning_ensemble_val_accuracy": [0.19200000166893005, 0.47999998927116394, 0.5680000185966492, 0.5960000157356262, 0.6119999885559082, 0.6320000290870667, 0.671999990940094, 0.6880000233650208, 0.6840000152587891, 0.7120000123977661]}