{"base_loss": [0.4466065764427185, 0.32795506715774536, 0.27538537979125977, 0.23783738911151886, 0.2094666212797165, 0.1870916187763214, 0.16916249692440033, 0.15405192971229553, 0.14084568619728088, 0.12990833818912506], "base_accuracy": [0.8109375238418579, 0.8812500238418579, 0.90234375, 0.930468738079071, 0.94140625, 0.952343761920929, 0.9632812738418579, 0.9664062261581421, 0.9671875238418579, 0.967968761920929], "base_val_loss": [0.7054126858711243, 0.7342985272407532, 0.7891607880592346, 0.8800821900367737, 1.0107438564300537, 1.1519855260849, 1.2820837497711182, 1.4062739610671997, 1.4817793369293213, 1.5082429647445679], "base_val_accuracy": [0.4285714328289032, 0.4285714328289032, 0.4285714328289032, 0.4285714328289032, 0.4285714328289032, 0.4285714328289032, 0.4285714328289032, 0.4285714328289032, 0.4285714328289032, 0.4285714328289032]}