{"ensemble_loss": [2.212022542953491, 1.7583942413330078, 1.5535032749176025, 1.4199970960617065, 1.3231983184814453, 1.2478406429290771, 1.1869077682495117, 1.1359879970550537, 1.092447280883789, 1.0544438362121582], "ensemble_accuracy": [0.37986111640930176, 0.6876157522201538, 0.8008101582527161, 0.8262731432914734, 0.8370370268821716, 0.8445602059364319, 0.8502314686775208, 0.8537036776542664, 0.8583333492279053, 0.8600694537162781], "ensemble_val_loss": [1.9550069570541382, 1.7118486166000366, 1.549761414527893, 1.438053011894226, 1.357564926147461, 1.2959742546081543, 1.2450238466262817, 1.201635479927063, 1.1648050546646118, 1.1328109502792358], "ensemble_val_accuracy": [0.478723406791687, 0.6595744490623474, 0.7517730593681335, 0.7872340679168701, 0.783687949180603, 0.783687949180603, 0.7765957713127136, 0.783687949180603, 0.7907801270484924, 0.783687949180603], "ensemble_no_transfer_learning_ensemble_loss": [1.5867253541946411, 1.0043646097183228, 0.7838889360427856, 0.6380656957626343, 0.5425954461097717, 0.4813888967037201, 0.43367472290992737, 0.3890281319618225, 0.34752747416496277, 0.3164216876029968], "ensemble_no_transfer_learning_ensemble_accuracy": [0.7189815044403076, 0.8582175970077515, 0.8954861164093018, 0.9204860925674438, 0.9392361044883728, 0.954745352268219, 0.9621527791023254, 0.967129647731781, 0.971875011920929, 0.9755787253379822], "ensemble_no_transfer_learning_ensemble_val_loss": [3.886861562728882, 1.5759395360946655, 0.8158228993415833, 0.6776137948036194, 0.5899645090103149, 0.5379073619842529, 0.48564428091049194, 0.44872555136680603, 0.4066019654273987, 0.37452858686447144], "ensemble_no_transfer_learning_ensemble_val_accuracy": [0.07092198729515076, 0.478723406791687, 0.8546099066734314, 0.8510638475418091, 0.8829787373542786, 0.9007092118263245, 0.9007092118263245, 0.9007092118263245, 0.9078013896942139, 0.9078013896942139]}