{"base_loss": [1.828906536102295, 1.5731316804885864, 1.436004638671875, 1.3363884687423706, 1.2553335428237915, 1.1889984607696533, 1.1329004764556885, 1.0843985080718994, 1.04054856300354, 1.0013434886932373], "base_accuracy": [0.4378906190395355, 0.5740885138511658, 0.6170572638511658, 0.6471354365348816, 0.6678385138511658, 0.6837239861488342, 0.6983072757720947, 0.7104166746139526, 0.7216145992279053, 0.7325521111488342], "base_val_loss": [2.4589927196502686, 2.075615644454956, 1.688940167427063, 1.5702868700027466, 1.5130932331085205, 1.448939561843872, 1.4128949642181396, 1.3599834442138672, 1.3410024642944336, 1.3313424587249756], "base_val_accuracy": [0.07999999821186066, 0.25600001215934753, 0.5, 0.5720000267028809, 0.5920000076293945, 0.6439999938011169, 0.6359999775886536, 0.6800000071525574, 0.6639999747276306, 0.6679999828338623]}