{"baseline_loss": [2.610220193862915, 1.9921725988388062, 1.787026047706604, 1.6637427806854248, 1.5811299085617065, 1.5239448547363281, 1.4603846073150635, 1.4300004243850708, 1.3952457904815674, 1.3721851110458374], "baseline_accuracy": [0.16249999403953552, 0.27265626192092896, 0.4368489682674408, 0.5062500238418579, 0.5430989861488342, 0.5601562261581421, 0.5967447757720947, 0.602343738079071, 0.6225260496139526, 0.6231771111488342], "baseline_val_loss": [2.175715446472168, 1.9638090133666992, 1.846378207206726, 1.7734687328338623, 1.7211809158325195, 1.6758592128753662, 1.6523135900497437, 1.6222678422927856, 1.600713849067688, 1.578708529472351], "baseline_val_accuracy": [0.18000000715255737, 0.25600001215934753, 0.3799999952316284, 0.41600000858306885, 0.47200000286102295, 0.47999998927116394, 0.47999998927116394, 0.5080000162124634, 0.5239999890327454, 0.5120000243186951], "baseline_no_transfer_learning_base_loss": [1.7737643718719482, 1.5193716287612915, 1.401680588722229, 1.322068691253662, 1.2591766119003296, 1.2070118188858032, 1.161685585975647, 1.121073842048645, 1.0848013162612915, 1.0516061782836914], "baseline_no_transfer_learning_base_accuracy": [0.4585937559604645, 0.5601562261581421, 0.5908854007720947, 0.6119791865348816, 0.6283854246139526, 0.6408854126930237, 0.6565104126930237, 0.6731770634651184, 0.6839843988418579, 0.6950520873069763], "baseline_no_transfer_learning_base_val_loss": [2.2112200260162354, 1.8512651920318604, 1.554577350616455, 1.4408148527145386, 1.3827074766159058, 1.342849850654602, 1.3094656467437744, 1.2878717184066772, 1.2824312448501587, 1.2889155149459839], "baseline_no_transfer_learning_base_val_accuracy": [0.1599999964237213, 0.40799999237060547, 0.5360000133514404, 0.5799999833106995, 0.6039999723434448, 0.6240000128746033, 0.628000020980835, 0.6159999966621399, 0.6000000238418579, 0.6039999723434448]}