{"ensemble_loss": [0.8077470064163208, 0.613245964050293, 0.5499635338783264, 0.5149425864219666, 0.4922654628753662, 0.4759572744369507, 0.46335846185684204, 0.45289862155914307, 0.44390344619750977, 0.4360499382019043], "ensemble_accuracy": [0.7461538314819336, 0.8185096383094788, 0.8254807591438293, 0.8266826868057251, 0.8295673131942749, 0.8336538672447205, 0.8367788195610046, 0.8415865302085876, 0.84375, 0.84375], "ensemble_val_loss": [0.7714861035346985, 0.6289923191070557, 0.5572751760482788, 0.5195085406303406, 0.4984571039676666, 0.4848267734050751, 0.4751046597957611, 0.46727296710014343, 0.4617348313331604, 0.4579413831233978], "ensemble_val_accuracy": [0.8222222328186035, 0.8444444537162781, 0.8296296000480652, 0.8296296000480652, 0.8296296000480652, 0.8296296000480652, 0.8222222328186035, 0.8222222328186035, 0.8148148059844971, 0.8148148059844971], "ensemble_no_transfer_learning_ensemble_loss": [0.6017468571662903, 0.4413728713989258, 0.406287282705307, 0.3821537494659424, 0.3614560663700104, 0.3429369628429413, 0.3264486491680145, 0.3105440139770508, 0.2967532277107239, 0.283837229013443], "ensemble_no_transfer_learning_ensemble_accuracy": [0.7903845906257629, 0.831250011920929, 0.8430288434028625, 0.8502404093742371, 0.8574519157409668, 0.8646634817123413, 0.8723557591438293, 0.8788461685180664, 0.8870192170143127, 0.895432710647583], "ensemble_no_transfer_learning_ensemble_val_loss": [1.2137081623077393, 1.593189001083374, 1.5731924772262573, 0.8295664191246033, 0.4247185289859772, 0.359342485666275, 0.3584628105163574, 0.3589589297771454, 0.3644390106201172, 0.35994237661361694], "ensemble_no_transfer_learning_ensemble_val_accuracy": [0.2888889014720917, 0.2888889014720917, 0.2888889014720917, 0.6814814805984497, 0.8296296000480652, 0.8222222328186035, 0.8222222328186035, 0.8148148059844971, 0.8148148059844971, 0.8074073791503906]}