{"ensemble_loss": [1.0656940937042236, 0.8271521925926208, 0.7495946884155273, 0.7008880376815796, 0.6658820509910583, 0.6387995481491089, 0.6159189343452454, 0.5975770950317383, 0.5817151665687561, 0.5674217343330383], "ensemble_accuracy": [0.6383223533630371, 0.7986842393875122, 0.8205592036247253, 0.8304276466369629, 0.8340460658073425, 0.8394736647605896, 0.8450657725334167, 0.8490131497383118, 0.8536184430122375, 0.8585526347160339], "ensemble_val_loss": [1.0540841817855835, 0.9780817031860352, 0.9276831746101379, 0.8852379322052002, 0.8580718636512756, 0.8351125717163086, 0.8131042122840881, 0.7955986261367798, 0.7774660587310791, 0.7635434865951538], "ensemble_val_accuracy": [0.43877550959587097, 0.5306122303009033, 0.5969387888908386, 0.6071428656578064, 0.5969387888908386, 0.6173469424247742, 0.6377550959587097, 0.6479591727256775, 0.6479591727256775, 0.6479591727256775], "ensemble_no_transfer_learning_ensemble_loss": [0.7943269610404968, 0.5822136998176575, 0.5050455927848816, 0.4546605050563812, 0.41598615050315857, 0.3833662271499634, 0.35481560230255127, 0.328584223985672, 0.304257333278656, 0.28029268980026245], "ensemble_no_transfer_learning_ensemble_accuracy": [0.7462171316146851, 0.8294407725334167, 0.8455592393875122, 0.8613486886024475, 0.8726973533630371, 0.8832237124443054, 0.8950657844543457, 0.9085526466369629, 0.9177631735801697, 0.928947389125824], "ensemble_no_transfer_learning_ensemble_val_loss": [1.3396600484848022, 0.7007827162742615, 0.5630198121070862, 0.5721163749694824, 0.5564194917678833, 0.55543452501297, 0.5445557236671448, 0.53132164478302, 0.5642331838607788, 0.5342921614646912], "ensemble_no_transfer_learning_ensemble_val_accuracy": [0.25, 0.7244898080825806, 0.7704081535339355, 0.7295918464660645, 0.75, 0.7448979616165161, 0.7551020383834839, 0.7602040767669678, 0.7244898080825806, 0.7602040767669678]}