{"ensemble_loss": [1.829667091369629, 1.6731948852539062, 1.571164846420288, 1.491424798965454, 1.4220774173736572, 1.3694698810577393, 1.332211971282959, 1.3033270835876465, 1.2794756889343262, 1.2541091442108154], "ensemble_accuracy": [0.2933593690395355, 0.3822265565395355, 0.40507811307907104, 0.439453125, 0.47578126192092896, 0.501171886920929, 0.5228515863418579, 0.5355468988418579, 0.539843738079071, 0.5458984375], "ensemble_val_loss": [1.9822016954421997, 2.0252649784088135, 2.0542876720428467, 2.3637702465057373, 2.4858648777008057, 1.9730722904205322, 2.2971134185791016, 2.914680242538452, 2.330733299255371, 2.774538040161133], "ensemble_val_accuracy": [0.15337423980236053, 0.16564416885375977, 0.1411042958498001, 0.1411042958498001, 0.1411042958498001, 0.19018404185771942, 0.1411042958498001, 0.1411042958498001, 0.1411042958498001, 0.1411042958498001]}