{"baseline_loss": [1.5488324165344238, 1.1727104187011719, 1.048902988433838, 0.9625617265701294, 0.9010420441627502, 0.8532974123954773, 0.8292699456214905, 0.8103652000427246, 0.782008945941925, 0.7671545743942261], "baseline_accuracy": [0.43791666626930237, 0.5597916841506958, 0.5881249904632568, 0.6152083277702332, 0.6566666960716248, 0.6756250262260437, 0.6864583492279053, 0.70333331823349, 0.7260416746139526, 0.7268750071525574], "baseline_val_loss": [1.3064064979553223, 1.1093289852142334, 1.0196605920791626, 0.9670875072479248, 0.9317396283149719, 0.9118319153785706, 0.8871964812278748, 0.8760029673576355, 0.8535152077674866, 0.8386252522468567], "baseline_val_accuracy": [0.5460526347160339, 0.5328947305679321, 0.6315789222717285, 0.6710526347160339, 0.6644737124443054, 0.6513158082962036, 0.6842105388641357, 0.6578947305679321, 0.6710526347160339, 0.6907894611358643], "baseline_no_transfer_learning_base_loss": [1.366359829902649, 1.0197473764419556, 0.9033984541893005, 0.8336347937583923, 0.7889166474342346, 0.7532312273979187, 0.7239529490470886, 0.6985923647880554, 0.6792665123939514, 0.6570824980735779], "baseline_no_transfer_learning_base_accuracy": [0.4879166781902313, 0.6316666603088379, 0.659583330154419, 0.6854166388511658, 0.6956250071525574, 0.7054166793823242, 0.7118750214576721, 0.7181249856948853, 0.7245833277702332, 0.7327083349227905], "baseline_no_transfer_learning_base_val_loss": [1.9176254272460938, 2.4448001384735107, 3.2960212230682373, 2.6869451999664307, 1.3419777154922485, 1.0585405826568604, 0.8408786654472351, 0.8565238118171692, 0.737221896648407, 0.7415944337844849], "baseline_no_transfer_learning_base_val_accuracy": [0.14473684132099152, 0.3618420958518982, 0.14473684132099152, 0.14473684132099152, 0.5263158082962036, 0.5328947305679321, 0.6052631735801697, 0.5526315569877625, 0.6973684430122375, 0.6513158082962036]}