{"baseline_loss": [3.183030128479004, 2.4246370792388916, 2.0562572479248047, 1.8164947032928467, 1.6422609090805054, 1.513680100440979, 1.4085708856582642, 1.3250510692596436, 1.2598631381988525, 1.1993035078048706], "baseline_accuracy": [0.2254873812198639, 0.37764716148376465, 0.4476204216480255, 0.49388378858566284, 0.5266914963722229, 0.5529338717460632, 0.5723910331726074, 0.5898318290710449, 0.6074063181877136, 0.6202694773674011], "baseline_val_loss": [2.743943452835083, 2.415731430053711, 2.0448107719421387, 1.839697241783142, 1.7817366123199463, 1.6132972240447998, 1.538207769393921, 1.5375220775604248, 1.4875738620758057, 1.5374135971069336], "baseline_val_accuracy": [0.2876436710357666, 0.3379310369491577, 0.3890804648399353, 0.4186781644821167, 0.45114943385124207, 0.4772988557815552, 0.4793103337287903, 0.49425286054611206, 0.5132184028625488, 0.48678159713745117]}