{"baseline_loss": [0.5273385643959045, 0.41990262269973755, 0.4006786644458771, 0.38257235288619995, 0.3701007664203644, 0.36143097281455994, 0.35678553581237793, 0.34553262591362, 0.3456926643848419, 0.33399516344070435], "baseline_accuracy": [0.7422618865966797, 0.8324404954910278, 0.8385416865348816, 0.8502976298332214, 0.8563988208770752, 0.8522321581840515, 0.8555059432983398, 0.8639881014823914, 0.856249988079071, 0.8691964149475098], "baseline_val_loss": [0.4992150366306305, 0.4482772648334503, 0.43684303760528564, 0.4287090003490448, 0.4113781452178955, 0.4073282778263092, 0.405775785446167, 0.39419934153556824, 0.3905777335166931, 0.3889433741569519], "baseline_val_accuracy": [0.7534246444702148, 0.7899543642997742, 0.7853881120681763, 0.767123281955719, 0.7990867495536804, 0.8036529421806335, 0.7945205569267273, 0.8127853870391846, 0.844748854637146, 0.844748854637146], "baseline_no_transfer_learning_base_loss": [0.6803731918334961, 0.4655788838863373, 0.42181888222694397, 0.400778204202652, 0.38557636737823486, 0.37413010001182556, 0.3618117868900299, 0.35078808665275574, 0.34151530265808105, 0.33572250604629517], "baseline_no_transfer_learning_base_accuracy": [0.6321428418159485, 0.7958333492279053, 0.8214285969734192, 0.8322916626930237, 0.8415178656578064, 0.8461309671401978, 0.8502976298332214, 0.8577380776405334, 0.8619047403335571, 0.8635416626930237], "baseline_no_transfer_learning_base_val_loss": [1.2685189247131348, 2.018281936645508, 0.7788374423980713, 1.297418475151062, 1.1581015586853027, 1.2243810892105103, 0.9976790547370911, 1.1044961214065552, 0.8478537797927856, 0.7349522709846497], "baseline_no_transfer_learning_base_val_accuracy": [0.5114155411720276, 0.5114155411720276, 0.5114155411720276, 0.5114155411720276, 0.5114155411720276, 0.5114155411720276, 0.5114155411720276, 0.5114155411720276, 0.5707762837409973, 0.6301369667053223]}