{"ensemble_loss": [1.1925541162490845, 0.9755419492721558, 0.8615833520889282, 0.7845093011856079, 0.7242294549942017, 0.6718884110450745, 0.6268609762191772, 0.587264895439148, 0.552620530128479, 0.5224248766899109], "ensemble_accuracy": [0.5414062738418579, 0.9085937738418579, 0.938281238079071, 0.9453125, 0.9515625238418579, 0.9515625238418579, 0.952343761920929, 0.952343761920929, 0.955078125, 0.9574218988418579], "ensemble_val_loss": [1.2589266300201416, 1.0959529876708984, 0.9537397027015686, 0.8474937677383423, 0.7702714204788208, 0.7082132697105408, 0.6606413722038269, 0.6193860769271851, 0.5812548995018005, 0.5488623380661011], "ensemble_val_accuracy": [0.4691357910633087, 0.8641975522041321, 0.9876543283462524, 0.9876543283462524, 0.9876543283462524, 0.9876543283462524, 0.9876543283462524, 0.9753086566925049, 0.9753086566925049, 0.9506173133850098], "ensemble_no_transfer_learning_ensemble_loss": [1.030615210533142, 0.6555621027946472, 0.46303772926330566, 0.3513583242893219, 0.28149276971817017, 0.2302042692899704, 0.19378267228603363, 0.1667281687259674, 0.14647845923900604, 0.1301085650920868], "ensemble_no_transfer_learning_ensemble_accuracy": [0.7124999761581421, 0.9281250238418579, 0.9593750238418579, 0.973828136920929, 0.9789062738418579, 0.9839843511581421, 0.987500011920929, 0.98828125, 0.989062488079071, 0.9886718988418579], "ensemble_no_transfer_learning_ensemble_val_loss": [1.3842774629592896, 1.4890481233596802, 2.0738508701324463, 3.4410908222198486, 5.018016338348389, 5.529094219207764, 4.2132744789123535, 1.810398817062378, 0.563005805015564, 0.26782113313674927], "ensemble_no_transfer_learning_ensemble_val_accuracy": [0.2469135820865631, 0.2469135820865631, 0.2469135820865631, 0.2469135820865631, 0.2469135820865631, 0.2469135820865631, 0.2469135820865631, 0.2839506268501282, 0.8888888955116272, 0.9382715821266174]}