{"ensemble_loss": [0.6033360362052917, 0.5456054210662842, 0.5181147456169128, 0.4982586205005646, 0.4828072786331177, 0.4698859751224518, 0.4587513506412506, 0.44884777069091797, 0.4399687945842743, 0.43182864785194397], "ensemble_accuracy": [0.726934552192688, 0.7741071581840515, 0.7872023582458496, 0.7988095283508301, 0.8083333373069763, 0.8159226179122925, 0.8205357193946838, 0.8263393044471741, 0.8302083611488342, 0.8325892686843872], "ensemble_val_loss": [0.5890286564826965, 0.548651933670044, 0.5229255557060242, 0.5017264485359192, 0.48654669523239136, 0.47350218892097473, 0.46319952607154846, 0.45290371775627136, 0.4457588493824005, 0.43922993540763855], "ensemble_val_accuracy": [0.713004469871521, 0.7354260087013245, 0.7668161392211914, 0.7757847309112549, 0.7802690863609314, 0.7802690863609314, 0.8026905655860901, 0.8116592168807983, 0.834080696105957, 0.834080696105957], "ensemble_no_transfer_learning_ensemble_loss": [0.600705087184906, 0.4828653633594513, 0.4223569631576538, 0.38598793745040894, 0.36282286047935486, 0.34377652406692505, 0.3290691077709198, 0.31524839997291565, 0.30340468883514404, 0.2951892912387848], "ensemble_no_transfer_learning_ensemble_accuracy": [0.7020833492279053, 0.7904762029647827, 0.8229166865348816, 0.8427083492279053, 0.855654776096344, 0.8623511791229248, 0.8711309432983398, 0.8748511672019958, 0.8791666626930237, 0.8830357193946838], "ensemble_no_transfer_learning_ensemble_val_loss": [1.688003420829773, 4.767153739929199, 2.640237331390381, 1.1808277368545532, 0.7273459434509277, 0.5871943235397339, 0.6332944631576538, 0.8068190813064575, 0.5828153491020203, 0.7182034254074097], "ensemble_no_transfer_learning_ensemble_val_accuracy": [0.5381165742874146, 0.5381165742874146, 0.5381165742874146, 0.5650224089622498, 0.6188340783119202, 0.6502242088317871, 0.6278026700019836, 0.5964125394821167, 0.6547085046768188, 0.6143497824668884]}