{"baseline_loss": [2.0362634658813477, 1.7498018741607666, 1.6379737854003906, 1.5919514894485474, 1.5480663776397705, 1.5203403234481812, 1.4928245544433594, 1.472551941871643, 1.4599417448043823, 1.438435673713684], "baseline_accuracy": [0.26494932174682617, 0.3063344657421112, 0.33150339126586914, 0.3317567706108093, 0.3526182472705841, 0.35954391956329346, 0.3682432472705841, 0.36925676465034485, 0.37576013803482056, 0.3855574429035187], "baseline_val_loss": [1.8183339834213257, 1.6678396463394165, 1.5981065034866333, 1.5607978105545044, 1.5317615270614624, 1.504027247428894, 1.5006496906280518, 1.4636764526367188, 1.466462254524231, 1.4561748504638672], "baseline_val_accuracy": [0.331619530916214, 0.3239074647426605, 0.336760938167572, 0.3084833025932312, 0.3470436930656433, 0.3444730043411255, 0.311053991317749, 0.33933162689208984, 0.31362468004226685, 0.35475578904151917], "baseline_no_transfer_learning_base_loss": [1.8557438850402832, 1.6951520442962646, 1.6072624921798706, 1.5528857707977295, 1.5161149501800537, 1.4893832206726074, 1.4679436683654785, 1.449381947517395, 1.4409196376800537, 1.426132321357727], "baseline_no_transfer_learning_base_accuracy": [0.24788852035999298, 0.3054898679256439, 0.3331925570964813, 0.34923985600471497, 0.3566722869873047, 0.36131757497787476, 0.3682432472705841, 0.367652028799057, 0.3673141896724701, 0.37162160873413086], "baseline_no_transfer_learning_base_val_loss": [2.3660473823547363, 1.7367092370986938, 1.600792407989502, 1.5345898866653442, 1.5427027940750122, 1.550526738166809, 1.494132161140442, 1.5501558780670166, 1.4981452226638794, 1.509954571723938], "baseline_no_transfer_learning_base_val_accuracy": [0.14395886659622192, 0.3470436930656433, 0.30334189534187317, 0.35475578904151917, 0.3701799511909485, 0.38303342461586, 0.3856041133403778, 0.35218510031700134, 0.3341902196407318, 0.336760938167572]}