{"ensemble_loss": [1.4009774923324585, 1.1131879091262817, 0.9941191077232361, 0.917242169380188, 0.8597776293754578, 0.8102593421936035, 0.7697789669036865, 0.7354767322540283, 0.7058932781219482, 0.67967689037323], "ensemble_accuracy": [0.5843750238418579, 0.681071400642395, 0.7184821367263794, 0.7448809742927551, 0.7623809576034546, 0.7754166722297668, 0.7892857193946838, 0.8036309480667114, 0.8165476322174072, 0.8268154859542847], "ensemble_val_loss": [1.2434364557266235, 1.198159098625183, 1.1089450120925903, 1.1383283138275146, 0.9461301565170288, 0.8838648200035095, 0.8263154029846191, 0.8141612410545349, 0.7818706035614014, 0.7787467241287231], "ensemble_val_accuracy": [0.5642856955528259, 0.53125, 0.5678571462631226, 0.5517857074737549, 0.6714285612106323, 0.7116071581840515, 0.7642857432365417, 0.7848214507102966, 0.8276785612106323, 0.7982142567634583]}