{"baseline_loss": [2.235438823699951, 1.6725680828094482, 1.440007209777832, 1.3166024684906006, 1.2373173236846924, 1.167635440826416, 1.128636360168457, 1.0816110372543335, 1.0363876819610596, 0.9998108744621277], "baseline_accuracy": [0.23766447603702545, 0.5090460777282715, 0.6220394968986511, 0.6805921196937561, 0.7018092274665833, 0.7215460538864136, 0.7399671077728271, 0.7462171316146851, 0.7662829160690308, 0.7776315808296204], "baseline_val_loss": [2.09427547454834, 1.7501922845840454, 1.589674711227417, 1.4943841695785522, 1.422698974609375, 1.3764870166778564, 1.3430792093276978, 1.29911470413208, 1.2843456268310547, 1.2559409141540527], "baseline_val_accuracy": [0.20000000298023224, 0.40512821078300476, 0.49743589758872986, 0.5179487466812134, 0.5692307949066162, 0.5846154093742371, 0.5743589997291565, 0.6102564334869385, 0.6358974575996399, 0.6307692527770996], "baseline_no_transfer_learning_base_loss": [1.999413251876831, 1.7001235485076904, 1.5538803339004517, 1.4480208158493042, 1.3608916997909546, 1.2869160175323486, 1.2217541933059692, 1.1624892950057983, 1.1084165573120117, 1.0584198236465454], "baseline_no_transfer_learning_base_accuracy": [0.3968749940395355, 0.5307565927505493, 0.5896381735801697, 0.6246710419654846, 0.6539473533630371, 0.675822377204895, 0.6944078803062439, 0.7143092155456543, 0.7294408082962036, 0.7450658082962036], "baseline_no_transfer_learning_base_val_loss": [2.5042853355407715, 2.177177906036377, 1.6693096160888672, 1.3932055234909058, 1.2807180881500244, 1.20474112033844, 1.1442430019378662, 1.0954891443252563, 1.0522630214691162, 1.0099459886550903], "baseline_no_transfer_learning_base_val_accuracy": [0.08717948943376541, 0.2410256415605545, 0.4307692348957062, 0.6256410479545593, 0.6717948913574219, 0.7179487347602844, 0.7076923251152039, 0.7025641202926636, 0.7487179636955261, 0.7487179636955261]}