{"ensemble_loss": [1.7555320262908936, 1.4446160793304443, 1.2907047271728516, 1.179992437362671, 1.0945831537246704, 1.0248435735702515, 0.9658862352371216, 0.9153732657432556, 0.8715212345123291, 0.8326669335365295], "ensemble_accuracy": [0.5375000238418579, 0.6636718511581421, 0.7072916626930237, 0.735156238079071, 0.755078136920929, 0.774609386920929, 0.7904947996139526, 0.8022135496139526, 0.8115885257720947, 0.822265625], "ensemble_val_loss": [2.33314847946167, 1.8962939977645874, 1.5305317640304565, 1.4098217487335205, 1.3276504278182983, 1.259255051612854, 1.2055331468582153, 1.1555485725402832, 1.1207115650177002, 1.0822664499282837], "ensemble_val_accuracy": [0.19200000166893005, 0.47999998927116394, 0.5680000185966492, 0.5960000157356262, 0.6119999885559082, 0.6320000290870667, 0.671999990940094, 0.6880000233650208, 0.6840000152587891, 0.7120000123977661]}