{"ensemble_loss": [0.35472550988197327, 0.17241297662258148, 0.12015484273433685, 0.09368287026882172, 0.07681320607662201, 0.0649900808930397, 0.05618257820606232, 0.049249645322561264, 0.043686967343091965, 0.039061274379491806], "ensemble_accuracy": [0.8763392567634583, 0.9611607193946838, 0.9767857193946838, 0.984375, 0.9892857074737549, 0.9897321462631226, 0.9933035969734192, 0.9941964149475098, 0.9955357313156128, 0.9959821701049805], "ensemble_val_loss": [0.6965808272361755, 0.8220135569572449, 1.0027629137039185, 1.043310284614563, 0.8497276306152344, 0.5661970973014832, 0.3428933322429657, 0.19931931793689728, 0.11845691502094269, 0.07850934565067291], "ensemble_val_accuracy": [0.5522388219833374, 0.5522388219833374, 0.5522388219833374, 0.5522388219833374, 0.5522388219833374, 0.5522388219833374, 0.8059701323509216, 0.9552238583564758, 0.9701492786407471, 0.9701492786407471]}