{"ensemble_loss": [0.6749725341796875, 0.656586229801178, 0.6414903402328491, 0.625993549823761, 0.6138710975646973, 0.6041476726531982, 0.5965858697891235, 0.5901373028755188, 0.5841326117515564, 0.5787243247032166], "ensemble_accuracy": [0.5909090638160706, 0.6267992258071899, 0.645643949508667, 0.6673295497894287, 0.6832386255264282, 0.694412887096405, 0.7036932110786438, 0.7113636136054993, 0.7183712124824524, 0.7222537994384766], "ensemble_val_loss": [0.678027331829071, 0.6523781418800354, 0.6342111229896545, 0.6180970668792725, 0.6074181199073792, 0.6011504530906677, 0.6061244010925293, 0.5918676257133484, 0.5875532031059265, 0.5856233239173889], "ensemble_val_accuracy": [0.5830903649330139, 0.6647230386734009, 0.6559766530990601, 0.6997084617614746, 0.7113702893257141, 0.6997084617614746, 0.6880466341972351, 0.7142857313156128, 0.7405247688293457, 0.7346938848495483], "ensemble_no_transfer_learning_ensemble_loss": [0.6766202449798584, 0.6690128445625305, 0.665117084980011, 0.6609921455383301, 0.6529682874679565, 0.6415989995002747, 0.6295391917228699, 0.6129670739173889, 0.5990085601806641, 0.5874559283256531], "ensemble_no_transfer_learning_ensemble_accuracy": [0.5669507384300232, 0.5810605883598328, 0.5897727012634277, 0.5978219509124756, 0.6150568127632141, 0.6345643997192383, 0.6532196998596191, 0.6765151619911194, 0.6933712363243103, 0.703125], "ensemble_no_transfer_learning_ensemble_val_loss": [0.7464409470558167, 0.657151460647583, 0.6617709398269653, 0.642535388469696, 0.6303641200065613, 0.6263373494148254, 0.6397184729576111, 0.5769686102867126, 0.5773328542709351, 0.5859243273735046], "ensemble_no_transfer_learning_ensemble_val_accuracy": [0.5043731927871704, 0.6209912300109863, 0.615160346031189, 0.6384839415550232, 0.6501457691192627, 0.7201166152954102, 0.495626837015152, 0.7142857313156128, 0.6851311922073364, 0.7405247688293457]}