{"base_loss": [0.5390725135803223, 0.3911342918872833, 0.3401132822036743, 0.3105067014694214, 0.29146313667297363, 0.277803510427475, 0.2671409249305725, 0.258298397064209, 0.2507379651069641, 0.2441277951002121], "base_accuracy": [0.7741242051124573, 0.8385918140411377, 0.8597800731658936, 0.8714390397071838, 0.8789313435554504, 0.8844058513641357, 0.8885918259620667, 0.8920100331306458, 0.8949459791183472, 0.897542417049408], "base_val_loss": [0.39752447605133057, 0.3935560882091522, 0.4029887914657593, 0.40545374155044556, 0.31359249353408813, 0.3846709430217743, 0.33215638995170593, 0.33830055594444275, 0.34754496812820435, 0.3002382814884186], "base_val_accuracy": [0.8391656875610352, 0.834762454032898, 0.8265353441238403, 0.8229432106018066, 0.8650057911872864, 0.8315179347991943, 0.8563151955604553, 0.8537659049034119, 0.8515642881393433, 0.8692931532859802]}