{"base_loss": [1.366359829902649, 1.0197473764419556, 0.9033984541893005, 0.8336347937583923, 0.7889166474342346, 0.7532312273979187, 0.7239529490470886, 0.6985923647880554, 0.6792665123939514, 0.6570824980735779], "base_accuracy": [0.4879166781902313, 0.6316666603088379, 0.659583330154419, 0.6854166388511658, 0.6956250071525574, 0.7054166793823242, 0.7118750214576721, 0.7181249856948853, 0.7245833277702332, 0.7327083349227905], "base_val_loss": [1.9176254272460938, 2.4448001384735107, 3.2960212230682373, 2.6869451999664307, 1.3419777154922485, 1.0585405826568604, 0.8408786654472351, 0.8565238118171692, 0.737221896648407, 0.7415944337844849], "base_val_accuracy": [0.14473684132099152, 0.3618420958518982, 0.14473684132099152, 0.14473684132099152, 0.5263158082962036, 0.5328947305679321, 0.6052631735801697, 0.5526315569877625, 0.6973684430122375, 0.6513158082962036]}