{"baseline_loss": [0.8646801114082336, 0.723513126373291, 0.6752296090126038, 0.6411393284797668, 0.6365058422088623, 0.6249537467956543, 0.6216580271720886, 0.6124268770217896, 0.6071553826332092, 0.5997635722160339], "baseline_accuracy": [0.4906249940395355, 0.510937511920929, 0.574999988079071, 0.63671875, 0.6312500238418579, 0.65625, 0.659375011920929, 0.680468738079071, 0.672656238079071, 0.69140625], "baseline_val_loss": [0.8093439340591431, 0.7215766906738281, 0.7155517935752869, 0.7226742506027222, 0.7402191162109375, 0.7521608471870422, 0.7327907085418701, 0.7375041246414185, 0.7767443656921387, 0.7722150087356567], "baseline_val_accuracy": [0.25, 0.5625, 0.5625, 0.53125, 0.40625, 0.375, 0.40625, 0.40625, 0.4375, 0.40625], "baseline_no_transfer_learning_base_loss": [0.690625786781311, 0.6804037690162659, 0.6758913397789001, 0.670840859413147, 0.6665328741073608, 0.6617245078086853, 0.6571291089057922, 0.6515175700187683, 0.6456725597381592, 0.6409334540367126], "baseline_no_transfer_learning_base_accuracy": [0.5257812738418579, 0.56640625, 0.5679687261581421, 0.59375, 0.616406261920929, 0.620312511920929, 0.625, 0.635937511920929, 0.65625, 0.6507812738418579], "baseline_no_transfer_learning_base_val_loss": [0.6998823881149292, 0.7129293084144592, 0.7288713455200195, 0.7493830919265747, 0.7761081457138062, 0.831512987613678, 0.8884667158126831, 0.9357226490974426, 0.9734394550323486, 0.966166615486145], "baseline_no_transfer_learning_base_val_accuracy": [0.4375, 0.4375, 0.4375, 0.4375, 0.4375, 0.4375, 0.4375, 0.4375, 0.4375, 0.4375]}