{"baseline_loss": [2.063836097717285, 1.5675950050354004, 1.3282119035720825, 1.1795580387115479, 1.081043004989624, 0.9894004464149475, 0.9274125695228577, 0.8681772947311401, 0.8267328143119812, 0.7845020890235901], "baseline_accuracy": [0.39085647463798523, 0.6027777791023254, 0.7472222447395325, 0.8202546238899231, 0.8464120626449585, 0.8675925731658936, 0.8714120388031006, 0.8861111402511597, 0.8916666507720947, 0.8938657641410828], "baseline_val_loss": [1.7193235158920288, 1.4131429195404053, 1.2154545783996582, 1.0826586484909058, 0.9960665702819824, 0.918171226978302, 0.8576464056968689, 0.8034085631370544, 0.7624444365501404, 0.7250568270683289], "baseline_val_accuracy": [0.563829779624939, 0.6595744490623474, 0.8014184236526489, 0.8297872543334961, 0.8758864998817444, 0.8723404407501221, 0.8936170339584351, 0.8865247964859009, 0.890070915222168, 0.8936170339584351], "baseline_no_transfer_learning_base_loss": [1.8169759511947632, 1.188599705696106, 0.9240735769271851, 0.7474251985549927, 0.6203306317329407, 0.5263335704803467, 0.4537125527858734, 0.3953684866428375, 0.3482595384120941, 0.3095552921295166], "baseline_no_transfer_learning_base_accuracy": [0.5462962985038757, 0.7939814925193787, 0.8381944298744202, 0.8770833611488342, 0.9033564925193787, 0.9214120507240295, 0.9312499761581421, 0.9393518567085266, 0.946064829826355, 0.9504629373550415], "baseline_no_transfer_learning_base_val_loss": [3.89321231842041, 1.785837173461914, 0.8582390546798706, 0.6659980416297913, 0.5730563402175903, 0.47094035148620605, 0.4070032835006714, 0.37133774161338806, 0.34955155849456787, 0.30262306332588196], "baseline_no_transfer_learning_base_val_accuracy": [0.060283686965703964, 0.40070921182632446, 0.8617021441459656, 0.9078013896942139, 0.9184397459030151, 0.936170220375061, 0.9397163391113281, 0.9397163391113281, 0.9255319237709045, 0.9468085169792175]}