{"baseline_loss": [2.8148281574249268, 2.0138356685638428, 1.6668915748596191, 1.4490532875061035, 1.3044495582580566, 1.1932941675186157, 1.112099289894104, 1.0420124530792236, 0.9812771677970886, 0.9342331886291504], "baseline_accuracy": [0.3126234710216522, 0.48684412240982056, 0.5554320812225342, 0.6003240942955017, 0.6327006220817566, 0.659166693687439, 0.6791898012161255, 0.7005478143692017, 0.7145910263061523, 0.7293364405632019], "baseline_val_loss": [2.4833147525787354, 2.014610528945923, 1.8498294353485107, 1.649988055229187, 1.56309175491333, 1.4236094951629639, 1.5019665956497192, 1.3532665967941284, 1.3518654108047485, 1.2871088981628418], "baseline_val_accuracy": [0.3992122411727905, 0.4782205820083618, 0.4939759075641632, 0.5206209421157837, 0.5449490547180176, 0.5794717073440552, 0.5518999099731445, 0.60634845495224, 0.5785449743270874, 0.6144578456878662]}