{"ensemble_loss": [3.1800551414489746, 3.041353702545166, 2.955810070037842, 2.8901093006134033, 2.8370916843414307, 2.794874668121338, 2.760702610015869, 2.730849027633667, 2.7027029991149902, 2.6762537956237793], "ensemble_accuracy": [0.10078124701976776, 0.14531250298023224, 0.20624999701976776, 0.2925781309604645, 0.3335937559604645, 0.36054688692092896, 0.37031251192092896, 0.3882812559604645, 0.40625, 0.4183593690395355], "ensemble_val_loss": [3.136284351348877, 3.0386805534362793, 2.9716734886169434, 2.9188232421875, 2.879960060119629, 2.8468832969665527, 2.819124937057495, 2.7945632934570312, 2.7715063095092773, 2.75129771232605], "ensemble_val_accuracy": [0.0941176488995552, 0.08235294371843338, 0.12941177189350128, 0.2235294133424759, 0.2705882489681244, 0.24705882370471954, 0.2235294133424759, 0.21176470816135406, 0.2235294133424759, 0.2235294133424759], "ensemble_no_transfer_learning_ensemble_loss": [2.97619366645813, 2.713880777359009, 2.563924789428711, 2.4469308853149414, 2.3529369831085205, 2.276019334793091, 2.2101247310638428, 2.1524832248687744, 2.101327419281006, 2.055241107940674], "ensemble_no_transfer_learning_ensemble_accuracy": [0.21757812798023224, 0.36796873807907104, 0.40937501192092896, 0.44999998807907104, 0.48124998807907104, 0.4996093809604645, 0.5113281011581421, 0.5269531011581421, 0.5472656488418579, 0.553515613079071], "ensemble_no_transfer_learning_ensemble_val_loss": [3.2402026653289795, 3.2250208854675293, 3.1871848106384277, 3.0954384803771973, 2.964984178543091, 2.822650909423828, 2.689164400100708, 2.5835719108581543, 2.4992382526397705, 2.427353620529175], "ensemble_no_transfer_learning_ensemble_val_accuracy": [0.03529411926865578, 0.03529411926865578, 0.0470588244497776, 0.0470588244497776, 0.0470588244497776, 0.0941176488995552, 0.15294118225574493, 0.1882352977991104, 0.25882354378700256, 0.29411765933036804]}