{"ensemble_loss": [0.600705087184906, 0.4828653633594513, 0.4223569631576538, 0.38598793745040894, 0.36282286047935486, 0.34377652406692505, 0.3290691077709198, 0.31524839997291565, 0.30340468883514404, 0.2951892912387848], "ensemble_accuracy": [0.7020833492279053, 0.7904762029647827, 0.8229166865348816, 0.8427083492279053, 0.855654776096344, 0.8623511791229248, 0.8711309432983398, 0.8748511672019958, 0.8791666626930237, 0.8830357193946838], "ensemble_val_loss": [1.688003420829773, 4.767153739929199, 2.640237331390381, 1.1808277368545532, 0.7273459434509277, 0.5871943235397339, 0.6332944631576538, 0.8068190813064575, 0.5828153491020203, 0.7182034254074097], "ensemble_val_accuracy": [0.5381165742874146, 0.5381165742874146, 0.5381165742874146, 0.5650224089622498, 0.6188340783119202, 0.6502242088317871, 0.6278026700019836, 0.5964125394821167, 0.6547085046768188, 0.6143497824668884]}