{"ensemble_loss": [3.1262714862823486, 2.9389262199401855, 2.8300814628601074, 2.7529404163360596, 2.692415475845337, 2.6417794227600098, 2.5992486476898193, 2.5629591941833496, 2.530189275741577, 2.5003466606140137], "ensemble_accuracy": [0.10585937649011612, 0.17890624701976776, 0.20429687201976776, 0.2562499940395355, 0.33476561307907104, 0.3832031190395355, 0.421875, 0.4515624940395355, 0.4765625, 0.502734363079071], "ensemble_val_loss": [3.1392807960510254, 2.9979100227355957, 2.890209674835205, 2.8136863708496094, 2.7505853176116943, 2.6960673332214355, 2.645050525665283, 2.600037097930908, 2.560117244720459, 2.52691912651062], "ensemble_val_accuracy": [0.05882352963089943, 0.20000000298023224, 0.25882354378700256, 0.29411765933036804, 0.30588236451148987, 0.34117648005485535, 0.3529411852359772, 0.4470588266849518, 0.4941176474094391, 0.4941176474094391], "ensemble_no_transfer_learning_ensemble_loss": [2.886465072631836, 2.5642685890197754, 2.3717105388641357, 2.221254348754883, 2.1047091484069824, 2.012063503265381, 1.9396536350250244, 1.8768975734710693, 1.8223527669906616, 1.7745440006256104], "ensemble_no_transfer_learning_ensemble_accuracy": [0.21914061903953552, 0.38359373807907104, 0.4945312440395355, 0.561718761920929, 0.5894531011581421, 0.610156238079071, 0.6253906488418579, 0.632031261920929, 0.6382812261581421, 0.63671875], "ensemble_no_transfer_learning_ensemble_val_loss": [3.242448091506958, 3.2451534271240234, 3.1926026344299316, 3.0755808353424072, 2.9003124237060547, 2.6947226524353027, 2.4733240604400635, 2.287416458129883, 2.1569600105285645, 2.0803940296173096], "ensemble_no_transfer_learning_ensemble_val_accuracy": [0.0470588244497776, 0.0941176488995552, 0.05882352963089943, 0.0941176488995552, 0.12941177189350128, 0.2235294133424759, 0.29411765933036804, 0.3529411852359772, 0.34117648005485535, 0.4000000059604645]}