{"ensemble_loss": [2.2426037788391113, 1.9675246477127075, 1.8353716135025024, 1.7506203651428223, 1.6891108751296997, 1.6408870220184326, 1.600624918937683, 1.5653190612792969, 1.533753752708435, 1.5054242610931396], "ensemble_accuracy": [0.3309210538864136, 0.47417762875556946, 0.520230233669281, 0.5491776466369629, 0.5733552575111389, 0.5911183953285217, 0.6074013113975525, 0.6215460300445557, 0.6351973414421082, 0.6450657844543457], "ensemble_val_loss": [2.068902015686035, 1.909561276435852, 1.8182783126831055, 1.7544795274734497, 1.7058268785476685, 1.6661806106567383, 1.6319764852523804, 1.601114273071289, 1.5736169815063477, 1.5488766431808472], "ensemble_val_accuracy": [0.37435898184776306, 0.41025641560554504, 0.4256410300731659, 0.44102564454078674, 0.46666666865348816, 0.4769230782985687, 0.482051283121109, 0.4871794879436493, 0.4923076927661896, 0.5076923370361328], "ensemble_no_transfer_learning_ensemble_loss": [1.9032542705535889, 1.553462028503418, 1.370959758758545, 1.2419683933258057, 1.1416571140289307, 1.0599560737609863, 0.9925850033760071, 0.9360740780830383, 0.8875288367271423, 0.845062792301178], "ensemble_no_transfer_learning_ensemble_accuracy": [0.44950658082962036, 0.6258223652839661, 0.7049342393875122, 0.75, 0.7828947305679321, 0.8088815808296204, 0.8263157606124878, 0.8388158082962036, 0.8521381616592407, 0.863322377204895], "ensemble_no_transfer_learning_ensemble_val_loss": [2.5119996070861816, 2.1954426765441895, 1.5995428562164307, 1.321221947669983, 1.2200431823730469, 1.1506489515304565, 1.0977392196655273, 1.0508863925933838, 1.0124479532241821, 0.9793848991394043], "ensemble_no_transfer_learning_ensemble_val_accuracy": [0.13846154510974884, 0.2102564126253128, 0.5128205418586731, 0.6666666865348816, 0.7076923251152039, 0.7025641202926636, 0.7435897588729858, 0.7435897588729858, 0.7743589878082275, 0.7897436022758484]}