{"ensemble_loss": [3.7586495876312256, 3.5487141609191895, 3.432384967803955, 3.3487071990966797, 3.2810933589935303, 3.2239696979522705, 3.174079656600952, 3.129014253616333, 3.087578058242798, 3.0489208698272705], "ensemble_accuracy": [0.08678977191448212, 0.15710227191448212, 0.1751420497894287, 0.20170454680919647, 0.2316761314868927, 0.26576703786849976, 0.2980113625526428, 0.3302556872367859, 0.3607954680919647, 0.3873579502105713], "ensemble_val_loss": [3.5967955589294434, 3.460848808288574, 3.3737518787384033, 3.309147596359253, 3.255880355834961, 3.2118000984191895, 3.1743156909942627, 3.1409177780151367, 3.1093456745147705, 3.0797033309936523], "ensemble_val_accuracy": [0.2511013150215149, 0.1938326060771942, 0.21585902571678162, 0.2290748953819275, 0.26431718468666077, 0.2819383144378662, 0.3171806037425995, 0.3392070531845093, 0.3788546323776245, 0.3700440526008606], "ensemble_no_transfer_learning_ensemble_loss": [3.421241283416748, 3.026172161102295, 2.7934634685516357, 2.617121934890747, 2.4768738746643066, 2.362036943435669, 2.2661287784576416, 2.1843647956848145, 2.1136558055877686, 2.051454782485962], "ensemble_no_transfer_learning_ensemble_accuracy": [0.18593749403953552, 0.3392045497894287, 0.42769885063171387, 0.4970170557498932, 0.5539772510528564, 0.5924715995788574, 0.629119336605072, 0.6545454263687134, 0.6717329621315002, 0.6875], "ensemble_no_transfer_learning_ensemble_val_loss": [3.9926552772521973, 3.6906116008758545, 3.045971393585205, 2.8336246013641357, 2.725161075592041, 2.6490907669067383, 2.5959439277648926, 2.5471813678741455, 2.516930103302002, 2.4778542518615723], "ensemble_no_transfer_learning_ensemble_val_accuracy": [0.017621144652366638, 0.035242289304733276, 0.1850220263004303, 0.28634360432624817, 0.34361234307289124, 0.3480176329612732, 0.36563876271247864, 0.39647576212882996, 0.40969163179397583, 0.4361233413219452]}