{"ensemble_loss": [0.3300952613353729, 0.22795094549655914, 0.2068944275379181, 0.19474919140338898, 0.18608424067497253, 0.17932413518428802, 0.17377643287181854, 0.1690130978822708, 0.1647283136844635, 0.16073617339134216], "ensemble_accuracy": [0.9059028029441833, 0.9310764074325562, 0.941319465637207, 0.9454861283302307, 0.9473958611488342, 0.9495659470558167, 0.9506944417953491, 0.9526041746139526, 0.9539930820465088, 0.9542534947395325], "ensemble_val_loss": [0.2730078101158142, 0.2580766975879669, 0.24642392992973328, 0.23722106218338013, 0.2303563356399536, 0.22448474168777466, 0.21893708407878876, 0.21392568945884705, 0.20923563838005066, 0.20597802102565765], "ensemble_val_accuracy": [0.8723404407501221, 0.8803191781044006, 0.8829787373542786, 0.8829787373542786, 0.8829787373542786, 0.8882978558540344, 0.8882978558540344, 0.8909574747085571, 0.896276593208313, 0.896276593208313], "ensemble_no_transfer_learning_ensemble_loss": [0.19758127629756927, 0.14297035336494446, 0.12041927129030228, 0.10214931517839432, 0.08838263154029846, 0.07746610045433044, 0.06863627582788467, 0.06142347306013107, 0.054172318428754807, 0.04839664697647095], "ensemble_no_transfer_learning_ensemble_accuracy": [0.9435763955116272, 0.9565104246139526, 0.9650173783302307, 0.9713541865348816, 0.9767361283302307, 0.9811632037162781, 0.983593761920929, 0.9862847328186035, 0.9888020753860474, 0.9905381798744202], "ensemble_no_transfer_learning_ensemble_val_loss": [2.7149269580841064, 2.0895628929138184, 1.6337268352508545, 1.0960851907730103, 0.895838737487793, 0.8429796099662781, 0.8293607234954834, 0.7797207832336426, 0.8056656122207642, 0.8589809536933899], "ensemble_no_transfer_learning_ensemble_val_accuracy": [0.4680851101875305, 0.47074466943740845, 0.47340425848960876, 0.478723406791687, 0.48404255509376526, 0.48404255509376526, 0.5531914830207825, 0.5744680762290955, 0.5585106611251831, 0.521276593208313]}