{"ensemble_loss": [3.421241283416748, 3.026172161102295, 2.7934634685516357, 2.617121934890747, 2.4768738746643066, 2.362036943435669, 2.2661287784576416, 2.1843647956848145, 2.1136558055877686, 2.051454782485962], "ensemble_accuracy": [0.18593749403953552, 0.3392045497894287, 0.42769885063171387, 0.4970170557498932, 0.5539772510528564, 0.5924715995788574, 0.629119336605072, 0.6545454263687134, 0.6717329621315002, 0.6875], "ensemble_val_loss": [3.9926552772521973, 3.6906116008758545, 3.045971393585205, 2.8336246013641357, 2.725161075592041, 2.6490907669067383, 2.5959439277648926, 2.5471813678741455, 2.516930103302002, 2.4778542518615723], "ensemble_val_accuracy": [0.017621144652366638, 0.035242289304733276, 0.1850220263004303, 0.28634360432624817, 0.34361234307289124, 0.3480176329612732, 0.36563876271247864, 0.39647576212882996, 0.40969163179397583, 0.4361233413219452]}