{"ensemble_loss": [1.614893913269043, 1.4418545961380005, 1.3915215730667114, 1.3617514371871948, 1.3399128913879395, 1.3228391408920288, 1.3089898824691772, 1.2972255945205688, 1.2869880199432373, 1.2779054641723633], "ensemble_accuracy": [0.34543269872665405, 0.43437498807907104, 0.44951921701431274, 0.4516826868057251, 0.45625001192092896, 0.4588942229747772, 0.4610576927661896, 0.4639423191547394, 0.46514421701431274, 0.46850961446762085], "ensemble_val_loss": [1.5011852979660034, 1.4349786043167114, 1.4091085195541382, 1.3950183391571045, 1.3864872455596924, 1.3797236680984497, 1.3748422861099243, 1.3709847927093506, 1.3683629035949707, 1.3663678169250488], "ensemble_val_accuracy": [0.4316546618938446, 0.43884891271591187, 0.4100719392299652, 0.43884891271591187, 0.38129496574401855, 0.38129496574401855, 0.3741007149219513, 0.3741007149219513, 0.3741007149219513, 0.3741007149219513], "ensemble_no_transfer_learning_ensemble_loss": [1.411891222000122, 1.2852864265441895, 1.2547435760498047, 1.2305504083633423, 1.2077587842941284, 1.1840413808822632, 1.15876305103302, 1.1325424909591675, 1.1070914268493652, 1.0802123546600342], "ensemble_no_transfer_learning_ensemble_accuracy": [0.3963942229747772, 0.4331730902194977, 0.44350960850715637, 0.4550480842590332, 0.46899038553237915, 0.48317307233810425, 0.4925480782985687, 0.49927884340286255, 0.5069711804389954, 0.5161057710647583], "ensemble_no_transfer_learning_ensemble_val_loss": [2.0604984760284424, 2.8877408504486084, 2.9897563457489014, 1.9633828401565552, 1.4722269773483276, 1.385073184967041, 1.359823226928711, 1.336521029472351, 1.3177430629730225, 1.3266335725784302], "ensemble_no_transfer_learning_ensemble_val_accuracy": [0.12230215966701508, 0.12230215966701508, 0.28776979446411133, 0.3309352397918701, 0.36690646409988403, 0.41726619005203247, 0.4460431635379791, 0.4532374143600464, 0.4532374143600464, 0.42446044087409973]}