{"ensemble_loss": [1.411891222000122, 1.2852864265441895, 1.2547435760498047, 1.2305504083633423, 1.2077587842941284, 1.1840413808822632, 1.15876305103302, 1.1325424909591675, 1.1070914268493652, 1.0802123546600342], "ensemble_accuracy": [0.3963942229747772, 0.4331730902194977, 0.44350960850715637, 0.4550480842590332, 0.46899038553237915, 0.48317307233810425, 0.4925480782985687, 0.49927884340286255, 0.5069711804389954, 0.5161057710647583], "ensemble_val_loss": [2.0604984760284424, 2.8877408504486084, 2.9897563457489014, 1.9633828401565552, 1.4722269773483276, 1.385073184967041, 1.359823226928711, 1.336521029472351, 1.3177430629730225, 1.3266335725784302], "ensemble_val_accuracy": [0.12230215966701508, 0.12230215966701508, 0.28776979446411133, 0.3309352397918701, 0.36690646409988403, 0.41726619005203247, 0.4460431635379791, 0.4532374143600464, 0.4532374143600464, 0.42446044087409973]}