{"baseline_loss": [0.876803457736969, 0.6062765121459961, 0.5435035824775696, 0.5006749629974365, 0.4733522832393646, 0.4628475308418274, 0.4364367723464966, 0.4227927625179291, 0.4151264429092407, 0.40997275710105896], "baseline_accuracy": [0.6794407963752747, 0.824999988079071, 0.8289473652839661, 0.8319078683853149, 0.8409539461135864, 0.8401315808296204, 0.8564144968986511, 0.8638157844543457, 0.8585526347160339, 0.8608552813529968], "baseline_val_loss": [1.0623639822006226, 0.8676971197128296, 0.7848673462867737, 0.7037940621376038, 0.6644774675369263, 0.6403509974479675, 0.6348074078559875, 0.5892784595489502, 0.5856184959411621, 0.565362274646759], "baseline_val_accuracy": [0.48469388484954834, 0.5510203838348389, 0.6122449040412903, 0.6428571343421936, 0.668367326259613, 0.6734693646430969, 0.6734693646430969, 0.7295918464660645, 0.6989796161651611, 0.7448979616165161], "baseline_no_transfer_learning_base_loss": [0.8050063848495483, 0.598145604133606, 0.5327810049057007, 0.4894574284553528, 0.4557574987411499, 0.4281405508518219, 0.4040054976940155, 0.38239264488220215, 0.36263352632522583, 0.3447491228580475], "baseline_no_transfer_learning_base_accuracy": [0.7220394611358643, 0.8065789341926575, 0.8276315927505493, 0.8402960300445557, 0.8506578803062439, 0.8587170839309692, 0.8651315569877625, 0.8756579160690308, 0.8822368383407593, 0.8883223533630371], "baseline_no_transfer_learning_base_val_loss": [1.4443421363830566, 0.9903774857521057, 0.6766906380653381, 0.5840309858322144, 0.5389860272407532, 0.5146961808204651, 0.49968117475509644, 0.4827602505683899, 0.47510677576065063, 0.4468817710876465], "baseline_no_transfer_learning_base_val_accuracy": [0.29591837525367737, 0.4897959232330322, 0.7653061151504517, 0.8163265585899353, 0.831632673740387, 0.8265306353569031, 0.831632673740387, 0.8367347121238708, 0.8520408272743225, 0.8520408272743225]}