{"baseline_loss": [2.5615339279174805, 1.8822767734527588, 1.6042813062667847, 1.440029263496399, 1.318293571472168, 1.2281275987625122, 1.1563801765441895, 1.1028178930282593, 1.0518896579742432, 1.0085481405258179], "baseline_accuracy": [0.29950591921806335, 0.41424161195755005, 0.46119070053100586, 0.49692440032958984, 0.5252717137336731, 0.5507658123970032, 0.5717020630836487, 0.5873147249221802, 0.6108448505401611, 0.6275444626808167], "baseline_val_loss": [2.101114511489868, 1.8210933208465576, 1.6457370519638062, 1.4834438562393188, 1.441632866859436, 1.4029661417007446, 1.3494185209274292, 1.3341187238693237, 1.3191266059875488, 1.269775629043579], "baseline_val_accuracy": [0.3178783357143402, 0.3338278830051422, 0.35014837980270386, 0.38204747438430786, 0.38390207290649414, 0.36461424827575684, 0.39577150344848633, 0.3916913866996765, 0.4143175184726715, 0.4076409637928009]}