{"baseline_loss": [4.354610443115234, 3.6539249420166016, 3.1922850608825684, 2.802380084991455, 2.5007054805755615, 2.262086868286133, 2.067960739135742, 1.9063931703567505, 1.7616206407546997, 1.6413850784301758], "baseline_accuracy": [0.07491554319858551, 0.20462416112422943, 0.3171241581439972, 0.42219170928001404, 0.48547297716140747, 0.5383023619651794, 0.5730574131011963, 0.6121199131011963, 0.6411739587783813, 0.6629645228385925], "baseline_val_loss": [3.915989398956299, 3.425859212875366, 3.347229242324829, 2.7504565715789795, 2.7154626846313477, 2.4740426540374756, 2.177981376647949, 2.014798641204834, 1.9052575826644897, 2.5144805908203125], "baseline_val_accuracy": [0.1235668808221817, 0.2407643347978592, 0.1630573272705078, 0.3426751494407654, 0.3050955533981323, 0.38343948125839233, 0.4694267511367798, 0.5382165312767029, 0.5369426608085632, 0.31528663635253906]}