{"ensemble_loss": [1.5764199495315552, 1.4244086742401123, 1.3753911256790161, 1.347964882850647, 1.3289203643798828, 1.3145211935043335, 1.3028396368026733, 1.2929153442382812, 1.2840443849563599, 1.2760355472564697], "ensemble_accuracy": [0.34735578298568726, 0.4067307710647583, 0.4242788553237915, 0.43581730127334595, 0.44158652424812317, 0.4502403736114502, 0.4545673131942749, 0.4579326808452606, 0.4625000059604645, 0.4649038314819336], "ensemble_val_loss": [1.4353888034820557, 1.3571858406066895, 1.3244071006774902, 1.3099281787872314, 1.3013561964035034, 1.2957565784454346, 1.2931230068206787, 1.2913198471069336, 1.2893686294555664, 1.2878860235214233], "ensemble_val_accuracy": [0.3525179922580719, 0.3525179922580719, 0.36690646409988403, 0.3741007149219513, 0.36690646409988403, 0.36690646409988403, 0.38129496574401855, 0.40287768840789795, 0.40287768840789795, 0.40287768840789795], "ensemble_no_transfer_learning_ensemble_loss": [1.411891222000122, 1.2852864265441895, 1.2547435760498047, 1.2305504083633423, 1.2077587842941284, 1.1840413808822632, 1.15876305103302, 1.1325424909591675, 1.1070914268493652, 1.0802123546600342], "ensemble_no_transfer_learning_ensemble_accuracy": [0.3963942229747772, 0.4331730902194977, 0.44350960850715637, 0.4550480842590332, 0.46899038553237915, 0.48317307233810425, 0.4925480782985687, 0.49927884340286255, 0.5069711804389954, 0.5161057710647583], "ensemble_no_transfer_learning_ensemble_val_loss": [2.0604984760284424, 2.8877408504486084, 2.9897563457489014, 1.9633828401565552, 1.4722269773483276, 1.385073184967041, 1.359823226928711, 1.336521029472351, 1.3177430629730225, 1.3266335725784302], "ensemble_no_transfer_learning_ensemble_val_accuracy": [0.12230215966701508, 0.12230215966701508, 0.28776979446411133, 0.3309352397918701, 0.36690646409988403, 0.41726619005203247, 0.4460431635379791, 0.4532374143600464, 0.4532374143600464, 0.42446044087409973]}