{"ensemble_loss": [1.3040454387664795, 0.983327329158783, 0.8155014514923096, 0.6987598538398743, 0.6143844127655029, 0.5470889210700989, 0.49014654755592346, 0.4428715407848358, 0.4035775363445282, 0.37026646733283997], "ensemble_accuracy": [0.606249988079071, 0.8042613863945007, 0.8619318008422852, 0.903124988079071, 0.9235795736312866, 0.9397727251052856, 0.9485795497894287, 0.9585227370262146, 0.965624988079071, 0.9710227251052856], "ensemble_val_loss": [2.070584297180176, 2.844219923019409, 3.4121580123901367, 3.1632726192474365, 2.3466947078704834, 1.2563267946243286, 0.7607214450836182, 0.5870140194892883, 0.5179755687713623, 0.48992428183555603], "ensemble_val_accuracy": [0.1621621549129486, 0.1621621549129486, 0.1621621549129486, 0.1621621549129486, 0.1621621549129486, 0.4954954981803894, 0.7387387156486511, 0.9009009003639221, 0.9189189076423645, 0.954954981803894]}