{"base_loss": [1.999413251876831, 1.7001235485076904, 1.5538803339004517, 1.4480208158493042, 1.3608916997909546, 1.2869160175323486, 1.2217541933059692, 1.1624892950057983, 1.1084165573120117, 1.0584198236465454], "base_accuracy": [0.3968749940395355, 0.5307565927505493, 0.5896381735801697, 0.6246710419654846, 0.6539473533630371, 0.675822377204895, 0.6944078803062439, 0.7143092155456543, 0.7294408082962036, 0.7450658082962036], "base_val_loss": [2.5042853355407715, 2.177177906036377, 1.6693096160888672, 1.3932055234909058, 1.2807180881500244, 1.20474112033844, 1.1442430019378662, 1.0954891443252563, 1.0522630214691162, 1.0099459886550903], "base_val_accuracy": [0.08717948943376541, 0.2410256415605545, 0.4307692348957062, 0.6256410479545593, 0.6717948913574219, 0.7179487347602844, 0.7076923251152039, 0.7025641202926636, 0.7487179636955261, 0.7487179636955261]}