{"ensemble_loss": [2.180986166000366, 1.720301628112793, 1.4875037670135498, 1.3336207866668701, 1.2216753959655762, 1.1334019899368286, 1.0604695081710815, 0.9984524846076965, 0.944534182548523, 0.8972209692001343], "ensemble_accuracy": [0.40206366777420044, 0.7478184103965759, 0.8238797187805176, 0.8574292659759521, 0.8824881911277771, 0.9014740586280823, 0.9175118207931519, 0.9301886558532715, 0.939033031463623, 0.9455188512802124], "ensemble_val_loss": [1.8611117601394653, 1.5597909688949585, 1.377031683921814, 1.2559103965759277, 1.1661787033081055, 1.0929217338562012, 1.0307347774505615, 0.9753674864768982, 0.9263499975204468, 0.8831721544265747], "ensemble_val_accuracy": [0.6216696500778198, 0.8117229342460632, 0.8472468852996826, 0.8472468852996826, 0.8596802949905396, 0.8792184591293335, 0.9076376557350159, 0.9218472242355347, 0.9378330111503601, 0.9413854479789734], "ensemble_no_transfer_learning_ensemble_loss": [1.395215630531311, 0.7711576819419861, 0.5500413179397583, 0.4012199342250824, 0.30870547890663147, 0.2371254563331604, 0.1772616058588028, 0.14853936433792114, 0.1112578958272934, 0.06395518034696579], "ensemble_no_transfer_learning_ensemble_accuracy": [0.8169811367988586, 0.9607900977134705, 0.9853184223175049, 0.9931603670120239, 0.9962853789329529, 0.9976415038108826, 0.9986438751220703, 0.9996462464332581, 0.9997641444206238, 0.9997641444206238], "ensemble_no_transfer_learning_ensemble_val_loss": [1.154855728149414, 0.6738831996917725, 0.5003378987312317, 0.3811657428741455, 0.31336989998817444, 0.24940092861652374, 0.2041291892528534, 0.1823199838399887, 0.1439700722694397, 0.10527888685464859], "ensemble_no_transfer_learning_ensemble_val_accuracy": [0.9218472242355347, 0.9680284261703491, 0.9769093990325928, 0.9822379946708679, 0.9786856174468994, 0.9786856174468994, 0.9786856174468994, 0.9786856174468994, 0.9786856174468994, 0.9822379946708679]}