{"baseline_loss": [0.5185065269470215, 0.4294801354408264, 0.400656521320343, 0.3738604187965393, 0.3615366220474243, 0.34842169284820557, 0.3463483452796936, 0.3417520523071289, 0.334746778011322, 0.33330002427101135], "baseline_accuracy": [0.7485119104385376, 0.828125, 0.844345211982727, 0.8620535731315613, 0.8656250238418579, 0.8727678656578064, 0.8686012029647827, 0.8614583611488342, 0.8708333373069763, 0.8720238208770752], "baseline_val_loss": [0.5707775354385376, 0.5455302000045776, 0.5191880464553833, 0.5168826580047607, 0.5028985738754272, 0.49275946617126465, 0.478566437959671, 0.4770495891571045, 0.4639628529548645, 0.4723270535469055], "baseline_val_accuracy": [0.7668161392211914, 0.7847533822059631, 0.7892376780509949, 0.7847533822059631, 0.7847533822059631, 0.8116592168807983, 0.8116592168807983, 0.8251121044158936, 0.8295964002609253, 0.8295964002609253], "baseline_no_transfer_learning_base_loss": [0.5557064414024353, 0.4704324007034302, 0.42915838956832886, 0.40262705087661743, 0.38411882519721985, 0.36926010251045227, 0.35397839546203613, 0.34088554978370667, 0.33349257707595825, 0.32624951004981995], "baseline_no_transfer_learning_base_accuracy": [0.7007440328598022, 0.7816964387893677, 0.8084821701049805, 0.820684552192688, 0.8352678418159485, 0.8418154716491699, 0.8534226417541504, 0.858779788017273, 0.8635416626930237, 0.8642857074737549], "baseline_no_transfer_learning_base_val_loss": [1.9223065376281738, 4.678130626678467, 1.2673616409301758, 0.5480032563209534, 0.8097612261772156, 0.9481199383735657, 1.0216312408447266, 1.274976372718811, 1.7376108169555664, 1.0327695608139038], "baseline_no_transfer_learning_base_val_accuracy": [0.49775785207748413, 0.49775785207748413, 0.5112107396125793, 0.7443946003913879, 0.5964125394821167, 0.5695067048072815, 0.5650224089622498, 0.5112107396125793, 0.5022421479225159, 0.5650224089622498]}