{"baseline_loss": [2.1032426357269287, 1.7804691791534424, 1.68051278591156, 1.5957304239273071, 1.5645995140075684, 1.5374815464019775, 1.4917725324630737, 1.4706474542617798, 1.4542344808578491, 1.4273803234100342], "baseline_accuracy": [0.2509765625, 0.3197265565395355, 0.33808594942092896, 0.3773437440395355, 0.4164062440395355, 0.42597657442092896, 0.4419921934604645, 0.451171875, 0.4515624940395355, 0.46894532442092896], "baseline_val_loss": [2.0956671237945557, 1.903635025024414, 1.771710753440857, 1.6860462427139282, 1.6330511569976807, 1.602623701095581, 1.5585578680038452, 1.5532740354537964, 1.5073505640029907, 1.4826802015304565], "baseline_val_accuracy": [0.21472392976284027, 0.25153374671936035, 0.33128833770751953, 0.349693238735199, 0.349693238735199, 0.38036808371543884, 0.42331287264823914, 0.33742332458496094, 0.3619631826877594, 0.38650307059288025], "baseline_no_transfer_learning_base_loss": [1.9046356678009033, 1.8490409851074219, 1.8101091384887695, 1.7306007146835327, 1.6203628778457642, 1.5141878128051758, 1.4416974782943726, 1.4111764430999756, 1.3810234069824219, 1.354079246520996], "baseline_no_transfer_learning_base_accuracy": [0.2109375, 0.2601562440395355, 0.2925781309604645, 0.3466796875, 0.3775390684604645, 0.4281249940395355, 0.4703125059604645, 0.4847656190395355, 0.4917968809604645, 0.5082031488418579], "baseline_no_transfer_learning_base_val_loss": [1.9507534503936768, 2.1031036376953125, 2.0403025150299072, 1.8371624946594238, 3.5683631896972656, 3.9176576137542725, 1.5556143522262573, 2.4469542503356934, 2.4550342559814453, 1.6733413934707642], "baseline_no_transfer_learning_base_val_accuracy": [0.2269938588142395, 0.1840490847826004, 0.1779141128063202, 0.33128833770751953, 0.11042945086956024, 0.11042945086956024, 0.3987730145454407, 0.11042945086956024, 0.12883435189723969, 0.2822085916996002]}