{"baseline_loss": [0.9091708660125732, 0.5198765993118286, 0.4366267919540405, 0.3739425837993622, 0.3403429388999939, 0.30625948309898376, 0.2823548913002014, 0.2635931074619293, 0.24910758435726166, 0.24000918865203857], "baseline_accuracy": [0.6706521511077881, 0.8576539754867554, 0.8829257488250732, 0.9042572379112244, 0.913451075553894, 0.9230978488922119, 0.9305253624916077, 0.9347826242446899, 0.9402173757553101, 0.9426177740097046], "baseline_val_loss": [0.5773668885231018, 0.4502642750740051, 0.39519980549812317, 0.3361092805862427, 0.30740243196487427, 0.29053908586502075, 0.26650920510292053, 0.2441844493150711, 0.2334471046924591, 0.21716709434986115], "baseline_val_accuracy": [0.8415300250053406, 0.881147563457489, 0.8989071249961853, 0.9098360538482666, 0.9248633980751038, 0.9275956153869629, 0.9480874538421631, 0.9494535326957703, 0.9508196711540222, 0.9480874538421631], "baseline_no_transfer_learning_base_loss": [0.8345901370048523, 0.5453697443008423, 0.4459553062915802, 0.3782835006713867, 0.33409836888313293, 0.3007427155971527, 0.27128997445106506, 0.2524178624153137, 0.23387135565280914, 0.21942389011383057], "baseline_no_transfer_learning_base_accuracy": [0.766168475151062, 0.8517209887504578, 0.8762680888175964, 0.8937953114509583, 0.9056159257888794, 0.9130887389183044, 0.9216485619544983, 0.926902174949646, 0.932201087474823, 0.936684787273407], "baseline_no_transfer_learning_base_val_loss": [0.9083817005157471, 0.746586263179779, 0.5411412119865417, 0.6800071001052856, 0.5320935249328613, 0.7653365731239319, 0.5049929022789001, 0.5172944664955139, 0.5700968503952026, 0.794430673122406], "baseline_no_transfer_learning_base_val_accuracy": [0.6516393423080444, 0.7868852615356445, 0.818306028842926, 0.7581967115402222, 0.8292349576950073, 0.6953551769256592, 0.8046448230743408, 0.7978141903877258, 0.7718579173088074, 0.6680327653884888]}