{"baseline_loss": [2.882286787033081, 2.093883514404297, 1.736640214920044, 1.5164531469345093, 1.3754721879959106, 1.2687222957611084, 1.181571364402771, 1.114972472190857, 1.0569881200790405, 1.0118541717529297], "baseline_accuracy": [0.2802220284938812, 0.42603617906570435, 0.4898930788040161, 0.5341694355010986, 0.56719571352005, 0.5919079184532166, 0.6162746548652649, 0.632097065448761, 0.6506743431091309, 0.6638486981391907], "baseline_val_loss": [2.427516460418701, 1.9633328914642334, 1.7692115306854248, 1.5719373226165771, 1.546419382095337, 1.579628586769104, 1.4782949686050415, 1.4470254182815552, 1.3392635583877563, 1.3901243209838867], "baseline_val_accuracy": [0.33958539366722107, 0.39215201139450073, 0.41066139936447144, 0.43410661816596985, 0.43731489777565, 0.4232477843761444, 0.43731489777565, 0.42867720127105713, 0.45755183696746826, 0.47063177824020386]}