{"ensemble_loss": [1.7428104877471924, 1.6481035947799683, 1.5977627038955688, 1.5653082132339478, 1.5406668186187744, 1.520175576210022, 1.5022025108337402, 1.4859563112258911, 1.4710557460784912, 1.4571881294250488], "ensemble_accuracy": [0.2306250035762787, 0.33375000953674316, 0.3725000023841858, 0.40062499046325684, 0.43437498807907104, 0.4662500023841858, 0.49000000953674316, 0.5037500262260437, 0.5162500143051147, 0.5268750190734863], "ensemble_val_loss": [1.7890863418579102, 1.763994574546814, 1.7457653284072876, 1.7304881811141968, 1.7186508178710938, 1.709825038909912, 1.7044000625610352, 1.700820803642273, 1.6982684135437012, 1.6964890956878662], "ensemble_val_accuracy": [0.1599999964237213, 0.1599999964237213, 0.14000000059604645, 0.18000000715255737, 0.18000000715255737, 0.23999999463558197, 0.23999999463558197, 0.23999999463558197, 0.23999999463558197, 0.23999999463558197], "ensemble_no_transfer_learning_ensemble_loss": [1.5805766582489014, 1.449243187904358, 1.375380516052246, 1.310177206993103, 1.2484554052352905, 1.1888798475265503, 1.1314529180526733, 1.0764864683151245, 1.0246790647506714, 0.9756312370300293], "ensemble_no_transfer_learning_ensemble_accuracy": [0.3668749928474426, 0.47312501072883606, 0.5168750286102295, 0.5606250166893005, 0.6056249737739563, 0.6337500214576721, 0.6606249809265137, 0.6962500214576721, 0.7206249833106995, 0.7443749904632568], "ensemble_no_transfer_learning_ensemble_val_loss": [1.8191664218902588, 2.0888442993164062, 2.5471584796905518, 2.9648735523223877, 3.2049942016601562, 3.2376904487609863, 3.109545946121216, 2.8986780643463135, 2.6733016967773438, 2.478236675262451], "ensemble_no_transfer_learning_ensemble_val_accuracy": [0.18000000715255737, 0.18000000715255737, 0.18000000715255737, 0.14000000059604645, 0.18000000715255737, 0.18000000715255737, 0.14000000059604645, 0.11999999731779099, 0.11999999731779099, 0.14000000059604645]}