{"base_loss": [1.1736128330230713, 0.8426003456115723, 0.6300244331359863, 0.5027357935905457, 0.42169255018234253, 0.36439186334609985, 0.3175240457057953, 0.28606176376342773, 0.25335219502449036, 0.22187776863574982], "base_accuracy": [0.6585937738418579, 0.8199218511581421, 0.9007812738418579, 0.9476562738418579, 0.9585937261581421, 0.96484375, 0.9671875238418579, 0.970703125, 0.973437488079071, 0.9765625], "base_val_loss": [1.3817822933197021, 1.8422572612762451, 3.4921724796295166, 5.98232364654541, 7.563558578491211, 6.838778495788574, 4.452225208282471, 2.012859344482422, 0.5766689777374268, 0.2603681981563568], "base_val_accuracy": [0.34567901492118835, 0.34567901492118835, 0.34567901492118835, 0.34567901492118835, 0.34567901492118835, 0.34567901492118835, 0.3086419701576233, 0.4691357910633087, 0.7160493731498718, 1.0]}