{"ensemble_loss": [2.0378522872924805, 1.8040305376052856, 1.700989007949829, 1.6334151029586792, 1.5826886892318726, 1.5418866872787476, 1.5075491666793823, 1.4779627323150635, 1.4514846801757812, 1.4272849559783936], "ensemble_accuracy": [0.34687501192092896, 0.5391927361488342, 0.5885416865348816, 0.6037760376930237, 0.6158854365348816, 0.6248697638511658, 0.6315104365348816, 0.6380208134651184, 0.6427083611488342, 0.6501302123069763], "ensemble_val_loss": [1.9909231662750244, 1.8812029361724854, 1.8137606382369995, 1.7657545804977417, 1.7275375127792358, 1.6963938474655151, 1.6694343090057373, 1.6471459865570068, 1.6261016130447388, 1.6065579652786255], "ensemble_val_accuracy": [0.47200000286102295, 0.5320000052452087, 0.5640000104904175, 0.5640000104904175, 0.5839999914169312, 0.5839999914169312, 0.5839999914169312, 0.5960000157356262, 0.6039999723434448, 0.6039999723434448], "ensemble_no_transfer_learning_ensemble_loss": [1.7462007999420166, 1.4385011196136475, 1.2989643812179565, 1.2029876708984375, 1.127021074295044, 1.063306450843811, 1.0073442459106445, 0.9577919840812683, 0.9127774834632874, 0.8708564043045044], "ensemble_no_transfer_learning_ensemble_accuracy": [0.5101562738418579, 0.6337239742279053, 0.6712239384651184, 0.6977864503860474, 0.7178385257720947, 0.7389323115348816, 0.7567708492279053, 0.7721354365348816, 0.790234386920929, 0.8067708611488342], "ensemble_no_transfer_learning_ensemble_val_loss": [2.2511603832244873, 1.8413903713226318, 1.5154869556427002, 1.3918616771697998, 1.330664038658142, 1.2869912385940552, 1.247581958770752, 1.216349482536316, 1.1930546760559082, 1.1659085750579834], "ensemble_no_transfer_learning_ensemble_val_accuracy": [0.14399999380111694, 0.2879999876022339, 0.5120000243186951, 0.5799999833106995, 0.5839999914169312, 0.5920000076293945, 0.5960000157356262, 0.5960000157356262, 0.5920000076293945, 0.6000000238418579]}