{"baseline_loss": [1.0511292219161987, 0.699652910232544, 0.6061405539512634, 0.545950174331665, 0.5137524008750916, 0.4896112084388733, 0.49785315990448, 0.4648773968219757, 0.44850078225135803, 0.44562530517578125], "baseline_accuracy": [0.5981907844543457, 0.7705591917037964, 0.8133223652839661, 0.8337171077728271, 0.8356907963752747, 0.8419407606124878, 0.832730233669281, 0.8445723652839661, 0.854769766330719, 0.8511512875556946], "baseline_val_loss": [1.0690299272537231, 0.8636490702629089, 0.7678260207176208, 0.6816661357879639, 0.6619656682014465, 0.6030107140541077, 0.5556291341781616, 0.5613425374031067, 0.5583066940307617, 0.5308688282966614], "baseline_val_accuracy": [0.48469388484954834, 0.545918345451355, 0.6173469424247742, 0.6989796161651611, 0.6989796161651611, 0.7346938848495483, 0.7551020383834839, 0.7448979616165161, 0.7448979616165161, 0.7653061151504517], "baseline_no_transfer_learning_base_loss": [0.8050063848495483, 0.598145604133606, 0.5327810049057007, 0.4894574284553528, 0.4557574987411499, 0.4281405508518219, 0.4040054976940155, 0.38239264488220215, 0.36263352632522583, 0.3447491228580475], "baseline_no_transfer_learning_base_accuracy": [0.7220394611358643, 0.8065789341926575, 0.8276315927505493, 0.8402960300445557, 0.8506578803062439, 0.8587170839309692, 0.8651315569877625, 0.8756579160690308, 0.8822368383407593, 0.8883223533630371], "baseline_no_transfer_learning_base_val_loss": [1.4443421363830566, 0.9903774857521057, 0.6766906380653381, 0.5840309858322144, 0.5389860272407532, 0.5146961808204651, 0.49968117475509644, 0.4827602505683899, 0.47510677576065063, 0.4468817710876465], "baseline_no_transfer_learning_base_val_accuracy": [0.29591837525367737, 0.4897959232330322, 0.7653061151504517, 0.8163265585899353, 0.831632673740387, 0.8265306353569031, 0.831632673740387, 0.8367347121238708, 0.8520408272743225, 0.8520408272743225]}