{"base_loss": [1.4165550470352173, 1.1657824516296387, 1.0595026016235352, 0.9915026426315308, 0.9453098177909851, 0.9097046256065369, 0.8863898515701294, 0.8628064393997192, 0.8462488055229187, 0.8309729695320129], "base_accuracy": [0.5135714411735535, 0.5919047594070435, 0.617976188659668, 0.6370238065719604, 0.6503869295120239, 0.6611904501914978, 0.6681845188140869, 0.6761606931686401, 0.6830059289932251, 0.6877678632736206], "base_val_loss": [1.2403022050857544, 1.0900720357894897, 1.1024402379989624, 0.9367649555206299, 0.8698851466178894, 0.8209161162376404, 0.7940295338630676, 0.8292729258537292, 0.786017656326294, 1.051107406616211], "base_val_accuracy": [0.5375000238418579, 0.5526785850524902, 0.5151785612106323, 0.6196428537368774, 0.6642857193946838, 0.6866071224212646, 0.7116071581840515, 0.6669642925262451, 0.7124999761581421, 0.5276785492897034]}