{"ensemble_loss": [1.5808537006378174, 1.3592180013656616, 1.2800445556640625, 1.2312119007110596, 1.1963465213775635, 1.1686512231826782, 1.1449812650680542, 1.1243690252304077, 1.10648775100708, 1.0910173654556274], "ensemble_accuracy": [0.4935714304447174, 0.590416669845581, 0.6130059361457825, 0.6266666650772095, 0.6364583373069763, 0.6433928608894348, 0.6522619128227234, 0.659166693687439, 0.6647619009017944, 0.6691666841506958], "ensemble_val_loss": [1.461366057395935, 1.3567256927490234, 1.3013198375701904, 1.2635120153427124, 1.2344954013824463, 1.210947036743164, 1.189518690109253, 1.1706509590148926, 1.154889464378357, 1.140425205230713], "ensemble_val_accuracy": [0.5642856955528259, 0.5758928656578064, 0.5741071701049805, 0.5857142806053162, 0.5883928537368774, 0.5946428775787354, 0.6035714149475098, 0.6169642806053162, 0.6258928775787354, 0.6339285969734192], "ensemble_no_transfer_learning_ensemble_loss": [1.3457833528518677, 1.1262050867080688, 1.042443037033081, 0.985806941986084, 0.9411963224411011, 0.9059520959854126, 0.8766365051269531, 0.8516059517860413, 0.8293123245239258, 0.8088476061820984], "ensemble_no_transfer_learning_ensemble_accuracy": [0.5564285516738892, 0.6246131062507629, 0.6475297808647156, 0.6646130681037903, 0.6784226298332214, 0.6889583468437195, 0.6988095045089722, 0.7075892686843872, 0.714077353477478, 0.7212202548980713], "ensemble_no_transfer_learning_ensemble_val_loss": [1.217007040977478, 1.1520578861236572, 1.124045968055725, 1.0741337537765503, 1.041174292564392, 1.0131335258483887, 1.0308926105499268, 0.9614042043685913, 0.9612793922424316, 0.9587685465812683], "ensemble_no_transfer_learning_ensemble_val_accuracy": [0.59375, 0.5991071462631226, 0.6035714149475098, 0.6241071224212646, 0.6151785850524902, 0.6392857432365417, 0.6321428418159485, 0.6580356955528259, 0.6580356955528259, 0.6598214507102966]}