{"baseline_loss": [3.6564300060272217, 3.2254726886749268, 3.023921012878418, 2.8785738945007324, 2.803393840789795, 2.6986231803894043, 2.618191719055176, 2.5563955307006836, 2.511427164077759, 2.468187093734741], "baseline_accuracy": [0.05195312574505806, 0.0859375, 0.10664062201976776, 0.12265624850988388, 0.15195313096046448, 0.162109375, 0.20703125, 0.23398438096046448, 0.2730468809604645, 0.2933593690395355], "baseline_val_loss": [3.6771318912506104, 3.3683969974517822, 3.1414051055908203, 2.992870807647705, 2.877592086791992, 2.794381856918335, 2.7387213706970215, 2.684868097305298, 2.654772996902466, 2.620670795440674], "baseline_val_accuracy": [0.05882352963089943, 0.05882352963089943, 0.0941176488995552, 0.12941177189350128, 0.12941177189350128, 0.1764705926179886, 0.1882352977991104, 0.21176470816135406, 0.2235294133424759, 0.23529411852359772], "baseline_no_transfer_learning_base_loss": [3.046722888946533, 2.8447105884552, 2.732837200164795, 2.6483795642852783, 2.5797369480133057, 2.52030873298645, 2.465172052383423, 2.415870189666748, 2.3687665462493896, 2.3244872093200684], "baseline_no_transfer_learning_base_accuracy": [0.11249999701976776, 0.21015624701976776, 0.27851563692092896, 0.345703125, 0.3812499940395355, 0.40351563692092896, 0.4281249940395355, 0.44843751192092896, 0.4625000059604645, 0.4781250059604645], "baseline_no_transfer_learning_base_val_loss": [3.280709743499756, 3.2890591621398926, 3.275326728820801, 3.199019193649292, 3.077441453933716, 2.9351131916046143, 2.794550657272339, 2.684584617614746, 2.6131136417388916, 2.5487513542175293], "baseline_no_transfer_learning_base_val_accuracy": [0.05882352963089943, 0.0235294122248888, 0.0235294122248888, 0.0235294122248888, 0.0235294122248888, 0.15294118225574493, 0.15294118225574493, 0.23529411852359772, 0.21176470816135406, 0.21176470816135406]}