{"ensemble_loss": [0.8289061784744263, 0.6186761856079102, 0.5493835806846619, 0.5125430226325989, 0.48963892459869385, 0.4734998345375061, 0.46101897954940796, 0.4507873058319092, 0.44203856587409973, 0.43432170152664185], "ensemble_accuracy": [0.7259615659713745, 0.8088942170143127, 0.8187500238418579, 0.8230769038200378, 0.8269230723381042, 0.8341346383094788, 0.8372595906257629, 0.8394230604171753, 0.8425480723381042, 0.8447115421295166], "ensemble_val_loss": [0.6705044507980347, 0.5579839944839478, 0.49485740065574646, 0.4586091935634613, 0.437967985868454, 0.4246675670146942, 0.41511669754981995, 0.40800216794013977, 0.40222638845443726, 0.3975677490234375], "ensemble_val_accuracy": [0.8814814686775208, 0.8814814686775208, 0.8814814686775208, 0.8814814686775208, 0.8740741014480591, 0.8740741014480591, 0.8740741014480591, 0.8740741014480591, 0.8740741014480591, 0.8740741014480591], "ensemble_no_transfer_learning_ensemble_loss": [0.6017468571662903, 0.4413728713989258, 0.406287282705307, 0.3821537494659424, 0.3614560663700104, 0.3429369628429413, 0.3264486491680145, 0.3105440139770508, 0.2967532277107239, 0.283837229013443], "ensemble_no_transfer_learning_ensemble_accuracy": [0.7903845906257629, 0.831250011920929, 0.8430288434028625, 0.8502404093742371, 0.8574519157409668, 0.8646634817123413, 0.8723557591438293, 0.8788461685180664, 0.8870192170143127, 0.895432710647583], "ensemble_no_transfer_learning_ensemble_val_loss": [1.2137081623077393, 1.593189001083374, 1.5731924772262573, 0.8295664191246033, 0.4247185289859772, 0.359342485666275, 0.3584628105163574, 0.3589589297771454, 0.3644390106201172, 0.35994237661361694], "ensemble_no_transfer_learning_ensemble_val_accuracy": [0.2888889014720917, 0.2888889014720917, 0.2888889014720917, 0.6814814805984497, 0.8296296000480652, 0.8222222328186035, 0.8222222328186035, 0.8148148059844971, 0.8148148059844971, 0.8074073791503906]}