{"ensemble_loss": [0.3342379033565521, 0.17063161730766296, 0.1303078830242157, 0.10801274329423904, 0.09297147393226624, 0.08182158321142197, 0.0730658620595932, 0.0658169686794281, 0.059755176305770874, 0.054588980972766876], "ensemble_accuracy": [0.9215909242630005, 0.9571022987365723, 0.9713068008422852, 0.9792613387107849, 0.9823863506317139, 0.9863636493682861, 0.988068163394928, 0.9906250238418579, 0.9928977489471436, 0.9940341114997864], "ensemble_val_loss": [0.27934038639068604, 0.13398897647857666, 0.09970017522573471, 0.08427643775939941, 0.07285071909427643, 0.06345976889133453, 0.05530169978737831, 0.04840940982103348, 0.042595572769641876, 0.03809897601604462], "ensemble_val_accuracy": [0.982300877571106, 0.9734513163566589, 0.9734513163566589, 0.9646017551422119, 0.991150438785553, 0.991150438785553, 0.991150438785553, 0.991150438785553, 1.0, 1.0], "ensemble_no_transfer_learning_ensemble_loss": [0.1544073075056076, 0.0699973776936531, 0.04485831782221794, 0.032615870237350464, 0.025899916887283325, 0.021264098584651947, 0.01795317232608795, 0.015538151375949383, 0.013547160662710667, 0.012091230601072311], "ensemble_no_transfer_learning_ensemble_accuracy": [0.9482954740524292, 0.9866477251052856, 0.9934659004211426, 0.9954545497894287, 0.996306836605072, 0.9974431991577148, 0.9977272748947144, 0.9980113506317139, 0.9980113506317139, 0.9982954263687134], "ensemble_no_transfer_learning_ensemble_val_loss": [0.8269100785255432, 0.9526337385177612, 0.51447993516922, 0.2544071078300476, 0.25543662905693054, 0.06897721439599991, 0.047769661992788315, 0.025520887225866318, 0.06441107392311096, 0.046718817204236984], "ensemble_no_transfer_learning_ensemble_val_accuracy": [0.4247787594795227, 0.4247787594795227, 0.778761088848114, 0.9469026327133179, 0.8318583965301514, 1.0, 1.0, 1.0, 0.991150438785553, 1.0]}