{"ensemble_loss": [2.030783176422119, 1.7980042695999146, 1.695058822631836, 1.6282185316085815, 1.57644784450531, 1.533727765083313, 1.497999906539917, 1.466799259185791, 1.4390345811843872, 1.413993000984192], "ensemble_accuracy": [0.42565104365348816, 0.5589843988418579, 0.6016927361488342, 0.621874988079071, 0.6373698115348816, 0.6477864384651184, 0.657031238079071, 0.6651041507720947, 0.6717447638511658, 0.676953136920929], "ensemble_val_loss": [1.9542653560638428, 1.8299344778060913, 1.7547413110733032, 1.698545217514038, 1.6528147459030151, 1.6149075031280518, 1.5820863246917725, 1.5527385473251343, 1.5266954898834229, 1.503309726715088], "ensemble_val_accuracy": [0.46799999475479126, 0.47200000286102295, 0.5040000081062317, 0.5320000052452087, 0.5799999833106995, 0.6000000238418579, 0.6320000290870667, 0.6439999938011169, 0.6480000019073486, 0.6480000019073486], "ensemble_no_transfer_learning_ensemble_loss": [1.7555320262908936, 1.4446160793304443, 1.2907047271728516, 1.179992437362671, 1.0945831537246704, 1.0248435735702515, 0.9658862352371216, 0.9153732657432556, 0.8715212345123291, 0.8326669335365295], "ensemble_no_transfer_learning_ensemble_accuracy": [0.5375000238418579, 0.6636718511581421, 0.7072916626930237, 0.735156238079071, 0.755078136920929, 0.774609386920929, 0.7904947996139526, 0.8022135496139526, 0.8115885257720947, 0.822265625], "ensemble_no_transfer_learning_ensemble_val_loss": [2.33314847946167, 1.8962939977645874, 1.5305317640304565, 1.4098217487335205, 1.3276504278182983, 1.259255051612854, 1.2055331468582153, 1.1555485725402832, 1.1207115650177002, 1.0822664499282837], "ensemble_no_transfer_learning_ensemble_val_accuracy": [0.19200000166893005, 0.47999998927116394, 0.5680000185966492, 0.5960000157356262, 0.6119999885559082, 0.6320000290870667, 0.671999990940094, 0.6880000233650208, 0.6840000152587891, 0.7120000123977661]}