{"base_loss": [1.8302992582321167, 1.5523873567581177, 1.4137980937957764, 1.3263211250305176, 1.2613791227340698, 1.2089579105377197, 1.1643447875976562, 1.125188946723938, 1.0893232822418213, 1.0566670894622803], "base_accuracy": [0.38593751192092896, 0.5270833373069763, 0.5720052123069763, 0.594921886920929, 0.6187499761581421, 0.6351562738418579, 0.6513020992279053, 0.6641927361488342, 0.672656238079071, 0.6846354007720947], "base_val_loss": [2.283935308456421, 1.8959786891937256, 1.5550870895385742, 1.4664697647094727, 1.4156078100204468, 1.379793405532837, 1.3805185556411743, 1.4125181436538696, 1.3107565641403198, 1.2934885025024414], "base_val_accuracy": [0.14399999380111694, 0.30000001192092896, 0.4560000002384186, 0.47600001096725464, 0.5040000081062317, 0.5040000081062317, 0.5559999942779541, 0.5400000214576721, 0.5600000023841858, 0.5799999833106995]}