{"ensemble_loss": [3.159095525741577, 2.97643780708313, 2.8599462509155273, 2.770681619644165, 2.699556827545166, 2.640651226043701, 2.591865062713623, 2.5502841472625732, 2.5134761333465576, 2.480260133743286], "ensemble_accuracy": [0.11210937798023224, 0.31640625, 0.3714843690395355, 0.3980468809604645, 0.4222656190395355, 0.4496093690395355, 0.4710937440395355, 0.48710936307907104, 0.5074218511581421, 0.5199218988418579], "ensemble_val_loss": [3.1369900703430176, 2.9836559295654297, 2.880964756011963, 2.8012211322784424, 2.737407684326172, 2.6850879192352295, 2.6369524002075195, 2.5946216583251953, 2.557093381881714, 2.5249366760253906], "ensemble_val_accuracy": [0.1411764770746231, 0.29411765933036804, 0.34117648005485535, 0.4117647111415863, 0.4470588266849518, 0.4941176474094391, 0.4941176474094391, 0.529411792755127, 0.5529412031173706, 0.5882353186607361], "ensemble_no_transfer_learning_ensemble_loss": [2.8735320568084717, 2.528289318084717, 2.3361144065856934, 2.199237108230591, 2.0917842388153076, 2.0020270347595215, 1.9266703128814697, 1.8607715368270874, 1.802037239074707, 1.7509586811065674], "ensemble_no_transfer_learning_ensemble_accuracy": [0.29179686307907104, 0.48828125, 0.595703125, 0.6519531011581421, 0.68359375, 0.703125, 0.7132812738418579, 0.7191406488418579, 0.723437488079071, 0.7289062738418579], "ensemble_no_transfer_learning_ensemble_val_loss": [3.250145673751831, 3.231710910797119, 3.167309522628784, 3.0341923236846924, 2.8408315181732178, 2.609342336654663, 2.384725332260132, 2.2043962478637695, 2.0775997638702393, 1.9860728979110718], "ensemble_no_transfer_learning_ensemble_val_accuracy": [0.03529411926865578, 0.03529411926865578, 0.05882352963089943, 0.11764705926179886, 0.16470588743686676, 0.1882352977991104, 0.43529412150382996, 0.5058823823928833, 0.5882353186607361, 0.5764706134796143]}