{"baseline_loss": [2.1364359855651855, 1.5961838960647583, 1.3304474353790283, 1.150354266166687, 1.0292201042175293, 0.9285945296287537, 0.8556888699531555, 0.8020914793014526, 0.7591569423675537, 0.7193891406059265], "baseline_accuracy": [0.4160096049308777, 0.5751121640205383, 0.62870192527771, 0.6714423298835754, 0.7002564072608948, 0.7243750095367432, 0.7437820434570312, 0.7573557496070862, 0.7700320482254028, 0.7790704965591431], "baseline_val_loss": [1.7977463006973267, 1.4636441469192505, 1.2793896198272705, 1.1560355424880981, 1.0205214023590088, 0.9499623775482178, 1.0099979639053345, 0.9527662992477417, 0.879689633846283, 0.826074481010437], "baseline_val_accuracy": [0.5036144852638245, 0.5595180988311768, 0.6149397492408752, 0.5845783352851868, 0.6973493695259094, 0.6954216957092285, 0.6621686816215515, 0.6843373775482178, 0.7045783400535583, 0.7146987915039062]}