{"ensemble_loss": [1.3457833528518677, 1.1262050867080688, 1.042443037033081, 0.985806941986084, 0.9411963224411011, 0.9059520959854126, 0.8766365051269531, 0.8516059517860413, 0.8293123245239258, 0.8088476061820984], "ensemble_accuracy": [0.5564285516738892, 0.6246131062507629, 0.6475297808647156, 0.6646130681037903, 0.6784226298332214, 0.6889583468437195, 0.6988095045089722, 0.7075892686843872, 0.714077353477478, 0.7212202548980713], "ensemble_val_loss": [1.217007040977478, 1.1520578861236572, 1.124045968055725, 1.0741337537765503, 1.041174292564392, 1.0131335258483887, 1.0308926105499268, 0.9614042043685913, 0.9612793922424316, 0.9587685465812683], "ensemble_val_accuracy": [0.59375, 0.5991071462631226, 0.6035714149475098, 0.6241071224212646, 0.6151785850524902, 0.6392857432365417, 0.6321428418159485, 0.6580356955528259, 0.6580356955528259, 0.6598214507102966]}