{"ensemble_loss": [2.0450592041015625, 1.8220056295394897, 1.7202283143997192, 1.6517363786697388, 1.5996489524841309, 1.5570697784423828, 1.5208185911178589, 1.48936128616333, 1.4618250131607056, 1.4374127388000488], "ensemble_accuracy": [0.36666667461395264, 0.5104166865348816, 0.5619791746139526, 0.5873697996139526, 0.5990885496139526, 0.6075521111488342, 0.6143229007720947, 0.6195312738418579, 0.624218761920929, 0.628125011920929], "ensemble_val_loss": [1.9869943857192993, 1.855036735534668, 1.7681938409805298, 1.7085298299789429, 1.6622698307037354, 1.6235604286193848, 1.590219259262085, 1.5611976385116577, 1.536217212677002, 1.5139358043670654], "ensemble_val_accuracy": [0.37599998712539673, 0.41200000047683716, 0.4959999918937683, 0.515999972820282, 0.5320000052452087, 0.5640000104904175, 0.5879999995231628, 0.5879999995231628, 0.5960000157356262, 0.6039999723434448], "ensemble_no_transfer_learning_ensemble_loss": [1.77700936794281, 1.466632604598999, 1.322777509689331, 1.2245303392410278, 1.1456636190414429, 1.0789563655853271, 1.020406723022461, 0.9681044816970825, 0.9207610487937927, 0.8777690529823303], "ensemble_no_transfer_learning_ensemble_accuracy": [0.44869792461395264, 0.5923177003860474, 0.6440104246139526, 0.680859386920929, 0.7035156488418579, 0.7264322638511658, 0.7457031011581421, 0.7654947638511658, 0.7833333611488342, 0.795703113079071], "ensemble_no_transfer_learning_ensemble_val_loss": [2.293830633163452, 1.821649193763733, 1.3966234922409058, 1.2568244934082031, 1.1778587102890015, 1.1184593439102173, 1.0771207809448242, 1.0379986763000488, 1.0013216733932495, 0.979033350944519], "ensemble_no_transfer_learning_ensemble_val_accuracy": [0.17599999904632568, 0.30799999833106995, 0.5440000295639038, 0.6399999856948853, 0.6840000152587891, 0.6959999799728394, 0.6959999799728394, 0.699999988079071, 0.7360000014305115, 0.7279999852180481]}