{"base_loss": [3.3911972045898438, 3.046973705291748, 2.861112594604492, 2.705688714981079, 2.5709972381591797, 2.455458879470825, 2.3460347652435303, 2.2434167861938477, 2.1490509510040283, 2.063483238220215], "base_accuracy": [0.12006578594446182, 0.247861847281456, 0.316447377204895, 0.3745065927505493, 0.41825658082962036, 0.44967105984687805, 0.4777960479259491, 0.5023026466369629, 0.5251644849777222, 0.5476973652839661], "base_val_loss": [4.7717461585998535, 8.511860847473145, 3.8179619312286377, 2.815992593765259, 2.666386604309082, 2.576580286026001, 2.5356457233428955, 2.4307241439819336, 2.3945956230163574, 2.362295150756836], "base_val_accuracy": [0.015306122601032257, 0.015306122601032257, 0.020408162847161293, 0.4234693944454193, 0.36734694242477417, 0.3928571343421936, 0.2806122303009033, 0.3520408272743225, 0.3163265287876129, 0.31122449040412903]}