{"baseline_loss": [4.1580729484558105, 3.588998556137085, 3.1760454177856445, 2.860029935836792, 2.5875957012176514, 2.377474784851074, 2.191312074661255, 2.0533344745635986, 1.9335194826126099, 1.8204059600830078], "baseline_accuracy": [0.1063530221581459, 0.24031592905521393, 0.32918956875801086, 0.3880837857723236, 0.42946428060531616, 0.4618818759918213, 0.49622252583503723, 0.5206730961799622, 0.535645604133606, 0.5527472496032715], "baseline_val_loss": [4.027560710906982, 3.646960496902466, 3.3503127098083496, 3.137845277786255, 2.973519802093506, 2.7441484928131104, 2.6159420013427734, 2.5291619300842285, 2.541581630706787, 2.4029250144958496], "baseline_val_accuracy": [0.16632232069969177, 0.1900826394557953, 0.2376033067703247, 0.2789256274700165, 0.30888429284095764, 0.34194216132164, 0.3543388545513153, 0.32438015937805176, 0.31611570715904236, 0.36157023906707764]}