{"baseline_loss": [3.1853647232055664, 2.4702610969543457, 2.1343536376953125, 1.9217268228530884, 1.7742513418197632, 1.6610350608825684, 1.560088038444519, 1.4850214719772339, 1.413640022277832, 1.350757360458374], "baseline_accuracy": [0.1950150579214096, 0.31972891092300415, 0.387198805809021, 0.430798202753067, 0.4604668617248535, 0.4872063398361206, 0.5106626749038696, 0.5271009206771851, 0.5460994243621826, 0.5609562993049622], "baseline_val_loss": [2.780118227005005, 3.2054929733276367, 2.2532474994659424, 1.9485111236572266, 2.1225955486297607, 7.245006561279297, 3.2788305282592773, 3.5376830101013184, 4.987053394317627, 2.3564414978027344], "baseline_val_accuracy": [0.25554049015045166, 0.128900945186615, 0.31478968262672424, 0.3941655457019806, 0.34011760354042053, 0.10470375418663025, 0.20013567805290222, 0.2311171442270279, 0.19583898782730103, 0.3498417139053345]}