{"base_loss": [1.8557438850402832, 1.6951520442962646, 1.6072624921798706, 1.5528857707977295, 1.5161149501800537, 1.4893832206726074, 1.4679436683654785, 1.449381947517395, 1.4409196376800537, 1.426132321357727], "base_accuracy": [0.24788852035999298, 0.3054898679256439, 0.3331925570964813, 0.34923985600471497, 0.3566722869873047, 0.36131757497787476, 0.3682432472705841, 0.367652028799057, 0.3673141896724701, 0.37162160873413086], "base_val_loss": [2.3660473823547363, 1.7367092370986938, 1.600792407989502, 1.5345898866653442, 1.5427027940750122, 1.550526738166809, 1.494132161140442, 1.5501558780670166, 1.4981452226638794, 1.509954571723938], "base_val_accuracy": [0.14395886659622192, 0.3470436930656433, 0.30334189534187317, 0.35475578904151917, 0.3701799511909485, 0.38303342461586, 0.3856041133403778, 0.35218510031700134, 0.3341902196407318, 0.336760938167572]}