{"ensemble_loss": [3.8887994289398193, 3.6815812587738037, 3.5710268020629883, 3.4880752563476562, 3.418252944946289, 3.356449842453003, 3.301171064376831, 3.2502291202545166, 3.202805519104004, 3.158254861831665], "ensemble_accuracy": [0.13372844457626343, 0.2270474135875702, 0.29137930274009705, 0.3474137783050537, 0.388254314661026, 0.4158405065536499, 0.4397629201412201, 0.46239224076271057, 0.48599138855934143, 0.506142258644104], "ensemble_val_loss": [3.789651393890381, 3.6318531036376953, 3.5289294719696045, 3.4587631225585938, 3.3965184688568115, 3.3410823345184326, 3.2914986610412598, 3.245959758758545, 3.2028331756591797, 3.1615850925445557], "ensemble_val_accuracy": [0.1433333307504654, 0.25, 0.2433333396911621, 0.2866666615009308, 0.3233333230018616, 0.36000001430511475, 0.3766666650772095, 0.40666666626930237, 0.4333333373069763, 0.4566666781902313], "ensemble_no_transfer_learning_ensemble_loss": [3.6475346088409424, 3.237220287322998, 2.9481678009033203, 2.711019277572632, 2.5174002647399902, 2.364593505859375, 2.2375152111053467, 2.131519079208374, 2.0431838035583496, 1.9705955982208252], "ensemble_no_transfer_learning_ensemble_accuracy": [0.25678879022598267, 0.43825429677963257, 0.529849112033844, 0.6205819249153137, 0.6987069249153137, 0.7424569129943848, 0.7712284326553345, 0.7959051728248596, 0.8120689392089844, 0.8197198510169983], "ensemble_no_transfer_learning_ensemble_val_loss": [4.231414318084717, 3.6955976486206055, 2.9539663791656494, 2.753427743911743, 2.5813024044036865, 2.45089054107666, 2.324179172515869, 2.3026154041290283, 2.169840097427368, 2.144225835800171], "ensemble_no_transfer_learning_ensemble_val_accuracy": [0.013333333656191826, 0.07999999821186066, 0.4300000071525574, 0.49666666984558105, 0.5099999904632568, 0.5766666531562805, 0.6100000143051147, 0.5933333039283752, 0.6933333277702332, 0.6566666960716248]}