{"baseline_loss": [1.935530662536621, 1.4652609825134277, 1.247658371925354, 1.1222026348114014, 1.0362896919250488, 0.9616473913192749, 0.92350834608078, 0.903246283531189, 0.8542908430099487, 0.8348573446273804], "baseline_accuracy": [0.20546874403953552, 0.3414062559604645, 0.5703125, 0.742968738079071, 0.7867187261581421, 0.834765613079071, 0.8441406488418579, 0.8316406011581421, 0.853515625, 0.8687499761581421], "baseline_val_loss": [1.5451606512069702, 1.2390471696853638, 1.0990666151046753, 1.020271897315979, 0.9862943887710571, 0.932601809501648, 0.8977060914039612, 0.8827683329582214, 0.8542394042015076, 0.8305483460426331], "baseline_val_accuracy": [0.42105263471603394, 0.5657894611358643, 0.7631579041481018, 0.7763158082962036, 0.8026315569877625, 0.8026315569877625, 0.8157894611358643, 0.8421052694320679, 0.8552631735801697, 0.8552631735801697], "baseline_no_transfer_learning_base_loss": [1.3925644159317017, 1.1362049579620361, 1.0288777351379395, 0.9544846415519714, 0.8943670392036438, 0.8468208312988281, 0.8075689077377319, 0.7715818285942078, 0.7390061616897583, 0.7097048759460449], "baseline_no_transfer_learning_base_accuracy": [0.561328113079071, 0.6890624761581421, 0.7421875, 0.7816406488418579, 0.8003906011581421, 0.819531261920929, 0.8265625238418579, 0.8414062261581421, 0.8550781011581421, 0.866015613079071], "baseline_no_transfer_learning_base_val_loss": [1.8511255979537964, 2.089017868041992, 2.1588268280029297, 1.9543248414993286, 1.6035696268081665, 1.2739838361740112, 1.071933627128601, 0.946220874786377, 0.8729192018508911, 0.8082064390182495], "baseline_no_transfer_learning_base_val_accuracy": [0.21052631735801697, 0.21052631735801697, 0.25, 0.28947368264198303, 0.3815789520740509, 0.5921052694320679, 0.6842105388641357, 0.75, 0.75, 0.7763158082962036]}