{"ensemble_loss": [2.0519163608551025, 1.824877381324768, 1.7196648120880127, 1.6488581895828247, 1.5956015586853027, 1.5527551174163818, 1.5166922807693481, 1.4850882291793823, 1.4573462009429932, 1.4324780702590942], "ensemble_accuracy": [0.3265624940395355, 0.517578125, 0.5707031488418579, 0.5993489623069763, 0.6169270873069763, 0.6282551884651184, 0.6385416388511658, 0.6490885615348816, 0.659375011920929, 0.6678385138511658], "ensemble_val_loss": [2.063577175140381, 1.9524662494659424, 1.8822507858276367, 1.8338021039962769, 1.7961814403533936, 1.7645622491836548, 1.736675500869751, 1.7118778228759766, 1.6905877590179443, 1.6714321374893188], "ensemble_val_accuracy": [0.4359999895095825, 0.47200000286102295, 0.492000013589859, 0.5080000162124634, 0.5080000162124634, 0.515999972820282, 0.5199999809265137, 0.5239999890327454, 0.527999997138977, 0.5440000295639038], "ensemble_no_transfer_learning_ensemble_loss": [1.7555320262908936, 1.4446160793304443, 1.2907047271728516, 1.179992437362671, 1.0945831537246704, 1.0248435735702515, 0.9658862352371216, 0.9153732657432556, 0.8715212345123291, 0.8326669335365295], "ensemble_no_transfer_learning_ensemble_accuracy": [0.5375000238418579, 0.6636718511581421, 0.7072916626930237, 0.735156238079071, 0.755078136920929, 0.774609386920929, 0.7904947996139526, 0.8022135496139526, 0.8115885257720947, 0.822265625], "ensemble_no_transfer_learning_ensemble_val_loss": [2.33314847946167, 1.8962939977645874, 1.5305317640304565, 1.4098217487335205, 1.3276504278182983, 1.259255051612854, 1.2055331468582153, 1.1555485725402832, 1.1207115650177002, 1.0822664499282837], "ensemble_no_transfer_learning_ensemble_val_accuracy": [0.19200000166893005, 0.47999998927116394, 0.5680000185966492, 0.5960000157356262, 0.6119999885559082, 0.6320000290870667, 0.671999990940094, 0.6880000233650208, 0.6840000152587891, 0.7120000123977661]}