{"baseline_loss": [1.6696500778198242, 1.4778332710266113, 1.4294517040252686, 1.4011563062667847, 1.376900315284729, 1.3455634117126465, 1.3190171718597412, 1.310964584350586, 1.3030333518981934, 1.2879266738891602], "baseline_accuracy": [0.24772727489471436, 0.38806816935539246, 0.4573863744735718, 0.4593749940395355, 0.46647727489471436, 0.49318182468414307, 0.503125011920929, 0.5065340995788574, 0.5130681991577148, 0.5184659361839294], "baseline_val_loss": [1.5664231777191162, 1.5300360918045044, 1.4749534130096436, 1.4164165258407593, 1.382957935333252, 1.3674763441085815, 1.3504691123962402, 1.3333625793457031, 1.3261982202529907, 1.3109160661697388], "baseline_val_accuracy": [0.27586206793785095, 0.3017241358757019, 0.32758620381355286, 0.4913793206214905, 0.43103447556495667, 0.4396551847457886, 0.4482758641242981, 0.4482758641242981, 0.4913793206214905, 0.5086206793785095], "baseline_no_transfer_learning_base_loss": [1.5731528997421265, 1.5232752561569214, 1.4812531471252441, 1.4441580772399902, 1.4119528532028198, 1.383152961730957, 1.3578901290893555, 1.3376718759536743, 1.3200172185897827, 1.3024998903274536], "baseline_no_transfer_learning_base_accuracy": [0.2772727310657501, 0.3269886374473572, 0.3806818127632141, 0.42017045617103577, 0.44062501192092896, 0.45625001192092896, 0.46136364340782166, 0.47585228085517883, 0.4897727370262146, 0.4985795319080353], "baseline_no_transfer_learning_base_val_loss": [1.637361764907837, 1.7728118896484375, 1.8856719732284546, 1.9563102722167969, 1.764367938041687, 1.5955095291137695, 1.512486457824707, 1.5060346126556396, 1.5567703247070312, 1.4757301807403564], "baseline_no_transfer_learning_base_val_accuracy": [0.26724138855934143, 0.1982758641242981, 0.1551724076271057, 0.1551724076271057, 0.1551724076271057, 0.1982758641242981, 0.32758620381355286, 0.36206895112991333, 0.3534482717514038, 0.38793104887008667]}