{"baseline_loss": [2.8846216201782227, 2.383755922317505, 2.0792713165283203, 1.8729149103164673, 1.7038142681121826, 1.5734224319458008, 1.466275930404663, 1.393505573272705, 1.3212090730667114, 1.244876742362976], "baseline_accuracy": [0.25312501192092896, 0.3823835849761963, 0.4384191036224365, 0.4692401885986328, 0.506035566329956, 0.5237438678741455, 0.538449764251709, 0.554074764251709, 0.5628982782363892, 0.5780637264251709], "baseline_val_loss": [3.5369019508361816, 3.4170169830322266, 3.4041831493377686, 3.3513174057006836, 3.2871110439300537, 3.3633480072021484, 3.577911853790283, 3.236039638519287, 3.611936569213867, 3.167888879776001], "baseline_val_accuracy": [0.06648199260234833, 0.12280701845884323, 0.08402585238218307, 0.12188365310430527, 0.16066482663154602, 0.10341643542051315, 0.15512464940547943, 0.16343490779399872, 0.1588180959224701, 0.15697138011455536]}