{"baseline_loss": [0.7338889241218567, 0.48598089814186096, 0.3785136044025421, 0.3246033489704132, 0.27692607045173645, 0.24070146679878235, 0.21310746669769287, 0.19318991899490356, 0.1742098033428192, 0.15999211370944977], "baseline_accuracy": [0.5434659123420715, 0.7724431753158569, 0.9170454740524292, 0.9528409242630005, 0.965056836605072, 0.9715909361839294, 0.9792613387107849, 0.9772727489471436, 0.9809659123420715, 0.9849432110786438], "baseline_val_loss": [0.6027247905731201, 0.4420224726200104, 0.3558558523654938, 0.3099385201931, 0.25131091475486755, 0.25185585021972656, 0.21148940920829773, 0.2237212210893631, 0.17941369116306305, 0.1535709798336029], "baseline_val_accuracy": [0.5840708017349243, 0.8053097128868103, 0.8849557638168335, 0.8849557638168335, 0.982300877571106, 0.9203540086746216, 0.9646017551422119, 0.9203540086746216, 0.982300877571106, 0.982300877571106], "baseline_no_transfer_learning_base_loss": [0.512615442276001, 0.36838898062705994, 0.2958240807056427, 0.2525385320186615, 0.22301143407821655, 0.20166058838367462, 0.19032837450504303, 0.17333859205245972, 0.15846377611160278, 0.1492415815591812], "baseline_no_transfer_learning_base_accuracy": [0.7801136374473572, 0.8860795497894287, 0.9048295617103577, 0.9147727489471436, 0.9269886612892151, 0.9318181872367859, 0.9380682110786438, 0.9454545378684998, 0.9517045617103577, 0.9559659361839294], "baseline_no_transfer_learning_base_val_loss": [0.7023122906684875, 1.0846198797225952, 1.4312729835510254, 1.2224342823028564, 0.6063660979270935, 0.18884879350662231, 0.11005604267120361, 0.09033532440662384, 0.0807555615901947, 0.08922507613897324], "baseline_no_transfer_learning_base_val_accuracy": [0.5752212405204773, 0.5752212405204773, 0.5752212405204773, 0.5752212405204773, 0.6991150379180908, 0.9115044474601746, 0.982300877571106, 1.0, 0.982300877571106, 1.0]}