{"baseline_loss": [2.013960123062134, 1.6211705207824707, 1.4873193502426147, 1.4004051685333252, 1.3319076299667358, 1.272199273109436, 1.2233386039733887, 1.1717981100082397, 1.1355012655258179, 1.0835599899291992], "baseline_accuracy": [0.37814903259277344, 0.46338942646980286, 0.4920192360877991, 0.5254567265510559, 0.5507211685180664, 0.5779567360877991, 0.6010577082633972, 0.620192289352417, 0.6353365182876587, 0.657980740070343], "baseline_val_loss": [1.7946255207061768, 1.7488276958465576, 1.6803640127182007, 1.5695972442626953, 1.5563513040542603, 1.6198571920394897, 1.5407543182373047, 1.5807474851608276, 1.6262391805648804, 1.7046074867248535], "baseline_val_accuracy": [0.3933477997779846, 0.4128705859184265, 0.3897324800491333, 0.3940708637237549, 0.42950108647346497, 0.41793203353881836, 0.4389009475708008, 0.4287780225276947, 0.44323933124542236, 0.4519161283969879]}