{"ensemble_loss": [1.2964543104171753, 0.9897148013114929, 0.8645106554031372, 0.7884657382965088, 0.7330067753791809, 0.6934770941734314, 0.6610836982727051, 0.6280226111412048, 0.596389889717102, 0.5748763084411621], "ensemble_accuracy": [0.6286904811859131, 0.7138988375663757, 0.7454166412353516, 0.7621726393699646, 0.774821400642395, 0.7848809361457825, 0.7919047474861145, 0.7964285612106323, 0.8036012053489685, 0.8086012005805969], "ensemble_val_loss": [1.120294213294983, 0.9514550566673279, 0.8893821239471436, 0.8172245621681213, 0.7964819669723511, 0.8017638325691223, 0.7731982469558716, 0.7170507907867432, 0.718488872051239, 0.7001901865005493], "ensemble_val_accuracy": [0.6892856955528259, 0.7267857193946838, 0.7473214268684387, 0.7642857432365417, 0.7598214149475098, 0.7723214030265808, 0.7741071581840515, 0.7821428775787354, 0.7839285731315613, 0.7830356955528259]}