{"baseline_loss": [3.8941822052001953, 3.326437473297119, 2.923562526702881, 2.5703957080841064, 2.2543768882751465, 1.978444218635559, 1.7371459007263184, 1.5405893325805664, 1.3686738014221191, 1.2260339260101318], "baseline_accuracy": [0.11319444328546524, 0.25534722208976746, 0.39733797311782837, 0.5237963199615479, 0.6166203618049622, 0.6736574172973633, 0.7194675803184509, 0.7498842477798462, 0.7799305319786072, 0.7972685098648071], "baseline_val_loss": [3.58259654045105, 3.237131357192993, 2.8929600715637207, 2.8901824951171875, 2.3600339889526367, 2.1775388717651367, 2.5840277671813965, 1.892004132270813, 1.6418797969818115, 1.6074719429016113], "baseline_val_accuracy": [0.16468946635723114, 0.2742498219013214, 0.3824145197868347, 0.23866015672683716, 0.5080251097679138, 0.4640614092350006, 0.27564549446105957, 0.5052337646484375, 0.6496859788894653, 0.6071179509162903]}