{"ensemble_loss": [1.77700936794281, 1.466632604598999, 1.322777509689331, 1.2245303392410278, 1.1456636190414429, 1.0789563655853271, 1.020406723022461, 0.9681044816970825, 0.9207610487937927, 0.8777690529823303], "ensemble_accuracy": [0.44869792461395264, 0.5923177003860474, 0.6440104246139526, 0.680859386920929, 0.7035156488418579, 0.7264322638511658, 0.7457031011581421, 0.7654947638511658, 0.7833333611488342, 0.795703113079071], "ensemble_val_loss": [2.293830633163452, 1.821649193763733, 1.3966234922409058, 1.2568244934082031, 1.1778587102890015, 1.1184593439102173, 1.0771207809448242, 1.0379986763000488, 1.0013216733932495, 0.979033350944519], "ensemble_val_accuracy": [0.17599999904632568, 0.30799999833106995, 0.5440000295639038, 0.6399999856948853, 0.6840000152587891, 0.6959999799728394, 0.6959999799728394, 0.699999988079071, 0.7360000014305115, 0.7279999852180481]}