{"base_loss": [0.6494287252426147, 0.5487576127052307, 0.5088346600532532, 0.4834257662296295, 0.46166664361953735, 0.4419889450073242, 0.42527514696121216, 0.40989693999290466, 0.39536234736442566, 0.3806610405445099], "base_accuracy": [0.637499988079071, 0.8343750238418579, 0.831250011920929, 0.828125, 0.846875011920929, 0.8656250238418579, 0.8687499761581421, 0.875, 0.887499988079071, 0.8968750238418579], "base_val_loss": [0.6910736560821533, 0.6942914724349976, 0.6985785961151123, 0.7028845548629761, 0.7070368528366089, 0.7112953662872314, 0.7152680158615112, 0.718176543712616, 0.720162570476532, 0.7232550978660583], "base_val_accuracy": [0.5, 0.5, 0.5, 0.5, 0.5, 0.5, 0.5, 0.5, 0.5, 0.5]}