{"baseline_loss": [0.3331572115421295, 0.20069053769111633, 0.17115537822246552, 0.16554981470108032, 0.15039533376693726, 0.1514195054769516, 0.14693662524223328, 0.15262481570243835, 0.1416565179824829, 0.13511775434017181], "baseline_accuracy": [0.8602430820465088, 0.9342013597488403, 0.9472222328186035, 0.948437511920929, 0.9526041746139526, 0.9511284828186035, 0.9529513716697693, 0.9497395753860474, 0.9542534947395325, 0.9580729007720947], "baseline_val_loss": [1.6229225397109985, 1.5805933475494385, 1.7136585712432861, 1.7274415493011475, 1.7315642833709717, 1.5800880193710327, 1.7786980867385864, 1.784408450126648, 1.7487465143203735, 1.7744495868682861], "baseline_val_accuracy": [0.5186170339584351, 0.5186170339584351, 0.5186170339584351, 0.5186170339584351, 0.5186170339584351, 0.5186170339584351, 0.5186170339584351, 0.5186170339584351, 0.5186170339584351, 0.5186170339584351], "baseline_no_transfer_learning_base_loss": [0.22657132148742676, 0.17003831267356873, 0.14991086721420288, 0.13358193635940552, 0.12102397531270981, 0.11127909272909164, 0.10285422205924988, 0.09513315558433533, 0.08876293897628784, 0.08229938894510269], "baseline_no_transfer_learning_base_accuracy": [0.9276041388511658, 0.9471353888511658, 0.953125, 0.957812488079071, 0.9620659947395325, 0.9658854007720947, 0.967968761920929, 0.9699652791023254, 0.9721354246139526, 0.9748263955116272], "baseline_no_transfer_learning_base_val_loss": [2.172092914581299, 1.7977105379104614, 1.712079644203186, 1.1128382682800293, 0.9546179175376892, 1.0318595170974731, 0.9406383037567139, 0.8770482540130615, 0.9541745185852051, 0.9150078296661377], "baseline_no_transfer_learning_base_val_accuracy": [0.5265957713127136, 0.5319148898124695, 0.5319148898124695, 0.5771276354789734, 0.6117021441459656, 0.6063829660415649, 0.6622340679168701, 0.6994680762290955, 0.6781914830207825, 0.7047872543334961]}