{"ensemble_loss": [0.588059663772583, 0.456472247838974, 0.3896031677722931, 0.3487350642681122, 0.32039573788642883, 0.2985970377922058, 0.28062155842781067, 0.2652961313724518, 0.2520767152309418, 0.24059048295021057], "ensemble_accuracy": [0.625, 0.84375, 0.8882812261581421, 0.9007812738418579, 0.914843738079071, 0.922656238079071, 0.9296875, 0.9390624761581421, 0.9453125, 0.9476562738418579], "ensemble_val_loss": [0.48903074860572815, 0.3813329339027405, 0.3292948603630066, 0.3016808331012726, 0.2838596999645233, 0.2712443768978119, 0.26094621419906616, 0.25135502219200134, 0.24269454181194305, 0.23474366962909698], "ensemble_val_accuracy": [0.8809523582458496, 0.9523809552192688, 0.9523809552192688, 0.9523809552192688, 0.9523809552192688, 0.9523809552192688, 0.9523809552192688, 0.9523809552192688, 0.9523809552192688, 0.9523809552192688], "ensemble_no_transfer_learning_ensemble_loss": [0.437872976064682, 0.29593923687934875, 0.23112723231315613, 0.18660995364189148, 0.1541692614555359, 0.13066168129444122, 0.11267076432704926, 0.09850219637155533, 0.08710135519504547, 0.07816527038812637], "ensemble_no_transfer_learning_ensemble_accuracy": [0.7945312261581421, 0.8890625238418579, 0.94140625, 0.971875011920929, 0.981249988079071, 0.983593761920929, 0.985156238079071, 0.98828125, 0.9906250238418579, 0.991406261920929], "ensemble_no_transfer_learning_ensemble_val_loss": [0.6811671257019043, 0.674826979637146, 0.676305890083313, 0.6851848363876343, 0.7013720273971558, 0.7246356010437012, 0.7616888284683228, 0.8120224475860596, 0.8868168592453003, 0.9174409508705139], "ensemble_no_transfer_learning_ensemble_val_accuracy": [0.523809552192688, 0.523809552192688, 0.523809552192688, 0.523809552192688, 0.523809552192688, 0.523809552192688, 0.523809552192688, 0.523809552192688, 0.523809552192688, 0.523809552192688]}