{"ensemble_loss": [0.7550951838493347, 0.5564330220222473, 0.49401775002479553, 0.46096736192703247, 0.4404558837413788, 0.42598894238471985, 0.41497859358787537, 0.4060220718383789, 0.39851346611976624, 0.3920411765575409], "ensemble_accuracy": [0.7254166603088379, 0.8241666555404663, 0.8291666507720947, 0.8318750262260437, 0.8385416865348816, 0.8418750166893005, 0.8454166650772095, 0.8485416769981384, 0.8512499928474426, 0.8525000214576721], "ensemble_val_loss": [0.7476056814193726, 0.5453951358795166, 0.4697399139404297, 0.43669310212135315, 0.4181085526943207, 0.40725502371788025, 0.4006682336330414, 0.3960017263889313, 0.3927411437034607, 0.39013779163360596], "ensemble_val_accuracy": [0.6315789222717285, 0.7631579041481018, 0.8486841917037964, 0.875, 0.8618420958518982, 0.8552631735801697, 0.8552631735801697, 0.8684210777282715, 0.8684210777282715, 0.8684210777282715], "ensemble_no_transfer_learning_ensemble_loss": [0.5894902348518372, 0.43180596828460693, 0.40537524223327637, 0.3921155035495758, 0.3798846900463104, 0.3711332380771637, 0.36319997906684875, 0.3575860857963562, 0.3522176742553711, 0.3474684953689575], "ensemble_no_transfer_learning_ensemble_accuracy": [0.809583306312561, 0.8349999785423279, 0.8422916531562805, 0.8443750143051147, 0.8475000262260437, 0.8489583134651184, 0.8522916436195374, 0.8518750071525574, 0.8543750047683716, 0.8554166555404663], "ensemble_no_transfer_learning_ensemble_val_loss": [1.552090048789978, 1.9915958642959595, 1.971142053604126, 0.9606067538261414, 0.3896520137786865, 0.33786913752555847, 0.31312277913093567, 0.32681700587272644, 0.3339604139328003, 0.33465778827667236], "ensemble_no_transfer_learning_ensemble_val_accuracy": [0.32894736528396606, 0.32894736528396606, 0.7171052694320679, 0.7171052694320679, 0.8552631735801697, 0.9013158082962036, 0.875, 0.9013158082962036, 0.9013158082962036, 0.8552631735801697]}