{"ensemble_loss": [1.0588618516921997, 0.8976055979728699, 0.8213975429534912, 0.771291196346283, 0.7339826822280884, 0.7047223448753357, 0.6808311343193054, 0.6603012681007385, 0.6420979499816895, 0.6255094408988953], "ensemble_accuracy": [0.36812499165534973, 0.5737500190734863, 0.65625, 0.6893749833106995, 0.7256249785423279, 0.7487499713897705, 0.7599999904632568, 0.7674999833106995, 0.7774999737739563, 0.7893750071525574], "ensemble_val_loss": [0.9621449708938599, 0.8942187428474426, 0.8398970365524292, 0.7992048263549805, 0.7640851736068726, 0.7317643165588379, 0.7042630314826965, 0.6802482008934021, 0.6586614847183228, 0.6393192410469055], "ensemble_val_accuracy": [0.4716981053352356, 0.5471698045730591, 0.5471698045730591, 0.5660377144813538, 0.5660377144813538, 0.6037735939025879, 0.6037735939025879, 0.6037735939025879, 0.7735849022865295, 0.7924528121948242], "ensemble_no_transfer_learning_ensemble_loss": [0.899629533290863, 0.7360741496086121, 0.6345440149307251, 0.5588436722755432, 0.49898311495780945, 0.44969311356544495, 0.40877315402030945, 0.3752201795578003, 0.34736987948417664, 0.32301729917526245], "ensemble_no_transfer_learning_ensemble_accuracy": [0.6200000047683716, 0.7337499856948853, 0.796875, 0.846875011920929, 0.8712499737739563, 0.8899999856948853, 0.8993750214576721, 0.9100000262260437, 0.9162499904632568, 0.925000011920929], "ensemble_no_transfer_learning_ensemble_val_loss": [1.0953598022460938, 1.1189303398132324, 1.2827260494232178, 1.5361677408218384, 1.8058160543441772, 2.0653302669525146, 2.3085427284240723, 2.4831345081329346, 2.4485790729522705, 2.178582191467285], "ensemble_no_transfer_learning_ensemble_val_accuracy": [0.37735849618911743, 0.37735849618911743, 0.37735849618911743, 0.37735849618911743, 0.37735849618911743, 0.37735849618911743, 0.37735849618911743, 0.37735849618911743, 0.37735849618911743, 0.37735849618911743]}