{"ensemble_loss": [1.6779727935791016, 1.4510525465011597, 1.3555750846862793, 1.2960500717163086, 1.2530757188796997, 1.2188302278518677, 1.1902577877044678, 1.1651593446731567, 1.1430174112319946, 1.1230329275131226], "ensemble_accuracy": [0.4856547713279724, 0.6010119318962097, 0.6383631229400635, 0.6602678298950195, 0.6737202405929565, 0.6832737922668457, 0.6909226179122925, 0.6967559456825256, 0.7026190757751465, 0.7077381014823914], "ensemble_val_loss": [1.497897982597351, 1.3647395372390747, 1.2938569784164429, 1.2438299655914307, 1.2062041759490967, 1.174125075340271, 1.1460341215133667, 1.1241753101348877, 1.1032308340072632, 1.0855650901794434], "ensemble_val_accuracy": [0.5660714507102966, 0.6410714387893677, 0.6535714268684387, 0.6660714149475098, 0.6875, 0.6946428418159485, 0.7044642567634583, 0.7116071581840515, 0.7151785492897034, 0.7285714149475098], "ensemble_no_transfer_learning_ensemble_loss": [1.4009774923324585, 1.1131879091262817, 0.9941191077232361, 0.917242169380188, 0.8597776293754578, 0.8102593421936035, 0.7697789669036865, 0.7354767322540283, 0.7058932781219482, 0.67967689037323], "ensemble_no_transfer_learning_ensemble_accuracy": [0.5843750238418579, 0.681071400642395, 0.7184821367263794, 0.7448809742927551, 0.7623809576034546, 0.7754166722297668, 0.7892857193946838, 0.8036309480667114, 0.8165476322174072, 0.8268154859542847], "ensemble_no_transfer_learning_ensemble_val_loss": [1.2434364557266235, 1.198159098625183, 1.1089450120925903, 1.1383283138275146, 0.9461301565170288, 0.8838648200035095, 0.8263154029846191, 0.8141612410545349, 0.7818706035614014, 0.7787467241287231], "ensemble_no_transfer_learning_ensemble_val_accuracy": [0.5642856955528259, 0.53125, 0.5678571462631226, 0.5517857074737549, 0.6714285612106323, 0.7116071581840515, 0.7642857432365417, 0.7848214507102966, 0.8276785612106323, 0.7982142567634583]}