{"ensemble_loss": [0.899629533290863, 0.7360741496086121, 0.6345440149307251, 0.5588436722755432, 0.49898311495780945, 0.44969311356544495, 0.40877315402030945, 0.3752201795578003, 0.34736987948417664, 0.32301729917526245], "ensemble_accuracy": [0.6200000047683716, 0.7337499856948853, 0.796875, 0.846875011920929, 0.8712499737739563, 0.8899999856948853, 0.8993750214576721, 0.9100000262260437, 0.9162499904632568, 0.925000011920929], "ensemble_val_loss": [1.0953598022460938, 1.1189303398132324, 1.2827260494232178, 1.5361677408218384, 1.8058160543441772, 2.0653302669525146, 2.3085427284240723, 2.4831345081329346, 2.4485790729522705, 2.178582191467285], "ensemble_val_accuracy": [0.37735849618911743, 0.37735849618911743, 0.37735849618911743, 0.37735849618911743, 0.37735849618911743, 0.37735849618911743, 0.37735849618911743, 0.37735849618911743, 0.37735849618911743, 0.37735849618911743]}