{"ensemble_loss": [0.825110137462616, 0.6965254545211792, 0.6711808443069458, 0.6588141918182373, 0.6507974863052368, 0.6448025703430176, 0.6399128437042236, 0.6357462406158447, 0.6320602893829346, 0.6287311315536499], "ensemble_accuracy": [0.629807710647583, 0.6944711804389954, 0.6978365182876587, 0.7026442289352417, 0.7028846144676208, 0.7021634578704834, 0.7040865421295166, 0.7043269276618958, 0.7043269276618958, 0.7043269276618958], "ensemble_val_loss": [0.748315691947937, 0.7127742171287537, 0.698102593421936, 0.6878556609153748, 0.6824561953544617, 0.6780382990837097, 0.6749889254570007, 0.6722540259361267, 0.6699885129928589, 0.6685333847999573], "ensemble_val_accuracy": [0.6762589812278748, 0.6690647602081299, 0.6618704795837402, 0.6762589812278748, 0.6762589812278748, 0.7194244861602783, 0.7410072088241577, 0.7482014298439026, 0.7482014298439026, 0.7482014298439026], "ensemble_no_transfer_learning_ensemble_loss": [0.7053762674331665, 0.6265047788619995, 0.6120410561561584, 0.5995104908943176, 0.5864236950874329, 0.5731477737426758, 0.5596305727958679, 0.5457704067230225, 0.5314260721206665, 0.5154113173484802], "ensemble_no_transfer_learning_ensemble_accuracy": [0.7038461565971375, 0.720432698726654, 0.7310096025466919, 0.7372596263885498, 0.7456730604171753, 0.7528846263885498, 0.7586538195610046, 0.7675480842590332, 0.7769230604171753, 0.7896634340286255], "ensemble_no_transfer_learning_ensemble_val_loss": [1.331244707107544, 2.186110734939575, 2.2359061241149902, 1.5601553916931152, 1.0811539888381958, 0.9116020202636719, 0.8628973364830017, 0.8873003125190735, 0.8063826560974121, 0.8077571988105774], "ensemble_no_transfer_learning_ensemble_val_accuracy": [0.3525179922580719, 0.3525179922580719, 0.3525179922580719, 0.35971224308013916, 0.6258992552757263, 0.6258992552757263, 0.6402877569198608, 0.633093535900116, 0.633093535900116, 0.633093535900116]}