{"ensemble_loss": [2.0593931674957275, 1.8252278566360474, 1.720859169960022, 1.6531651020050049, 1.6034809350967407, 1.5638033151626587, 1.5305302143096924, 1.5010744333267212, 1.4741102457046509, 1.4492814540863037], "ensemble_accuracy": [0.30781251192092896, 0.4733072817325592, 0.5249999761581421, 0.551953136920929, 0.5726562738418579, 0.5908854007720947, 0.6014322638511658, 0.6098958253860474, 0.6123697757720947, 0.616406261920929], "ensemble_val_loss": [2.0098679065704346, 1.8862462043762207, 1.8164671659469604, 1.7679208517074585, 1.7306456565856934, 1.7009427547454834, 1.6750454902648926, 1.652363896369934, 1.6307597160339355, 1.6111476421356201], "ensemble_val_accuracy": [0.23999999463558197, 0.3799999952316284, 0.4519999921321869, 0.47600001096725464, 0.5040000081062317, 0.492000013589859, 0.515999972820282, 0.5080000162124634, 0.5080000162124634, 0.515999972820282], "ensemble_no_transfer_learning_ensemble_loss": [1.77700936794281, 1.466632604598999, 1.322777509689331, 1.2245303392410278, 1.1456636190414429, 1.0789563655853271, 1.020406723022461, 0.9681044816970825, 0.9207610487937927, 0.8777690529823303], "ensemble_no_transfer_learning_ensemble_accuracy": [0.44869792461395264, 0.5923177003860474, 0.6440104246139526, 0.680859386920929, 0.7035156488418579, 0.7264322638511658, 0.7457031011581421, 0.7654947638511658, 0.7833333611488342, 0.795703113079071], "ensemble_no_transfer_learning_ensemble_val_loss": [2.293830633163452, 1.821649193763733, 1.3966234922409058, 1.2568244934082031, 1.1778587102890015, 1.1184593439102173, 1.0771207809448242, 1.0379986763000488, 1.0013216733932495, 0.979033350944519], "ensemble_no_transfer_learning_ensemble_val_accuracy": [0.17599999904632568, 0.30799999833106995, 0.5440000295639038, 0.6399999856948853, 0.6840000152587891, 0.6959999799728394, 0.6959999799728394, 0.699999988079071, 0.7360000014305115, 0.7279999852180481]}