{"baseline_loss": [0.9633373022079468, 0.5303564667701721, 0.4024046063423157, 0.31784433126449585, 0.26678234338760376, 0.24453245103359222, 0.20492766797542572, 0.17768338322639465, 0.17932486534118652, 0.16308557987213135], "baseline_accuracy": [0.5042613744735718, 0.6528409123420715, 0.8389204740524292, 0.9161931872367859, 0.9536932110786438, 0.9582386612892151, 0.9727272987365723, 0.9784091114997864, 0.9735795259475708, 0.9744318127632141], "baseline_val_loss": [0.8976998925209045, 0.5761537551879883, 0.4015587866306305, 0.28193527460098267, 0.2550467252731323, 0.2068539708852768, 0.1840328723192215, 0.17351192235946655, 0.15133987367153168, 0.13318374752998352], "baseline_val_accuracy": [0.5575221180915833, 0.5663716793060303, 0.76106196641922, 0.9203540086746216, 0.9292035102844238, 0.991150438785553, 0.9646017551422119, 0.9646017551422119, 1.0, 1.0], "baseline_no_transfer_learning_base_loss": [0.512615442276001, 0.36838898062705994, 0.2958240807056427, 0.2525385320186615, 0.22301143407821655, 0.20166058838367462, 0.19032837450504303, 0.17333859205245972, 0.15846377611160278, 0.1492415815591812], "baseline_no_transfer_learning_base_accuracy": [0.7801136374473572, 0.8860795497894287, 0.9048295617103577, 0.9147727489471436, 0.9269886612892151, 0.9318181872367859, 0.9380682110786438, 0.9454545378684998, 0.9517045617103577, 0.9559659361839294], "baseline_no_transfer_learning_base_val_loss": [0.7023122906684875, 1.0846198797225952, 1.4312729835510254, 1.2224342823028564, 0.6063660979270935, 0.18884879350662231, 0.11005604267120361, 0.09033532440662384, 0.0807555615901947, 0.08922507613897324], "baseline_no_transfer_learning_base_val_accuracy": [0.5752212405204773, 0.5752212405204773, 0.5752212405204773, 0.5752212405204773, 0.6991150379180908, 0.9115044474601746, 0.982300877571106, 1.0, 0.982300877571106, 1.0]}