{"baseline_loss": [0.5615341067314148, 0.4774855971336365, 0.4389224350452423, 0.4255121946334839, 0.40648555755615234, 0.39228349924087524, 0.3814561665058136, 0.37305429577827454, 0.3629896640777588, 0.3626129627227783], "baseline_accuracy": [0.7778273820877075, 0.8358631134033203, 0.8477678298950195, 0.847470223903656, 0.8528273701667786, 0.8504464030265808, 0.8592261672019958, 0.8629464507102966, 0.8702380657196045, 0.8680059313774109], "baseline_val_loss": [0.5150392055511475, 0.4620930254459381, 0.42777594923973083, 0.415143758058548, 0.40728825330734253, 0.39697834849357605, 0.38730159401893616, 0.38631436228752136, 0.37787508964538574, 0.3712154030799866], "baseline_val_accuracy": [0.7892376780509949, 0.8026905655860901, 0.878923773765564, 0.8385650515556335, 0.8385650515556335, 0.8430493474006653, 0.865470826625824, 0.8430493474006653, 0.865470826625824, 0.8834080696105957], "baseline_no_transfer_learning_base_loss": [0.6392734050750732, 0.54085773229599, 0.48674270510673523, 0.456076979637146, 0.4321688413619995, 0.4123525321483612, 0.40080374479293823, 0.3881380259990692, 0.37996000051498413, 0.3673322796821594], "baseline_no_transfer_learning_base_accuracy": [0.6543154716491699, 0.7566964030265808, 0.7830356955528259, 0.7938988208770752, 0.8117559552192688, 0.8209821581840515, 0.8261904716491699, 0.8339285850524902, 0.8370535969734192, 0.8441964387893677], "baseline_no_transfer_learning_base_val_loss": [2.272426128387451, 5.808565139770508, 2.4889938831329346, 0.5649141073226929, 0.3915467858314514, 0.3657964766025543, 0.42620617151260376, 0.6388243436813354, 0.4581001102924347, 0.6050882935523987], "baseline_no_transfer_learning_base_val_accuracy": [0.5515695214271545, 0.5515695214271545, 0.5515695214271545, 0.6547085046768188, 0.8609865307807922, 0.8565022349357605, 0.7847533822059631, 0.6681614518165588, 0.7623318433761597, 0.6995515823364258]}