{"base_loss": [0.5602520704269409, 0.5228173136711121, 0.5061429738998413, 0.4947555959224701, 0.486289918422699, 0.4790114462375641, 0.473043829202652, 0.46793246269226074, 0.4629078805446625, 0.45844268798828125], "base_accuracy": [0.7171875238418579, 0.733593761920929, 0.7445312738418579, 0.751171886920929, 0.7554687261581421, 0.758984386920929, 0.7632812261581421, 0.7671874761581421, 0.768359363079071, 0.772265613079071], "base_val_loss": [0.6727628707885742, 0.6528885960578918, 0.617441713809967, 0.5791918039321899, 0.558578372001648, 0.5593560338020325, 0.5751144886016846, 0.5888749957084656, 0.6057841777801514, 0.6170116066932678], "base_val_accuracy": [0.6585366129875183, 0.6341463327407837, 0.6829268336296082, 0.6829268336296082, 0.6951219439506531, 0.7195122241973877, 0.7195122241973877, 0.6951219439506531, 0.707317054271698, 0.707317054271698]}