{"baseline_loss": [1.9734480381011963, 1.7503740787506104, 1.6707613468170166, 1.6288983821868896, 1.586371660232544, 1.558226227760315, 1.5421700477600098, 1.5201103687286377, 1.509049654006958, 1.4850800037384033], "baseline_accuracy": [0.20878906548023224, 0.31718748807907104, 0.361328125, 0.37812501192092896, 0.39921873807907104, 0.40312498807907104, 0.4095703065395355, 0.4332031309604645, 0.4410156309604645, 0.4419921934604645], "baseline_val_loss": [2.098736047744751, 1.907423734664917, 1.8432344198226929, 1.8354982137680054, 1.7452237606048584, 1.7228108644485474, 1.7293821573257446, 1.7063883543014526, 1.7551873922348022, 1.6735131740570068], "baseline_val_accuracy": [0.10429447889328003, 0.1840490847826004, 0.23926380276679993, 0.2822085916996002, 0.33742332458496094, 0.38650307059288025, 0.2822085916996002, 0.2699386477470398, 0.2822085916996002, 0.2638036906719208], "baseline_no_transfer_learning_base_loss": [1.9046356678009033, 1.8490409851074219, 1.8101091384887695, 1.7306007146835327, 1.6203628778457642, 1.5141878128051758, 1.4416974782943726, 1.4111764430999756, 1.3810234069824219, 1.354079246520996], "baseline_no_transfer_learning_base_accuracy": [0.2109375, 0.2601562440395355, 0.2925781309604645, 0.3466796875, 0.3775390684604645, 0.4281249940395355, 0.4703125059604645, 0.4847656190395355, 0.4917968809604645, 0.5082031488418579], "baseline_no_transfer_learning_base_val_loss": [1.9507534503936768, 2.1031036376953125, 2.0403025150299072, 1.8371624946594238, 3.5683631896972656, 3.9176576137542725, 1.5556143522262573, 2.4469542503356934, 2.4550342559814453, 1.6733413934707642], "baseline_no_transfer_learning_base_val_accuracy": [0.2269938588142395, 0.1840490847826004, 0.1779141128063202, 0.33128833770751953, 0.11042945086956024, 0.11042945086956024, 0.3987730145454407, 0.11042945086956024, 0.12883435189723969, 0.2822085916996002]}