{"ensemble_loss": [0.5484142899513245, 0.4603949189186096, 0.4304015040397644, 0.4126468598842621, 0.40016821026802063, 0.3903809189796448, 0.38226553797721863, 0.3752647340297699, 0.3689734637737274, 0.3632505536079407], "ensemble_accuracy": [0.7471725940704346, 0.811904788017273, 0.8254464268684387, 0.8339285850524902, 0.8389880657196045, 0.8425595164299011, 0.8449404835700989, 0.8471726179122925, 0.8497023582458496, 0.8517857193946838], "ensemble_val_loss": [0.5834873914718628, 0.513869047164917, 0.4902523159980774, 0.4776625633239746, 0.46852579712867737, 0.46095481514930725, 0.4548247754573822, 0.44951778650283813, 0.44492506980895996, 0.4408852458000183], "ensemble_val_accuracy": [0.6255707740783691, 0.7625570893287659, 0.7945205569267273, 0.8082191944122314, 0.8036529421806335, 0.8036529421806335, 0.8036529421806335, 0.8173515796661377, 0.8173515796661377, 0.8173515796661377], "ensemble_no_transfer_learning_ensemble_loss": [0.4678003489971161, 0.37365272641181946, 0.3466334640979767, 0.3286152184009552, 0.3129836618900299, 0.2983429729938507, 0.2854982912540436, 0.27233657240867615, 0.2603718042373657, 0.25007227063179016], "ensemble_no_transfer_learning_ensemble_accuracy": [0.7979166507720947, 0.8440476059913635, 0.854315459728241, 0.8620535731315613, 0.8669642806053162, 0.8697916865348816, 0.8721725940704346, 0.8773809671401978, 0.8812500238418579, 0.8848214149475098], "ensemble_no_transfer_learning_ensemble_val_loss": [2.2512316703796387, 2.202019214630127, 0.9297525882720947, 0.6895362734794617, 0.7149207592010498, 0.5446021556854248, 0.49384039640426636, 0.4506325125694275, 0.4266568422317505, 0.42200300097465515], "ensemble_no_transfer_learning_ensemble_val_accuracy": [0.4611872136592865, 0.4611872136592865, 0.4885844886302948, 0.6575342416763306, 0.6255707740783691, 0.77625572681427, 0.7808219194412231, 0.8082191944122314, 0.8082191944122314, 0.8173515796661377]}