{"base_loss": [0.47897398471832275, 0.37701261043548584, 0.34336569905281067, 0.31713756918907166, 0.29474368691444397, 0.2737765610218048, 0.2551075518131256, 0.23801665008068085, 0.22211603820323944, 0.20795531570911407], "base_accuracy": [0.8182500004768372, 0.8541250228881836, 0.866937518119812, 0.8776249885559082, 0.8883749842643738, 0.9003124833106995, 0.9091874957084656, 0.9199374914169312, 0.9282500147819519, 0.9341250061988831], "base_val_loss": [0.6651743054389954, 0.5231152176856995, 0.5017968416213989, 0.47762158513069153, 0.4628107249736786, 0.4201542139053345, 0.4987700581550598, 1.0699291229248047, 1.2234870195388794, 1.9678971767425537], "base_val_accuracy": [0.7291666865348816, 0.7367424368858337, 0.7651515007019043, 0.7916666865348816, 0.7973484992980957, 0.8295454382896423, 0.7424242496490479, 0.6193181872367859, 0.6193181872367859, 0.6060606241226196]}