{"baseline_loss": [2.553159236907959, 1.8845185041427612, 1.58907949924469, 1.3917827606201172, 1.2603788375854492, 1.1619703769683838, 1.0744715929031372, 1.0105637311935425, 0.9532803297042847, 0.9058982133865356], "baseline_accuracy": [0.350169837474823, 0.5057178735733032, 0.5614923238754272, 0.6057178378105164, 0.6377830505371094, 0.6578464508056641, 0.6828011870384216, 0.696942925453186, 0.7138699889183044, 0.7270606756210327], "baseline_val_loss": [2.149456262588501, 1.8117886781692505, 1.5505579710006714, 1.429720401763916, 1.372059941291809, 1.2972705364227295, 1.2393180131912231, 1.2550169229507446, 1.2010234594345093, 1.133152723312378], "baseline_val_accuracy": [0.46523517370224, 0.476482629776001, 0.5490797758102417, 0.5954328775405884, 0.5971370339393616, 0.6080436110496521, 0.6172460913658142, 0.5927062034606934, 0.601567804813385, 0.6400818228721619]}