{"ensemble_loss": [2.2541961669921875, 2.0013530254364014, 1.8756885528564453, 1.7902356386184692, 1.724281668663025, 1.6704740524291992, 1.6255933046340942, 1.5870475769042969, 1.5529985427856445, 1.522387981414795], "ensemble_accuracy": [0.3254934251308441, 0.45625001192092896, 0.5141447186470032, 0.5577302575111389, 0.59375, 0.6189144849777222, 0.6393092274665833, 0.6498355269432068, 0.6605263352394104, 0.6733552813529968], "ensemble_val_loss": [2.112558126449585, 1.9633549451828003, 1.8704569339752197, 1.8059632778167725, 1.7553707361221313, 1.7129629850387573, 1.6773213148117065, 1.6462899446487427, 1.6186729669570923, 1.5938999652862549], "ensemble_val_accuracy": [0.3333333432674408, 0.41025641560554504, 0.4512820541858673, 0.49743589758872986, 0.5179487466812134, 0.528205156326294, 0.5538461804389954, 0.5897436141967773, 0.6256410479545593, 0.6358974575996399], "ensemble_no_transfer_learning_ensemble_loss": [1.9100587368011475, 1.5646107196807861, 1.391108512878418, 1.2646450996398926, 1.1618599891662598, 1.0772581100463867, 1.0059903860092163, 0.9450781345367432, 0.8922557830810547, 0.8458293676376343], "ensemble_no_transfer_learning_ensemble_accuracy": [0.49884867668151855, 0.6402960419654846, 0.703125, 0.7480263113975525, 0.7754934430122375, 0.7991776466369629, 0.8180921077728271, 0.8343750238418579, 0.8503289222717285, 0.8641447424888611], "ensemble_no_transfer_learning_ensemble_val_loss": [2.470407247543335, 2.1138248443603516, 1.5628867149353027, 1.3212635517120361, 1.2319287061691284, 1.1772102117538452, 1.1309236288070679, 1.0899693965911865, 1.0544164180755615, 1.0245004892349243], "ensemble_no_transfer_learning_ensemble_val_accuracy": [0.15897436439990997, 0.20000000298023224, 0.5641025900840759, 0.6769230961799622, 0.6871795058250427, 0.6410256624221802, 0.6512820720672607, 0.6410256624221802, 0.656410276889801, 0.6615384817123413]}