{"ensemble_loss": [1.4069358110427856, 1.1477965116500854, 1.044318437576294, 0.9811797142028809, 0.9372699856758118, 0.9039247632026672, 0.877285361289978, 0.8551809787750244, 0.8363873958587646, 0.8200363516807556], "ensemble_accuracy": [0.5335416793823242, 0.6104166507720947, 0.6304166913032532, 0.6445833444595337, 0.653124988079071, 0.6585416793823242, 0.6643750071525574, 0.6706249713897705, 0.6762499809265137, 0.6793749928474426], "ensemble_val_loss": [1.359867811203003, 1.1809543371200562, 1.0832419395446777, 1.0206201076507568, 0.9755181670188904, 0.9406221508979797, 0.9134666919708252, 0.8920778036117554, 0.8748859763145447, 0.860417902469635], "ensemble_val_accuracy": [0.45394736528396606, 0.5921052694320679, 0.625, 0.6710526347160339, 0.7039473652839661, 0.7236841917037964, 0.6973684430122375, 0.7105262875556946, 0.7236841917037964, 0.7105262875556946], "ensemble_no_transfer_learning_ensemble_loss": [1.1693602800369263, 0.8620806932449341, 0.7712279558181763, 0.7189583778381348, 0.6796109080314636, 0.644269585609436, 0.6145893931388855, 0.5888694524765015, 0.5662773251533508, 0.5470718145370483], "ensemble_no_transfer_learning_ensemble_accuracy": [0.5952083468437195, 0.6654166579246521, 0.684166669845581, 0.6991666555404663, 0.7114583253860474, 0.7229166626930237, 0.7325000166893005, 0.7391666769981384, 0.7450000047683716, 0.7510416507720947], "ensemble_no_transfer_learning_ensemble_val_loss": [2.2343389987945557, 3.9952714443206787, 4.0673723220825195, 2.2787227630615234, 1.1234911680221558, 0.8678950071334839, 0.8337633013725281, 0.8188332915306091, 0.7943835854530334, 0.7789419889450073], "ensemble_no_transfer_learning_ensemble_val_accuracy": [0.19078947603702545, 0.19078947603702545, 0.31578946113586426, 0.28947368264198303, 0.5065789222717285, 0.5986841917037964, 0.6315789222717285, 0.6381579041481018, 0.6447368264198303, 0.6710526347160339]}