{"ensemble_loss": [1.5166689157485962, 1.3081485033035278, 1.2217050790786743, 1.1662931442260742, 1.1245061159133911, 1.0912182331085205, 1.063676357269287, 1.040098786354065, 1.0197826623916626, 1.0018987655639648], "ensemble_accuracy": [0.4579326808452606, 0.5120192170143127, 0.5473557710647583, 0.5807692408561707, 0.5935096144676208, 0.6040865182876587, 0.6115384697914124, 0.6165865659713745, 0.6245192289352417, 0.6276442408561707], "ensemble_val_loss": [1.3577903509140015, 1.2585759162902832, 1.21184241771698, 1.1805038452148438, 1.1553728580474854, 1.1352128982543945, 1.1179841756820679, 1.1049778461456299, 1.094751000404358, 1.0856568813323975], "ensemble_val_accuracy": [0.4592592716217041, 0.4296296238899231, 0.46666666865348816, 0.5185185074806213, 0.5629629492759705, 0.5629629492759705, 0.5481481552124023, 0.5481481552124023, 0.5185185074806213, 0.5111111402511597], "ensemble_no_transfer_learning_ensemble_loss": [1.22474205493927, 0.9564701318740845, 0.8717501163482666, 0.8196702003479004, 0.777714192867279, 0.7388064861297607, 0.6994596719741821, 0.6627506613731384, 0.6296384334564209, 0.5988578200340271], "ensemble_no_transfer_learning_ensemble_accuracy": [0.5334134697914124, 0.6213942170143127, 0.6538461446762085, 0.6819711327552795, 0.7055288553237915, 0.7278845906257629, 0.7502403855323792, 0.7725961804389954, 0.7908653616905212, 0.8074519038200378], "ensemble_no_transfer_learning_ensemble_val_loss": [2.107438325881958, 2.9127676486968994, 2.7021589279174805, 1.7114415168762207, 1.1210206747055054, 0.9775843024253845, 0.9573293924331665, 0.9652506709098816, 0.9656591415405273, 0.9672439098358154], "ensemble_no_transfer_learning_ensemble_val_accuracy": [0.17037037014961243, 0.17037037014961243, 0.34074074029922485, 0.3481481373310089, 0.5333333611488342, 0.6518518328666687, 0.6814814805984497, 0.6666666865348816, 0.6222222447395325, 0.6370370388031006]}