{"ensemble_loss": [0.738066554069519, 0.33555880188941956, 0.23938176035881042, 0.18775376677513123, 0.1343774050474167, 0.0969916433095932, 0.077085942029953, 0.06300825625658035, 0.052550189197063446, 0.04450352489948273], "ensemble_accuracy": [0.9234374761581421, 0.9829427003860474, 0.987500011920929, 0.9897135496139526, 0.9904947876930237, 0.9923177361488342, 0.9930989742279053, 0.994140625, 0.994921863079071, 0.9959635138511658], "ensemble_val_loss": [1.9395205974578857, 1.2755974531173706, 0.29567116498947144, 0.15669657289981842, 0.10218070447444916, 0.08078397065401077, 0.06415507942438126, 0.05872473493218422, 0.048691798001527786, 0.047791820019483566], "ensemble_val_accuracy": [0.14509804546833038, 0.5882353186607361, 0.9764705896377563, 0.9960784316062927, 0.9960784316062927, 0.9960784316062927, 0.9960784316062927, 0.9960784316062927, 0.9960784316062927, 0.9960784316062927]}