{"ensemble_loss": [3.2178733348846436, 3.0377252101898193, 2.919013738632202, 2.8259615898132324, 2.7555365562438965, 2.698866367340088, 2.6505866050720215, 2.6087489128112793, 2.5713229179382324, 2.5380918979644775], "ensemble_accuracy": [0.11171875149011612, 0.23320312798023224, 0.2972656190395355, 0.31953126192092896, 0.36210936307907104, 0.38749998807907104, 0.39726561307907104, 0.4124999940395355, 0.427734375, 0.4390625059604645], "ensemble_val_loss": [3.2207095623016357, 3.08400297164917, 2.990666627883911, 2.9206793308258057, 2.8725876808166504, 2.830122947692871, 2.7939977645874023, 2.7588412761688232, 2.725992441177368, 2.6978344917297363], "ensemble_val_accuracy": [0.12941177189350128, 0.1411764770746231, 0.2235294133424759, 0.25882354378700256, 0.25882354378700256, 0.29411765933036804, 0.3176470696926117, 0.3294117748737335, 0.34117648005485535, 0.34117648005485535], "ensemble_no_transfer_learning_ensemble_loss": [2.8735320568084717, 2.528289318084717, 2.3361144065856934, 2.199237108230591, 2.0917842388153076, 2.0020270347595215, 1.9266703128814697, 1.8607715368270874, 1.802037239074707, 1.7509586811065674], "ensemble_no_transfer_learning_ensemble_accuracy": [0.29179686307907104, 0.48828125, 0.595703125, 0.6519531011581421, 0.68359375, 0.703125, 0.7132812738418579, 0.7191406488418579, 0.723437488079071, 0.7289062738418579], "ensemble_no_transfer_learning_ensemble_val_loss": [3.250145673751831, 3.231710910797119, 3.167309522628784, 3.0341923236846924, 2.8408315181732178, 2.609342336654663, 2.384725332260132, 2.2043962478637695, 2.0775997638702393, 1.9860728979110718], "ensemble_no_transfer_learning_ensemble_val_accuracy": [0.03529411926865578, 0.03529411926865578, 0.05882352963089943, 0.11764705926179886, 0.16470588743686676, 0.1882352977991104, 0.43529412150382996, 0.5058823823928833, 0.5882353186607361, 0.5764706134796143]}