{"ensemble_loss": [0.5922147631645203, 0.4863322377204895, 0.4252849519252777, 0.38322266936302185, 0.34980499744415283, 0.3210219442844391, 0.2963407039642334, 0.2754723131656647, 0.2576511800289154, 0.24186302721500397], "ensemble_accuracy": [0.7752841114997864, 0.8803977370262146, 0.9079545736312866, 0.9281250238418579, 0.9443181753158569, 0.9545454382896423, 0.9613636136054993, 0.9678977131843567, 0.9715909361839294, 0.9730113744735718], "ensemble_val_loss": [0.5685501098632812, 0.47545138001441956, 0.4153226912021637, 0.3797176778316498, 0.35292893648147583, 0.3312075138092041, 0.31157538294792175, 0.29403138160705566, 0.2776414453983307, 0.26473358273506165], "ensemble_val_accuracy": [0.7168141603469849, 0.8053097128868103, 0.9026548862457275, 0.9292035102844238, 0.9380530714988708, 0.9380530714988708, 0.9380530714988708, 0.9380530714988708, 0.9469026327133179, 0.9469026327133179], "ensemble_no_transfer_learning_ensemble_loss": [0.4575614929199219, 0.25020548701286316, 0.16258005797863007, 0.12053392082452774, 0.09547798335552216, 0.08002828061580658, 0.07013823837041855, 0.06207040324807167, 0.056793712079524994, 0.051676589995622635], "ensemble_no_transfer_learning_ensemble_accuracy": [0.840624988079071, 0.9593750238418579, 0.9764204621315002, 0.9823863506317139, 0.9838067889213562, 0.9863636493682861, 0.9883522987365723, 0.9894886612892151, 0.9900568127632141, 0.9911931753158569], "ensemble_no_transfer_learning_ensemble_val_loss": [0.8069722652435303, 1.1913145780563354, 1.005368947982788, 0.5843445062637329, 0.36149027943611145, 0.3267916738986969, 0.24383486807346344, 0.17769816517829895, 0.1326313316822052, 0.14329218864440918], "ensemble_no_transfer_learning_ensemble_val_accuracy": [0.4336283206939697, 0.4336283206939697, 0.4336283206939697, 0.6725663542747498, 0.9026548862457275, 0.7964601516723633, 0.9026548862457275, 0.9115044474601746, 0.9292035102844238, 0.9380530714988708]}