{"ensemble_loss": [2.8735320568084717, 2.528289318084717, 2.3361144065856934, 2.199237108230591, 2.0917842388153076, 2.0020270347595215, 1.9266703128814697, 1.8607715368270874, 1.802037239074707, 1.7509586811065674], "ensemble_accuracy": [0.29179686307907104, 0.48828125, 0.595703125, 0.6519531011581421, 0.68359375, 0.703125, 0.7132812738418579, 0.7191406488418579, 0.723437488079071, 0.7289062738418579], "ensemble_val_loss": [3.250145673751831, 3.231710910797119, 3.167309522628784, 3.0341923236846924, 2.8408315181732178, 2.609342336654663, 2.384725332260132, 2.2043962478637695, 2.0775997638702393, 1.9860728979110718], "ensemble_val_accuracy": [0.03529411926865578, 0.03529411926865578, 0.05882352963089943, 0.11764705926179886, 0.16470588743686676, 0.1882352977991104, 0.43529412150382996, 0.5058823823928833, 0.5882353186607361, 0.5764706134796143]}