{"ensemble_loss": [3.1845505237579346, 3.0132758617401123, 2.8917744159698486, 2.8033156394958496, 2.732351779937744, 2.674128532409668, 2.6254944801330566, 2.583784580230713, 2.5472991466522217, 2.5150792598724365], "ensemble_accuracy": [0.08945312350988388, 0.224609375, 0.3070312440395355, 0.35820311307907104, 0.38671875, 0.41093748807907104, 0.4273437559604645, 0.43632811307907104, 0.45234376192092896, 0.46484375], "ensemble_val_loss": [3.146886110305786, 2.9844486713409424, 2.8729772567749023, 2.78879714012146, 2.7220733165740967, 2.664797067642212, 2.6177978515625, 2.5781028270721436, 2.5423293113708496, 2.5109500885009766], "ensemble_val_accuracy": [0.0941176488995552, 0.2235294133424759, 0.3294117748737335, 0.38823530077934265, 0.42352941632270813, 0.4000000059604645, 0.3764705955982208, 0.3764705955982208, 0.3764705955982208, 0.38823530077934265], "ensemble_no_transfer_learning_ensemble_loss": [2.8735320568084717, 2.528289318084717, 2.3361144065856934, 2.199237108230591, 2.0917842388153076, 2.0020270347595215, 1.9266703128814697, 1.8607715368270874, 1.802037239074707, 1.7509586811065674], "ensemble_no_transfer_learning_ensemble_accuracy": [0.29179686307907104, 0.48828125, 0.595703125, 0.6519531011581421, 0.68359375, 0.703125, 0.7132812738418579, 0.7191406488418579, 0.723437488079071, 0.7289062738418579], "ensemble_no_transfer_learning_ensemble_val_loss": [3.250145673751831, 3.231710910797119, 3.167309522628784, 3.0341923236846924, 2.8408315181732178, 2.609342336654663, 2.384725332260132, 2.2043962478637695, 2.0775997638702393, 1.9860728979110718], "ensemble_no_transfer_learning_ensemble_val_accuracy": [0.03529411926865578, 0.03529411926865578, 0.05882352963089943, 0.11764705926179886, 0.16470588743686676, 0.1882352977991104, 0.43529412150382996, 0.5058823823928833, 0.5882353186607361, 0.5764706134796143]}