{"base_loss": [1.589047908782959, 1.1437946557998657, 0.9442514777183533, 0.8141971826553345, 0.7220724821090698, 0.6526820063591003, 0.5973390936851501, 0.5519730448722839, 0.5138252973556519, 0.4810948073863983], "base_accuracy": [0.5197916626930237, 0.6805555820465088, 0.7520833611488342, 0.7869213223457336, 0.8098379373550415, 0.8273147940635681, 0.842129647731781, 0.8542823791503906, 0.8620370626449585, 0.8694444298744202], "base_val_loss": [2.326504707336426, 1.3075917959213257, 0.9469701647758484, 0.8250715732574463, 0.7537990212440491, 0.711348295211792, 0.6762979626655579, 0.6588574647903442, 0.6333837509155273, 0.6194589734077454], "base_val_accuracy": [0.1818181872367859, 0.6258741021156311, 0.7237762212753296, 0.7342657446861267, 0.748251736164093, 0.748251736164093, 0.748251736164093, 0.748251736164093, 0.7587412595748901, 0.7727272510528564]}