{"baseline_loss": [4.229640007019043, 3.744472026824951, 3.4328343868255615, 3.1576435565948486, 2.8973965644836426, 2.648629903793335, 2.428173303604126, 2.234302520751953, 2.0638065338134766, 1.9115129709243774], "baseline_accuracy": [0.06923077255487442, 0.14484508335590363, 0.23859508335590363, 0.3303418755531311, 0.4101228713989258, 0.47158119082450867, 0.5277243852615356, 0.5674679279327393, 0.6048611402511597, 0.6373664736747742], "baseline_val_loss": [3.9915611743927, 3.615156412124634, 3.4390130043029785, 3.1500041484832764, 3.375366449356079, 4.400844573974609, 2.464982748031616, 6.397420406341553, 4.823739051818848, 2.3426053524017334], "baseline_val_accuracy": [0.11460855603218079, 0.14931395649909973, 0.2623082995414734, 0.34140434861183167, 0.17271994054317474, 0.1476997584104538, 0.4786117970943451, 0.07506053149700165, 0.12429378181695938, 0.3712671399116516]}