{"baseline_loss": [2.6163787841796875, 2.311330556869507, 2.1263160705566406, 1.9733127355575562, 1.84391188621521, 1.7272547483444214, 1.628920316696167, 1.5461773872375488, 1.4758214950561523, 1.4044808149337769], "baseline_accuracy": [0.22378471493721008, 0.35804396867752075, 0.42060184478759766, 0.46915510296821594, 0.5141203999519348, 0.5560764074325562, 0.574131965637207, 0.5978009104728699, 0.6160300970077515, 0.6358217597007751], "baseline_val_loss": [2.5513081550598145, 2.2292418479919434, 2.0803353786468506, 1.9274940490722656, 1.793019413948059, 1.6829895973205566, 1.5931166410446167, 1.5435841083526611, 1.4558252096176147, 1.4425147771835327], "baseline_val_accuracy": [0.2229965180158615, 0.350174218416214, 0.45470383763313293, 0.4982578456401825, 0.5139372944831848, 0.5522648096084595, 0.5435540080070496, 0.5174216032028198, 0.5871080160140991, 0.5522648096084595]}