{"ensemble_loss": [3.136003017425537, 2.957223415374756, 2.8576204776763916, 2.786003828048706, 2.731076955795288, 2.6842856407165527, 2.6430788040161133, 2.6068313121795654, 2.5728282928466797, 2.541898488998413], "ensemble_accuracy": [0.09062500298023224, 0.19023437798023224, 0.23085936903953552, 0.28437501192092896, 0.31640625, 0.36601561307907104, 0.4124999940395355, 0.4371093809604645, 0.45585936307907104, 0.4769531190395355], "ensemble_val_loss": [3.000452995300293, 2.8736822605133057, 2.7980949878692627, 2.7427165508270264, 2.692843437194824, 2.649163246154785, 2.608098030090332, 2.57118821144104, 2.5374855995178223, 2.5069377422332764], "ensemble_val_accuracy": [0.20000000298023224, 0.3294117748737335, 0.3529411852359772, 0.4117647111415863, 0.47058823704719543, 0.48235294222831726, 0.4941176474094391, 0.48235294222831726, 0.4941176474094391, 0.5058823823928833], "ensemble_no_transfer_learning_ensemble_loss": [2.886465072631836, 2.5642685890197754, 2.3717105388641357, 2.221254348754883, 2.1047091484069824, 2.012063503265381, 1.9396536350250244, 1.8768975734710693, 1.8223527669906616, 1.7745440006256104], "ensemble_no_transfer_learning_ensemble_accuracy": [0.21914061903953552, 0.38359373807907104, 0.4945312440395355, 0.561718761920929, 0.5894531011581421, 0.610156238079071, 0.6253906488418579, 0.632031261920929, 0.6382812261581421, 0.63671875], "ensemble_no_transfer_learning_ensemble_val_loss": [3.242448091506958, 3.2451534271240234, 3.1926026344299316, 3.0755808353424072, 2.9003124237060547, 2.6947226524353027, 2.4733240604400635, 2.287416458129883, 2.1569600105285645, 2.0803940296173096], "ensemble_no_transfer_learning_ensemble_val_accuracy": [0.0470588244497776, 0.0941176488995552, 0.05882352963089943, 0.0941176488995552, 0.12941177189350128, 0.2235294133424759, 0.29411765933036804, 0.3529411852359772, 0.34117648005485535, 0.4000000059604645]}