{"ensemble_loss": [1.5881457328796387, 1.5452262163162231, 1.5176770687103271, 1.4970060586929321, 1.4802947044372559, 1.4662021398544312, 1.4538424015045166, 1.442630648612976, 1.432447910308838, 1.423080563545227], "ensemble_accuracy": [0.306534081697464, 0.4005681872367859, 0.4227272868156433, 0.4329545497894287, 0.44062501192092896, 0.4465909004211426, 0.45511364936828613, 0.4636363685131073, 0.4727272689342499, 0.48096591234207153], "ensemble_val_loss": [1.596813678741455, 1.5687741041183472, 1.5458589792251587, 1.5285248756408691, 1.5146942138671875, 1.5028736591339111, 1.4927703142166138, 1.4839050769805908, 1.4757006168365479, 1.4679328203201294], "ensemble_val_accuracy": [0.23275862634181976, 0.3448275923728943, 0.3017241358757019, 0.3534482717514038, 0.3362068831920624, 0.37931033968925476, 0.38793104887008667, 0.4137931168079376, 0.4051724076271057, 0.4051724076271057], "ensemble_no_transfer_learning_ensemble_loss": [1.5499236583709717, 1.4754561185836792, 1.423364520072937, 1.3838486671447754, 1.3489547967910767, 1.318991780281067, 1.2941272258758545, 1.2721339464187622, 1.2506967782974243, 1.2339317798614502], "ensemble_no_transfer_learning_ensemble_accuracy": [0.334090918302536, 0.4210227131843567, 0.46193182468414307, 0.47698864340782166, 0.49744316935539246, 0.5144886374473572, 0.5269886255264282, 0.5377840995788574, 0.550568163394928, 0.5599431991577148], "ensemble_no_transfer_learning_ensemble_val_loss": [1.644498586654663, 1.8305524587631226, 1.9322412014007568, 1.9132250547409058, 1.7545371055603027, 1.548932671546936, 1.4489805698394775, 1.3911356925964355, 1.3395731449127197, 1.3586699962615967], "ensemble_no_transfer_learning_ensemble_val_accuracy": [0.21551723778247833, 0.21551723778247833, 0.21551723778247833, 0.21551723778247833, 0.3103448152542114, 0.32758620381355286, 0.4137931168079376, 0.38793104887008667, 0.4051724076271057, 0.4051724076271057]}