{"baseline_loss": [3.419222354888916, 3.1390976905822754, 3.024062156677246, 2.9299938678741455, 2.8734562397003174, 2.8096418380737305, 2.7558798789978027, 2.7105088233947754, 2.6735501289367676, 2.6354875564575195], "baseline_accuracy": [0.06601562350988388, 0.10039062798023224, 0.11874999850988388, 0.15351562201976776, 0.15351562201976776, 0.16093750298023224, 0.17851562798023224, 0.18515625596046448, 0.21328124403953552, 0.22734375298023224], "baseline_val_loss": [3.2778897285461426, 3.1425681114196777, 3.037414073944092, 2.969423532485962, 2.9163689613342285, 2.88419508934021, 2.8376331329345703, 2.8136258125305176, 2.7799549102783203, 2.7568507194519043], "baseline_val_accuracy": [0.0941176488995552, 0.15294118225574493, 0.15294118225574493, 0.12941177189350128, 0.15294118225574493, 0.1764705926179886, 0.1882352977991104, 0.1764705926179886, 0.20000000298023224, 0.21176470816135406], "baseline_no_transfer_learning_base_loss": [3.046722888946533, 2.8447105884552, 2.732837200164795, 2.6483795642852783, 2.5797369480133057, 2.52030873298645, 2.465172052383423, 2.415870189666748, 2.3687665462493896, 2.3244872093200684], "baseline_no_transfer_learning_base_accuracy": [0.11249999701976776, 0.21015624701976776, 0.27851563692092896, 0.345703125, 0.3812499940395355, 0.40351563692092896, 0.4281249940395355, 0.44843751192092896, 0.4625000059604645, 0.4781250059604645], "baseline_no_transfer_learning_base_val_loss": [3.280709743499756, 3.2890591621398926, 3.275326728820801, 3.199019193649292, 3.077441453933716, 2.9351131916046143, 2.794550657272339, 2.684584617614746, 2.6131136417388916, 2.5487513542175293], "baseline_no_transfer_learning_base_val_accuracy": [0.05882352963089943, 0.0235294122248888, 0.0235294122248888, 0.0235294122248888, 0.0235294122248888, 0.15294118225574493, 0.15294118225574493, 0.23529411852359772, 0.21176470816135406, 0.21176470816135406]}