{"base_loss": [0.8050063848495483, 0.598145604133606, 0.5327810049057007, 0.4894574284553528, 0.4557574987411499, 0.4281405508518219, 0.4040054976940155, 0.38239264488220215, 0.36263352632522583, 0.3447491228580475], "base_accuracy": [0.7220394611358643, 0.8065789341926575, 0.8276315927505493, 0.8402960300445557, 0.8506578803062439, 0.8587170839309692, 0.8651315569877625, 0.8756579160690308, 0.8822368383407593, 0.8883223533630371], "base_val_loss": [1.4443421363830566, 0.9903774857521057, 0.6766906380653381, 0.5840309858322144, 0.5389860272407532, 0.5146961808204651, 0.49968117475509644, 0.4827602505683899, 0.47510677576065063, 0.4468817710876465], "base_val_accuracy": [0.29591837525367737, 0.4897959232330322, 0.7653061151504517, 0.8163265585899353, 0.831632673740387, 0.8265306353569031, 0.831632673740387, 0.8367347121238708, 0.8520408272743225, 0.8520408272743225]}