{"baseline_loss": [0.5493607521057129, 0.4851510226726532, 0.4698016047477722, 0.44746050238609314, 0.44157907366752625, 0.4296365976333618, 0.4260246753692627, 0.4141558110713959, 0.4054117202758789, 0.40312668681144714], "baseline_accuracy": [0.7405257821083069, 0.7924603223800659, 0.8020833134651184, 0.8162698149681091, 0.8171626925468445, 0.8235614895820618, 0.8239087462425232, 0.8289682269096375, 0.8319940567016602, 0.8389384746551514], "baseline_val_loss": [0.5211000442504883, 0.497528612613678, 0.4843161702156067, 0.48715564608573914, 0.4655599594116211, 0.45614370703697205, 0.44711896777153015, 0.4510366916656494, 0.4400191605091095, 0.44926169514656067], "baseline_val_accuracy": [0.7428571581840515, 0.7939849495887756, 0.795488715171814, 0.8030075430870056, 0.7924811840057373, 0.8225563764572144, 0.8120300769805908, 0.8150376081466675, 0.8135338425636292, 0.7894737124443054], "baseline_no_transfer_learning_base_loss": [0.6046677231788635, 0.5393823385238647, 0.5007098317146301, 0.4750992953777313, 0.4527214765548706, 0.43709737062454224, 0.42155927419662476, 0.4098624587059021, 0.3986530005931854, 0.38973212242126465], "baseline_no_transfer_learning_base_accuracy": [0.6633928418159485, 0.7308531999588013, 0.7603670358657837, 0.7790674567222595, 0.7937995791435242, 0.8028770089149475, 0.8135416507720947, 0.8202877044677734, 0.8276289701461792, 0.8298611044883728], "baseline_no_transfer_learning_base_val_loss": [1.0209015607833862, 0.556591272354126, 0.5780224800109863, 0.4775293469429016, 0.4799990952014923, 0.5015632510185242, 0.46029484272003174, 0.5773383975028992, 0.5623766183853149, 0.5091872811317444], "baseline_no_transfer_learning_base_val_accuracy": [0.49473685026168823, 0.7353383302688599, 0.7037593722343445, 0.7639097571372986, 0.7503759264945984, 0.7593985199928284, 0.800000011920929, 0.7383458614349365, 0.7488721609115601, 0.790977418422699]}