{"baseline_loss": [4.087456226348877, 3.7272746562957764, 3.476083993911743, 3.240567207336426, 3.0431110858917236, 2.862985134124756, 2.7117512226104736, 2.568997859954834, 2.442021131515503, 2.31626296043396], "baseline_accuracy": [0.09861110895872116, 0.19055555760860443, 0.2623611092567444, 0.30243057012557983, 0.355347216129303, 0.3891666531562805, 0.41159722208976746, 0.441527783870697, 0.4657638967037201, 0.4881249964237213], "baseline_val_loss": [4.170473575592041, 3.695924997329712, 3.48626446723938, 3.271656036376953, 3.1207759380340576, 2.984633207321167, 2.8467822074890137, 2.7359812259674072, 2.6046626567840576, 2.5026702880859375], "baseline_val_accuracy": [0.05219206586480141, 0.22755740582942963, 0.26096034049987793, 0.2693110704421997, 0.3173277676105499, 0.3549060523509979, 0.3590814173221588, 0.3361169099807739, 0.36534446477890015, 0.38830897212028503]}