{"base_loss": [0.6046677231788635, 0.5393823385238647, 0.5007098317146301, 0.4750992953777313, 0.4527214765548706, 0.43709737062454224, 0.42155927419662476, 0.4098624587059021, 0.3986530005931854, 0.38973212242126465], "base_accuracy": [0.6633928418159485, 0.7308531999588013, 0.7603670358657837, 0.7790674567222595, 0.7937995791435242, 0.8028770089149475, 0.8135416507720947, 0.8202877044677734, 0.8276289701461792, 0.8298611044883728], "base_val_loss": [1.0209015607833862, 0.556591272354126, 0.5780224800109863, 0.4775293469429016, 0.4799990952014923, 0.5015632510185242, 0.46029484272003174, 0.5773383975028992, 0.5623766183853149, 0.5091872811317444], "base_val_accuracy": [0.49473685026168823, 0.7353383302688599, 0.7037593722343445, 0.7639097571372986, 0.7503759264945984, 0.7593985199928284, 0.800000011920929, 0.7383458614349365, 0.7488721609115601, 0.790977418422699]}