{"baseline_loss": [2.6085453033447266, 2.001079559326172, 1.7081904411315918, 1.565446376800537, 1.443673014640808, 1.3696316480636597, 1.3059587478637695, 1.2758071422576904, 1.2187392711639404, 1.1851192712783813], "baseline_accuracy": [0.19128289818763733, 0.3544407784938812, 0.49391448497772217, 0.5570723414421082, 0.6026315689086914, 0.621874988079071, 0.6549342274665833, 0.6606907844543457, 0.6886513233184814, 0.6927631497383118], "baseline_val_loss": [2.3227016925811768, 1.9055137634277344, 1.6542837619781494, 1.5151151418685913, 1.411723256111145, 1.3430956602096558, 1.282027244567871, 1.2397732734680176, 1.2013870477676392, 1.1660511493682861], "baseline_val_accuracy": [0.25128206610679626, 0.38461539149284363, 0.5538461804389954, 0.6358974575996399, 0.620512843132019, 0.6256410479545593, 0.6666666865348816, 0.6461538672447205, 0.6461538672447205, 0.6820513010025024], "baseline_no_transfer_learning_base_loss": [2.0145843029022217, 1.69620680809021, 1.5399219989776611, 1.426602840423584, 1.331632375717163, 1.2493865489959717, 1.17817223072052, 1.1155146360397339, 1.0592997074127197, 1.008098840713501], "baseline_no_transfer_learning_base_accuracy": [0.3616776168346405, 0.5098684430122375, 0.5713815689086914, 0.6194078922271729, 0.6574013233184814, 0.6865131855010986, 0.7090460658073425, 0.7291118502616882, 0.7467105388641357, 0.7634868621826172], "baseline_no_transfer_learning_base_val_loss": [2.6674771308898926, 2.2282869815826416, 1.6603654623031616, 1.4413632154464722, 1.3526321649551392, 1.2826484441757202, 1.2242090702056885, 1.1778913736343384, 1.1262545585632324, 1.1036999225616455], "baseline_no_transfer_learning_base_val_accuracy": [0.08717948943376541, 0.16410256922245026, 0.4205128252506256, 0.40512821078300476, 0.4307692348957062, 0.5128205418586731, 0.5487179756164551, 0.5846154093742371, 0.6000000238418579, 0.6051282286643982]}