{"ensemble_loss": [1.8756628036499023, 1.7282017469406128, 1.6476385593414307, 1.5946869850158691, 1.5542449951171875, 1.5207654237747192, 1.4915685653686523, 1.4652339220046997, 1.441362738609314, 1.419490098953247], "ensemble_accuracy": [0.18250000476837158, 0.24562500417232513, 0.27125000953674316, 0.33000001311302185, 0.3812499940395355, 0.4256249964237213, 0.4625000059604645, 0.47749999165534973, 0.4962500035762787, 0.5068749785423279], "ensemble_val_loss": [1.854649305343628, 1.8044811487197876, 1.7919552326202393, 1.7813563346862793, 1.7716084718704224, 1.7641137838363647, 1.759788155555725, 1.7577295303344727, 1.75783109664917, 1.7600677013397217], "ensemble_val_accuracy": [0.2199999988079071, 0.3199999928474426, 0.2800000011920929, 0.23999999463558197, 0.23999999463558197, 0.3400000035762787, 0.3400000035762787, 0.36000001430511475, 0.30000001192092896, 0.30000001192092896], "ensemble_no_transfer_learning_ensemble_loss": [1.5805766582489014, 1.449243187904358, 1.375380516052246, 1.310177206993103, 1.2484554052352905, 1.1888798475265503, 1.1314529180526733, 1.0764864683151245, 1.0246790647506714, 0.9756312370300293], "ensemble_no_transfer_learning_ensemble_accuracy": [0.3668749928474426, 0.47312501072883606, 0.5168750286102295, 0.5606250166893005, 0.6056249737739563, 0.6337500214576721, 0.6606249809265137, 0.6962500214576721, 0.7206249833106995, 0.7443749904632568], "ensemble_no_transfer_learning_ensemble_val_loss": [1.8191664218902588, 2.0888442993164062, 2.5471584796905518, 2.9648735523223877, 3.2049942016601562, 3.2376904487609863, 3.109545946121216, 2.8986780643463135, 2.6733016967773438, 2.478236675262451], "ensemble_no_transfer_learning_ensemble_val_accuracy": [0.18000000715255737, 0.18000000715255737, 0.18000000715255737, 0.14000000059604645, 0.18000000715255737, 0.18000000715255737, 0.14000000059604645, 0.11999999731779099, 0.11999999731779099, 0.14000000059604645]}