{"ensemble_loss": [2.2930171489715576, 2.0079751014709473, 1.867768406867981, 1.7765381336212158, 1.7095674276351929, 1.6567983627319336, 1.614199161529541, 1.5774102210998535, 1.545127034187317, 1.5162667036056519], "ensemble_accuracy": [0.20411184430122375, 0.39621710777282715, 0.4666118323802948, 0.5128289461135864, 0.5378289222717285, 0.550822377204895, 0.5662828683853149, 0.5791118144989014, 0.5899671316146851, 0.6011512875556946], "ensemble_val_loss": [2.103536605834961, 1.9306812286376953, 1.8292244672775269, 1.7546955347061157, 1.698490858078003, 1.6549142599105835, 1.6184378862380981, 1.5880779027938843, 1.5623630285263062, 1.5393896102905273], "ensemble_val_accuracy": [0.3282051384449005, 0.4307692348957062, 0.43589743971824646, 0.4923076927661896, 0.5230769515037537, 0.5435897707939148, 0.5641025900840759, 0.5589743852615356, 0.5692307949066162, 0.5794872045516968], "ensemble_no_transfer_learning_ensemble_loss": [1.922831654548645, 1.578000545501709, 1.4029532670974731, 1.2811408042907715, 1.1891902685165405, 1.1138583421707153, 1.0483324527740479, 0.9894719123840332, 0.9376236200332642, 0.8918658494949341], "ensemble_no_transfer_learning_ensemble_accuracy": [0.42713814973831177, 0.5527960658073425, 0.6358552575111389, 0.6990131735801697, 0.7442434430122375, 0.7680920958518982, 0.7916118502616882, 0.8123355507850647, 0.8282894492149353, 0.8422697186470032], "ensemble_no_transfer_learning_ensemble_val_loss": [2.653102159500122, 2.256136894226074, 1.6043699979782104, 1.3148298263549805, 1.2140309810638428, 1.1505186557769775, 1.1001207828521729, 1.0548356771469116, 1.0141324996948242, 0.9784727692604065], "ensemble_no_transfer_learning_ensemble_val_accuracy": [0.0615384615957737, 0.20000000298023224, 0.49743589758872986, 0.6358974575996399, 0.6512820720672607, 0.692307710647583, 0.7076923251152039, 0.7179487347602844, 0.7230769395828247, 0.7230769395828247]}