{"ensemble_loss": [1.914872646331787, 1.5804997682571411, 1.4206877946853638, 1.3139370679855347, 1.2351865768432617, 1.1731781959533691, 1.1215507984161377, 1.0774545669555664, 1.039062738418579, 1.005026936531067], "ensemble_accuracy": [0.4393518567085266, 0.5798611044883728, 0.6245370507240295, 0.6571758985519409, 0.6790509223937988, 0.7002314925193787, 0.720370352268219, 0.734375, 0.746180534362793, 0.758564829826355], "ensemble_val_loss": [1.7175476551055908, 1.5376073122024536, 1.4254136085510254, 1.3399357795715332, 1.2738291025161743, 1.2201910018920898, 1.1750788688659668, 1.1364914178848267, 1.1029372215270996, 1.0726284980773926], "ensemble_val_accuracy": [0.5, 0.5069929957389832, 0.5174825191497803, 0.5454545617103577, 0.5734265446662903, 0.618881106376648, 0.6538461446762085, 0.6993007063865662, 0.7027971744537354, 0.7202796936035156], "ensemble_no_transfer_learning_ensemble_loss": [1.3647007942199707, 0.9320772886276245, 0.7627388834953308, 0.6577536463737488, 0.5791882872581482, 0.5204272270202637, 0.47428640723228455, 0.43679583072662354, 0.4066350758075714, 0.3811793029308319], "ensemble_no_transfer_learning_ensemble_accuracy": [0.6302083134651184, 0.7810184955596924, 0.8275462985038757, 0.8502314686775208, 0.8684027791023254, 0.882060170173645, 0.8927083611488342, 0.8993055820465088, 0.9072916507720947, 0.9135416746139526], "ensemble_no_transfer_learning_ensemble_val_loss": [2.251310348510742, 1.1231945753097534, 0.8346604704856873, 0.7626495361328125, 0.7161102294921875, 0.6962622404098511, 0.6758132576942444, 0.6607999205589294, 0.6418336629867554, 0.620693564414978], "ensemble_no_transfer_learning_ensemble_val_accuracy": [0.21678321063518524, 0.7062937021255493, 0.751748263835907, 0.7692307829856873, 0.7692307829856873, 0.7587412595748901, 0.751748263835907, 0.7622377872467041, 0.7657342553138733, 0.7937062978744507]}