{"baseline_loss": [0.31123265624046326, 0.21513257920742035, 0.18810227513313293, 0.18143728375434875, 0.16891974210739136, 0.17149904370307922, 0.15973645448684692, 0.1640162616968155, 0.16211387515068054, 0.15835650265216827], "baseline_accuracy": [0.886631965637207, 0.9307291507720947, 0.9388020634651184, 0.9432291388511658, 0.9456596970558167, 0.9419270753860474, 0.9462673664093018, 0.9459201097488403, 0.946093738079071, 0.9467014074325562], "baseline_val_loss": [0.2836664617061615, 0.2130153775215149, 0.17166171967983246, 0.14009447395801544, 0.1714084893465042, 0.1317707598209381, 0.16386142373085022, 0.13309772312641144, 0.1506320983171463, 0.1520596593618393], "baseline_val_accuracy": [0.8590425252914429, 0.8989361524581909, 0.9255319237709045, 0.957446813583374, 0.9202127456665039, 0.960106372833252, 0.938829779624939, 0.9547872543334961, 0.9441489577293396, 0.938829779624939], "baseline_no_transfer_learning_base_loss": [0.22657132148742676, 0.17003831267356873, 0.14991086721420288, 0.13358193635940552, 0.12102397531270981, 0.11127909272909164, 0.10285422205924988, 0.09513315558433533, 0.08876293897628784, 0.08229938894510269], "baseline_no_transfer_learning_base_accuracy": [0.9276041388511658, 0.9471353888511658, 0.953125, 0.957812488079071, 0.9620659947395325, 0.9658854007720947, 0.967968761920929, 0.9699652791023254, 0.9721354246139526, 0.9748263955116272], "baseline_no_transfer_learning_base_val_loss": [2.172092914581299, 1.7977105379104614, 1.712079644203186, 1.1128382682800293, 0.9546179175376892, 1.0318595170974731, 0.9406383037567139, 0.8770482540130615, 0.9541745185852051, 0.9150078296661377], "baseline_no_transfer_learning_base_val_accuracy": [0.5265957713127136, 0.5319148898124695, 0.5319148898124695, 0.5771276354789734, 0.6117021441459656, 0.6063829660415649, 0.6622340679168701, 0.6994680762290955, 0.6781914830207825, 0.7047872543334961]}