{"baseline_loss": [0.33643409609794617, 0.20033690333366394, 0.19005952775478363, 0.1690477728843689, 0.17265067994594574, 0.17462067306041718, 0.16635164618492126, 0.15875045955181122, 0.14441058039665222, 0.15306171774864197], "baseline_accuracy": [0.8560763597488403, 0.9333333373069763, 0.9378471970558167, 0.9464409947395325, 0.9427083134651184, 0.9401909708976746, 0.944531261920929, 0.9488715529441833, 0.9528645873069763, 0.9514756798744202], "baseline_val_loss": [0.30074065923690796, 0.24827918410301208, 0.18970422446727753, 0.16388362646102905, 0.15558092296123505, 0.1422535479068756, 0.15225723385810852, 0.13755065202713013, 0.1335524171590805, 0.13126800954341888], "baseline_val_accuracy": [0.8244680762290955, 0.8643617033958435, 0.9281914830207825, 0.957446813583374, 0.9627659320831299, 0.960106372833252, 0.957446813583374, 0.9654255509376526, 0.9627659320831299, 0.9707446694374084], "baseline_no_transfer_learning_base_loss": [0.22657132148742676, 0.17003831267356873, 0.14991086721420288, 0.13358193635940552, 0.12102397531270981, 0.11127909272909164, 0.10285422205924988, 0.09513315558433533, 0.08876293897628784, 0.08229938894510269], "baseline_no_transfer_learning_base_accuracy": [0.9276041388511658, 0.9471353888511658, 0.953125, 0.957812488079071, 0.9620659947395325, 0.9658854007720947, 0.967968761920929, 0.9699652791023254, 0.9721354246139526, 0.9748263955116272], "baseline_no_transfer_learning_base_val_loss": [2.172092914581299, 1.7977105379104614, 1.712079644203186, 1.1128382682800293, 0.9546179175376892, 1.0318595170974731, 0.9406383037567139, 0.8770482540130615, 0.9541745185852051, 0.9150078296661377], "baseline_no_transfer_learning_base_val_accuracy": [0.5265957713127136, 0.5319148898124695, 0.5319148898124695, 0.5771276354789734, 0.6117021441459656, 0.6063829660415649, 0.6622340679168701, 0.6994680762290955, 0.6781914830207825, 0.7047872543334961]}