{"ensemble_loss": [1.9100587368011475, 1.5646107196807861, 1.391108512878418, 1.2646450996398926, 1.1618599891662598, 1.0772581100463867, 1.0059903860092163, 0.9450781345367432, 0.8922557830810547, 0.8458293676376343], "ensemble_accuracy": [0.49884867668151855, 0.6402960419654846, 0.703125, 0.7480263113975525, 0.7754934430122375, 0.7991776466369629, 0.8180921077728271, 0.8343750238418579, 0.8503289222717285, 0.8641447424888611], "ensemble_val_loss": [2.470407247543335, 2.1138248443603516, 1.5628867149353027, 1.3212635517120361, 1.2319287061691284, 1.1772102117538452, 1.1309236288070679, 1.0899693965911865, 1.0544164180755615, 1.0245004892349243], "ensemble_val_accuracy": [0.15897436439990997, 0.20000000298023224, 0.5641025900840759, 0.6769230961799622, 0.6871795058250427, 0.6410256624221802, 0.6512820720672607, 0.6410256624221802, 0.656410276889801, 0.6615384817123413]}