{"baseline_loss": [0.817872941493988, 0.586527407169342, 0.5178691148757935, 0.48918357491493225, 0.44350647926330566, 0.44515708088874817, 0.4418454170227051, 0.42156723141670227, 0.4150201082229614, 0.40294718742370605], "baseline_accuracy": [0.46741071343421936, 0.6964285969734192, 0.7763392925262451, 0.7879464030265808, 0.8267857432365417, 0.8138392567634583, 0.8058035969734192, 0.8316964507102966, 0.831250011920929, 0.8334821462631226], "baseline_val_loss": [1.1457223892211914, 0.8233690857887268, 0.7430158853530884, 0.722005307674408, 0.6290345191955566, 0.6308304071426392, 0.5400418639183044, 0.5610457062721252, 0.561046838760376, 0.5706645846366882], "baseline_val_accuracy": [0.4923076927661896, 0.5230769515037537, 0.5538461804389954, 0.6307692527770996, 0.6307692527770996, 0.6615384817123413, 0.692307710647583, 0.692307710647583, 0.692307710647583, 0.692307710647583], "baseline_no_transfer_learning_base_loss": [0.5820522308349609, 0.5179676413536072, 0.49906039237976074, 0.4859926998615265, 0.4772334098815918, 0.4692409038543701, 0.4611152112483978, 0.45566245913505554, 0.4489344656467438, 0.44438838958740234], "baseline_no_transfer_learning_base_accuracy": [0.6642857193946838, 0.715624988079071, 0.7330357432365417, 0.746874988079071, 0.7535714507102966, 0.768750011920929, 0.7709821462631226, 0.7772321701049805, 0.7816964387893677, 0.784375011920929], "baseline_no_transfer_learning_base_val_loss": [0.740260660648346, 0.8260194659233093, 0.8208209872245789, 0.7720937728881836, 0.7780836224555969, 0.752396821975708, 0.7000473737716675, 0.6921356320381165, 0.638117253780365, 0.6355966925621033], "baseline_no_transfer_learning_base_val_accuracy": [0.4923076927661896, 0.4923076927661896, 0.4923076927661896, 0.4923076927661896, 0.4153846204280853, 0.5538461804389954, 0.6153846383094788, 0.6769230961799622, 0.692307710647583, 0.692307710647583]}