{"baseline_loss": [1.9094575643539429, 1.5134429931640625, 1.3924788236618042, 1.3034422397613525, 1.2375562191009521, 1.176863193511963, 1.138101577758789, 1.093593716621399, 1.0502985715866089, 1.014357089996338], "baseline_accuracy": [0.4099339544773102, 0.5003048777580261, 0.529496967792511, 0.5588160753250122, 0.5847306847572327, 0.6114329099655151, 0.6307926774024963, 0.648831307888031, 0.6688008308410645, 0.6834349632263184], "baseline_val_loss": [1.6866000890731812, 1.567050814628601, 1.4876961708068848, 1.4606091976165771, 1.5053776502609253, 1.5052999258041382, 1.4725546836853027, 1.474012851715088, 1.5005266666412354, 1.5424872636795044], "baseline_val_accuracy": [0.42149388790130615, 0.42225611209869385, 0.4611280560493469, 0.45274388790130615, 0.44435974955558777, 0.4397865831851959, 0.49314025044441223, 0.4672256112098694, 0.490091472864151, 0.458841472864151]}