{"base_loss": [1.3925644159317017, 1.1362049579620361, 1.0288777351379395, 0.9544846415519714, 0.8943670392036438, 0.8468208312988281, 0.8075689077377319, 0.7715818285942078, 0.7390061616897583, 0.7097048759460449], "base_accuracy": [0.561328113079071, 0.6890624761581421, 0.7421875, 0.7816406488418579, 0.8003906011581421, 0.819531261920929, 0.8265625238418579, 0.8414062261581421, 0.8550781011581421, 0.866015613079071], "base_val_loss": [1.8511255979537964, 2.089017868041992, 2.1588268280029297, 1.9543248414993286, 1.6035696268081665, 1.2739838361740112, 1.071933627128601, 0.946220874786377, 0.8729192018508911, 0.8082064390182495], "base_val_accuracy": [0.21052631735801697, 0.21052631735801697, 0.25, 0.28947368264198303, 0.3815789520740509, 0.5921052694320679, 0.6842105388641357, 0.75, 0.75, 0.7763158082962036]}