{"baseline_loss": [2.342754602432251, 1.5279600620269775, 1.1872541904449463, 0.9816035628318787, 0.8484996557235718, 0.7426608204841614, 0.6585023999214172, 0.597234308719635, 0.5422272682189941, 0.4968844950199127], "baseline_accuracy": [0.21721698343753815, 0.6411556601524353, 0.8289504647254944, 0.885966956615448, 0.9037736058235168, 0.9185731410980225, 0.9318985939025879, 0.9451650977134705, 0.9529480934143066, 0.9610849022865295], "baseline_val_loss": [1.776672601699829, 1.2553621530532837, 1.0044523477554321, 0.85240238904953, 0.7412528395652771, 0.6686939597129822, 0.604676365852356, 0.5555857419967651, 0.5083536505699158, 0.4768666923046112], "baseline_val_accuracy": [0.481349915266037, 0.8134990930557251, 0.8792184591293335, 0.9058614373207092, 0.9218472242355347, 0.9342806339263916, 0.9378330111503601, 0.9467140436172485, 0.9520426392555237, 0.9555950164794922], "baseline_no_transfer_learning_base_loss": [1.6413942575454712, 0.9890767931938171, 0.6963680982589722, 0.510177731513977, 0.38394296169281006, 0.29550930857658386, 0.231826514005661, 0.18481388688087463, 0.14950580894947052, 0.12231822311878204], "baseline_no_transfer_learning_base_accuracy": [0.6600825190544128, 0.8790094256401062, 0.9242924451828003, 0.9469339847564697, 0.9622641801834106, 0.9716391563415527, 0.9789505004882812, 0.9840801954269409, 0.9883254766464233, 0.9913325309753418], "baseline_no_transfer_learning_base_val_loss": [1.4248017072677612, 0.8096863031387329, 0.6007577180862427, 0.4610937833786011, 0.3701518476009369, 0.3052230477333069, 0.26551249623298645, 0.2353682518005371, 0.21821029484272003, 0.1918615698814392], "baseline_no_transfer_learning_base_val_accuracy": [0.7904085516929626, 0.8880994915962219, 0.9076376557350159, 0.9342806339263916, 0.9413854479789734, 0.9520426392555237, 0.9431616067886353, 0.9538187980651855, 0.9520426392555237, 0.9449378252029419]}