{"baseline_loss": [3.0269908905029297, 2.7272560596466064, 2.5373919010162354, 2.384553909301758, 2.255023717880249, 2.1408677101135254, 2.0390093326568604, 1.94259774684906, 1.8557612895965576, 1.7878679037094116], "baseline_accuracy": [0.18506355583667755, 0.2852754294872284, 0.3041313588619232, 0.3370762765407562, 0.35630297660827637, 0.3773834705352783, 0.39978814125061035, 0.40921610593795776, 0.4360169470310211, 0.44396185874938965], "baseline_val_loss": [2.9440879821777344, 2.6522696018218994, 2.482297897338867, 2.343489646911621, 2.20705246925354, 2.109159231185913, 1.9865423440933228, 1.9176080226898193, 1.853276014328003, 1.7772330045700073], "baseline_val_accuracy": [0.23885349929332733, 0.27866241335868835, 0.2738853394985199, 0.3216560482978821, 0.35350319743156433, 0.3280254900455475, 0.3487261235713959, 0.3678343892097473, 0.3519108295440674, 0.37261146306991577]}