{"baseline_loss": [2.8572638034820557, 2.0962798595428467, 1.7788807153701782, 1.5912507772445679, 1.4581143856048584, 1.3594446182250977, 1.2908564805984497, 1.224044680595398, 1.1732628345489502, 1.1218979358673096], "baseline_accuracy": [0.26110339164733887, 0.40702933073043823, 0.4651157259941101, 0.4967901110649109, 0.524506151676178, 0.5477932095527649, 0.5637654066085815, 0.5825462937355042, 0.5972762107849121, 0.6139042973518372], "baseline_val_loss": [2.51792049407959, 2.156191349029541, 1.9386259317398071, 1.8594409227371216, 1.8486042022705078, 1.671887755393982, 1.6551995277404785, 1.544287919998169, 1.5477253198623657, 1.5122017860412598], "baseline_val_accuracy": [0.31487488746643066, 0.3480074107646942, 0.3582020401954651, 0.36237257719039917, 0.3338739573955536, 0.4001390039920807, 0.3832252025604248, 0.4082483649253845, 0.4052363336086273, 0.42678406834602356]}