{"baseline_loss": [0.6539249420166016, 0.42120251059532166, 0.3280094563961029, 0.2736821174621582, 0.23263639211654663, 0.21511173248291016, 0.1839127540588379, 0.16278772056102753, 0.15682782232761383, 0.15119831264019012], "baseline_accuracy": [0.6397321224212646, 0.8040178418159485, 0.8834821581840515, 0.9138392806053162, 0.9361607432365417, 0.9433035850524902, 0.9549106955528259, 0.9629464149475098, 0.9580357074737549, 0.9598214030265808], "baseline_val_loss": [0.8910238146781921, 0.648808479309082, 0.5009430646896362, 0.39493244886398315, 0.3421965539455414, 0.3088113069534302, 0.28301239013671875, 0.2727672755718231, 0.24390849471092224, 0.2309752255678177], "baseline_val_accuracy": [0.5223880410194397, 0.6865671873092651, 0.7164179086685181, 0.746268630027771, 0.8059701323509216, 0.8507462739944458, 0.8656716346740723, 0.8656716346740723, 0.8656716346740723, 0.8656716346740723], "baseline_no_transfer_learning_base_loss": [0.4454582631587982, 0.24258938431739807, 0.17738427221775055, 0.1441469043493271, 0.12298743426799774, 0.10734642297029495, 0.0962040051817894, 0.08675696700811386, 0.07909601926803589, 0.07247282564640045], "baseline_no_transfer_learning_base_accuracy": [0.8107143044471741, 0.9258928298950195, 0.9477678537368774, 0.9607142806053162, 0.9669643044471741, 0.9714285731315613, 0.9723214507102966, 0.9776785969734192, 0.9808035492897034, 0.9821428656578064], "baseline_no_transfer_learning_base_val_loss": [0.6428073644638062, 0.6123653054237366, 0.5860714316368103, 0.5168654918670654, 0.4262431859970093, 0.3603435456752777, 0.2506522834300995, 0.1399211436510086, 0.08442891389131546, 0.061835601925849915], "baseline_no_transfer_learning_base_val_accuracy": [0.6865671873092651, 0.6865671873092651, 0.6865671873092651, 0.6865671873092651, 0.9104477763175964, 0.9104477763175964, 0.9104477763175964, 0.9552238583564758, 0.9701492786407471, 1.0]}