{"baseline_loss": [1.6052331924438477, 1.2534451484680176, 1.1588772535324097, 1.0936001539230347, 1.0686625242233276, 1.0405402183532715, 1.012940764427185, 0.995570719242096, 0.9890480637550354, 0.9682192802429199], "baseline_accuracy": [0.4684523940086365, 0.5834821462631226, 0.6211309432983398, 0.6409226059913635, 0.6452678442001343, 0.6561904549598694, 0.6670238375663757, 0.6720238327980042, 0.6707440614700317, 0.6791964173316956], "baseline_val_loss": [1.3193620443344116, 1.1821571588516235, 1.1275705099105835, 1.0745967626571655, 1.0468597412109375, 1.0222797393798828, 1.0082532167434692, 0.9968489408493042, 0.9774203896522522, 0.9706620573997498], "baseline_val_accuracy": [0.5544642806053162, 0.5883928537368774, 0.6026785969734192, 0.6160714030265808, 0.6276785731315613, 0.6294642686843872, 0.637499988079071, 0.6410714387893677, 0.6473214030265808, 0.6535714268684387], "baseline_no_transfer_learning_base_loss": [1.511988878250122, 1.3370029926300049, 1.2699909210205078, 1.2234041690826416, 1.1888883113861084, 1.1607662439346313, 1.1374695301055908, 1.119901180267334, 1.1019511222839355, 1.0867780447006226], "baseline_no_transfer_learning_base_accuracy": [0.46794643998146057, 0.5262797474861145, 0.5476785898208618, 0.563660740852356, 0.5761011838912964, 0.5837202668190002, 0.5905059576034546, 0.5953273773193359, 0.6008630990982056, 0.6059821248054504], "baseline_no_transfer_learning_base_val_loss": [1.261557936668396, 1.2159342765808105, 1.1293697357177734, 1.102480411529541, 1.0994123220443726, 1.069535732269287, 1.082903265953064, 1.0397238731384277, 0.9813004732131958, 1.0095493793487549], "baseline_no_transfer_learning_base_val_accuracy": [0.5741071701049805, 0.5651785731315613, 0.6321428418159485, 0.6205357313156128, 0.59375, 0.6169642806053162, 0.5973214507102966, 0.6258928775787354, 0.6491071581840515, 0.643750011920929]}