{"baseline_loss": [2.533141851425171, 1.8532147407531738, 1.5450292825698853, 1.3468220233917236, 1.2069916725158691, 1.1111611127853394, 1.0268216133117676, 0.9651517271995544, 0.9076117873191833, 0.8585508465766907], "baseline_accuracy": [0.3616281747817993, 0.5264832377433777, 0.5871376991271973, 0.6248867511749268, 0.6555593013763428, 0.6744565367698669, 0.695346474647522, 0.710597813129425, 0.7284193634986877, 0.7388700246810913], "baseline_val_loss": [2.2016472816467285, 1.835985779762268, 1.6181838512420654, 1.5000417232513428, 1.40445077419281, 1.281341552734375, 1.24576997756958, 1.2142244577407837, 1.19912850856781, 1.250892996788025], "baseline_val_accuracy": [0.4665985107421875, 0.5180640816688538, 0.5453305840492249, 0.5507839322090149, 0.5848670601844788, 0.6186094284057617, 0.6336060166358948, 0.6107702851295471, 0.6319018602371216, 0.6046352982521057]}