{"ensemble_loss": [1.4170807600021362, 1.2043803930282593, 1.1160513162612915, 1.0562807321548462, 1.01008141040802, 0.9726049900054932, 0.9418135285377502, 0.9158843159675598, 0.8935344219207764, 0.8738675713539124], "ensemble_accuracy": [0.5512499809265137, 0.6164583563804626, 0.6456249952316284, 0.6581249833106995, 0.668541669845581, 0.6762499809265137, 0.6835416555404663, 0.68729168176651, 0.6929166913032532, 0.6943749785423279], "ensemble_val_loss": [1.3352680206298828, 1.2141714096069336, 1.1407357454299927, 1.0867758989334106, 1.0416200160980225, 1.0035512447357178, 0.9733198881149292, 0.9491530060768127, 0.9299553036689758, 0.9137702584266663], "ensemble_val_accuracy": [0.5986841917037964, 0.6513158082962036, 0.6578947305679321, 0.6776315569877625, 0.6842105388641357, 0.6513158082962036, 0.6513158082962036, 0.6381579041481018, 0.6315789222717285, 0.6315789222717285], "ensemble_no_transfer_learning_ensemble_loss": [1.1693602800369263, 0.8620806932449341, 0.7712279558181763, 0.7189583778381348, 0.6796109080314636, 0.644269585609436, 0.6145893931388855, 0.5888694524765015, 0.5662773251533508, 0.5470718145370483], "ensemble_no_transfer_learning_ensemble_accuracy": [0.5952083468437195, 0.6654166579246521, 0.684166669845581, 0.6991666555404663, 0.7114583253860474, 0.7229166626930237, 0.7325000166893005, 0.7391666769981384, 0.7450000047683716, 0.7510416507720947], "ensemble_no_transfer_learning_ensemble_val_loss": [2.2343389987945557, 3.9952714443206787, 4.0673723220825195, 2.2787227630615234, 1.1234911680221558, 0.8678950071334839, 0.8337633013725281, 0.8188332915306091, 0.7943835854530334, 0.7789419889450073], "ensemble_no_transfer_learning_ensemble_val_accuracy": [0.19078947603702545, 0.19078947603702545, 0.31578946113586426, 0.28947368264198303, 0.5065789222717285, 0.5986841917037964, 0.6315789222717285, 0.6381579041481018, 0.6447368264198303, 0.6710526347160339]}