{"ensemble_loss": [1.6039713621139526, 1.463610291481018, 1.396926999092102, 1.3480541706085205, 1.3078054189682007, 1.2734465599060059, 1.2438760995864868, 1.2168729305267334, 1.1927428245544434, 1.1715677976608276], "ensemble_accuracy": [0.4141826927661896, 0.4834134578704834, 0.5045673251152039, 0.5252403616905212, 0.5439903736114502, 0.5548076629638672, 0.5620192289352417, 0.5711538195610046, 0.5762019157409668, 0.5826923251152039], "ensemble_val_loss": [1.973513126373291, 2.1628756523132324, 2.137208938598633, 1.7786552906036377, 1.4177106618881226, 1.3448760509490967, 1.344627857208252, 1.3623616695404053, 1.3464252948760986, 1.3521041870117188], "ensemble_val_accuracy": [0.1705426424741745, 0.1705426424741745, 0.1705426424741745, 0.21705426275730133, 0.44961240887641907, 0.41085270047187805, 0.40310078859329224, 0.38759690523147583, 0.39534884691238403, 0.38759690523147583]}