{"baseline_loss": [3.3556597232818604, 3.0231997966766357, 2.8343448638916016, 2.64839243888855, 2.522228240966797, 2.399866819381714, 2.277667999267578, 2.186269521713257, 2.0939016342163086, 1.9980683326721191], "baseline_accuracy": [0.1302325576543808, 0.29752907156944275, 0.3644621968269348, 0.39534884691238403, 0.4307412803173065, 0.46308138966560364, 0.47441861033439636, 0.4976017475128174, 0.517732560634613, 0.536918580532074], "baseline_val_loss": [3.5772950649261475, 3.0853235721588135, 2.892425775527954, 2.78084397315979, 2.6913516521453857, 2.528981924057007, 2.464841842651367, 2.4572956562042236, 2.3008604049682617, 2.2509121894836426], "baseline_val_accuracy": [0.035010941326618195, 0.22757111489772797, 0.29321661591529846, 0.28884026408195496, 0.30634573101997375, 0.38512036204338074, 0.42450764775276184, 0.3304157555103302, 0.40700218081474304, 0.4770240783691406]}