{"baseline_loss": [2.354757785797119, 1.7969677448272705, 1.5702563524246216, 1.4354133605957031, 1.3448927402496338, 1.264061450958252, 1.213077187538147, 1.161095142364502, 1.118179202079773, 1.0770689249038696], "baseline_accuracy": [0.38192933797836304, 0.49807971715927124, 0.5384782552719116, 0.5656431317329407, 0.5874094367027283, 0.6099003553390503, 0.6222645044326782, 0.6381250023841858, 0.6502988934516907, 0.6628713607788086], "baseline_val_loss": [1.9890424013137817, 1.7622361183166504, 1.629907488822937, 1.5180891752243042, 1.5205219984054565, 1.3923945426940918, 1.5279638767242432, 1.289100170135498, 1.3273261785507202, 1.303588628768921], "baseline_val_accuracy": [0.45402610301971436, 0.4401523470878601, 0.4964635372161865, 0.5342763662338257, 0.5293797850608826, 0.5650163292884827, 0.5032644271850586, 0.5778019428253174, 0.5707290768623352, 0.5816104412078857]}