{"baseline_loss": [3.502610445022583, 2.8328053951263428, 2.4576005935668945, 2.1858489513397217, 1.9898126125335693, 1.825140357017517, 1.7029964923858643, 1.5966957807540894, 1.5154391527175903, 1.4414359331130981], "baseline_accuracy": [0.14530104398727417, 0.2591305077075958, 0.3328774571418762, 0.38477230072021484, 0.42094284296035767, 0.4535605013370514, 0.4730058014392853, 0.49662286043167114, 0.5117359161376953, 0.5314868688583374], "baseline_val_loss": [3.480351686477661, 2.792461395263672, 2.4190869331359863, 2.3603007793426514, 2.2596499919891357, 1.9840162992477417, 3.0472166538238525, 2.503389835357666, 1.9298269748687744, 2.1175835132598877], "baseline_val_accuracy": [0.14692378044128418, 0.2015610635280609, 0.31611570715904236, 0.26606979966163635, 0.27318641543388367, 0.3461891710758209, 0.1820477545261383, 0.24219466745853424, 0.34550046920776367, 0.2791551947593689]}