{"ensemble_loss": [0.5337359309196472, 0.4475155770778656, 0.42259395122528076, 0.40719515085220337, 0.39581775665283203, 0.3867020010948181, 0.37888380885124207, 0.37201744318008423, 0.3658480942249298, 0.3602830767631531], "ensemble_accuracy": [0.7861607074737549, 0.8321428298950195, 0.8345237970352173, 0.8388392925262451, 0.8404762148857117, 0.8419643044471741, 0.8441964387893677, 0.8459821343421936, 0.8473214507102966, 0.8482142686843872], "ensemble_val_loss": [0.47455480694770813, 0.4215907156467438, 0.396460622549057, 0.3807063102722168, 0.3699846565723419, 0.36117076873779297, 0.3545125424861908, 0.3490169644355774, 0.34447619318962097, 0.34027695655822754], "ensemble_val_accuracy": [0.835616409778595, 0.8858447670936584, 0.8995434045791626, 0.8995434045791626, 0.8904109597206116, 0.8904109597206116, 0.9041095972061157, 0.9086757898330688, 0.9086757898330688, 0.9086757898330688], "ensemble_no_transfer_learning_ensemble_loss": [0.4678003489971161, 0.37365272641181946, 0.3466334640979767, 0.3286152184009552, 0.3129836618900299, 0.2983429729938507, 0.2854982912540436, 0.27233657240867615, 0.2603718042373657, 0.25007227063179016], "ensemble_no_transfer_learning_ensemble_accuracy": [0.7979166507720947, 0.8440476059913635, 0.854315459728241, 0.8620535731315613, 0.8669642806053162, 0.8697916865348816, 0.8721725940704346, 0.8773809671401978, 0.8812500238418579, 0.8848214149475098], "ensemble_no_transfer_learning_ensemble_val_loss": [2.2512316703796387, 2.202019214630127, 0.9297525882720947, 0.6895362734794617, 0.7149207592010498, 0.5446021556854248, 0.49384039640426636, 0.4506325125694275, 0.4266568422317505, 0.42200300097465515], "ensemble_no_transfer_learning_ensemble_val_accuracy": [0.4611872136592865, 0.4611872136592865, 0.4885844886302948, 0.6575342416763306, 0.6255707740783691, 0.77625572681427, 0.7808219194412231, 0.8082191944122314, 0.8082191944122314, 0.8173515796661377]}