{"ensemble_loss": [1.576064109802246, 1.3435389995574951, 1.2479230165481567, 1.1851266622543335, 1.137629508972168, 1.0984735488891602, 1.0650430917739868, 1.035965919494629, 1.010406255722046, 0.9877819418907166], "ensemble_accuracy": [0.5385714173316956, 0.6420833468437195, 0.6706845164299011, 0.6868155002593994, 0.6981250047683716, 0.7080952525138855, 0.7155059576034546, 0.722261905670166, 0.7273809313774109, 0.7319940328598022], "ensemble_val_loss": [1.423282504081726, 1.298399806022644, 1.225167155265808, 1.1736977100372314, 1.1327646970748901, 1.0985945463180542, 1.0689404010772705, 1.042818546295166, 1.0197988748550415, 0.9991394281387329], "ensemble_val_accuracy": [0.6357142925262451, 0.6633928418159485, 0.6875, 0.6955357193946838, 0.7008928656578064, 0.7089285850524902, 0.7250000238418579, 0.7357142567634583, 0.7366071343421936, 0.7401785850524902], "ensemble_no_transfer_learning_ensemble_loss": [1.2964543104171753, 0.9897148013114929, 0.8645106554031372, 0.7884657382965088, 0.7330067753791809, 0.6934770941734314, 0.6610836982727051, 0.6280226111412048, 0.596389889717102, 0.5748763084411621], "ensemble_no_transfer_learning_ensemble_accuracy": [0.6286904811859131, 0.7138988375663757, 0.7454166412353516, 0.7621726393699646, 0.774821400642395, 0.7848809361457825, 0.7919047474861145, 0.7964285612106323, 0.8036012053489685, 0.8086012005805969], "ensemble_no_transfer_learning_ensemble_val_loss": [1.120294213294983, 0.9514550566673279, 0.8893821239471436, 0.8172245621681213, 0.7964819669723511, 0.8017638325691223, 0.7731982469558716, 0.7170507907867432, 0.718488872051239, 0.7001901865005493], "ensemble_no_transfer_learning_ensemble_val_accuracy": [0.6892856955528259, 0.7267857193946838, 0.7473214268684387, 0.7642857432365417, 0.7598214149475098, 0.7723214030265808, 0.7741071581840515, 0.7821428775787354, 0.7839285731315613, 0.7830356955528259]}