{"baseline_loss": [3.8988287448883057, 3.149963855743408, 2.688607692718506, 2.2963900566101074, 2.004669427871704, 1.7733407020568848, 1.5816397666931152, 1.4359900951385498, 1.289771318435669, 1.1781080961227417], "baseline_accuracy": [0.11037088185548782, 0.27970466017723083, 0.4455872178077698, 0.5260130763053894, 0.5845123529434204, 0.6282967329025269, 0.66232830286026, 0.6912946701049805, 0.7168097496032715, 0.741775393486023], "baseline_val_loss": [3.4624147415161133, 2.9752707481384277, 2.526136636734009, 2.275883674621582, 1.9746253490447998, 1.8402100801467896, 1.6197397708892822, 1.581337809562683, 1.412007451057434, 1.4770561456680298], "baseline_val_accuracy": [0.15694372355937958, 0.294785737991333, 0.4445018172264099, 0.4506969451904297, 0.54981929063797, 0.541559100151062, 0.6251935958862305, 0.5911203026771545, 0.6458441019058228, 0.5730510950088501]}