{"baseline_loss": [2.8338241577148438, 2.2766740322113037, 1.9615176916122437, 1.7364003658294678, 1.5868152379989624, 1.4634383916854858, 1.3767342567443848, 1.3046776056289673, 1.2458689212799072, 1.1874256134033203], "baseline_accuracy": [0.2405172437429428, 0.3713577687740326, 0.422931045293808, 0.4581249952316284, 0.4809051752090454, 0.5030603408813477, 0.5174137949943542, 0.53053879737854, 0.5418534278869629, 0.5538577437400818], "baseline_val_loss": [2.9375293254852295, 2.6265127658843994, 2.536674737930298, 2.2438836097717285, 2.3271374702453613, 2.1296772956848145, 2.1792919635772705, 2.17799711227417, 1.9554404020309448, 1.9906781911849976], "baseline_val_accuracy": [0.12435232847929001, 0.17487046122550964, 0.18005181849002838, 0.29080310463905334, 0.2234455943107605, 0.2933937907218933, 0.2409326434135437, 0.23380829393863678, 0.2959844470024109, 0.26295337080955505]}