{"baseline_loss": [3.3693487644195557, 2.782151699066162, 2.4545490741729736, 2.209306001663208, 2.005990982055664, 1.8277714252471924, 1.667137861251831, 1.5259968042373657, 1.4059144258499146, 1.2984232902526855], "baseline_accuracy": [0.18334704637527466, 0.35892269015312195, 0.4783717095851898, 0.5412417650222778, 0.5935032963752747, 0.6364309191703796, 0.6645970344543457, 0.6900082230567932, 0.7158305644989014, 0.733676016330719], "baseline_val_loss": [3.1085386276245117, 2.7669246196746826, 2.533945083618164, 2.3989322185516357, 2.22058367729187, 2.226555109024048, 2.0311167240142822, 1.9903433322906494, 2.0005860328674316, 1.965736985206604], "baseline_val_accuracy": [0.2247191071510315, 0.3570536971092224, 0.3483146131038666, 0.3670412003993988, 0.46441948413848877, 0.43570536375045776, 0.48938825726509094, 0.44319599866867065, 0.4157303273677826, 0.46941322088241577]}