{"ensemble_loss": [3.238640308380127, 2.7735772132873535, 2.5190560817718506, 2.347221612930298, 2.210543394088745, 2.0954651832580566, 1.9970601797103882, 1.9150017499923706, 1.8470916748046875, 1.7895957231521606], "ensemble_accuracy": [0.2233552634716034, 0.40312498807907104, 0.5159539580345154, 0.5753289461135864, 0.6064144968986511, 0.6279605031013489, 0.6432566046714783, 0.6565789580345154, 0.6671052575111389, 0.6759868264198303], "ensemble_val_loss": [4.357049465179443, 6.809826850891113, 3.670905590057373, 2.3857922554016113, 2.154825210571289, 2.031052350997925, 1.9385751485824585, 1.8556733131408691, 1.8142176866531372, 1.7786686420440674], "ensemble_val_accuracy": [0.015306122601032257, 0.015306122601032257, 0.08163265138864517, 0.5102040767669678, 0.5969387888908386, 0.7091836929321289, 0.6530612111091614, 0.668367326259613, 0.668367326259613, 0.6785714030265808]}