{"ensemble_loss": [1.7792656421661377, 1.6259835958480835, 1.5630065202713013, 1.5237438678741455, 1.4939029216766357, 1.4690577983856201, 1.4484206438064575, 1.4312282800674438, 1.416460394859314, 1.4034100770950317], "ensemble_accuracy": [0.3189903795719147, 0.4437499940395355, 0.46850961446762085, 0.48076921701431274, 0.4927884638309479, 0.4966346025466919, 0.5045673251152039, 0.5081730484962463, 0.5093749761581421, 0.5115384459495544], "ensemble_val_loss": [1.8026474714279175, 1.7379653453826904, 1.6975016593933105, 1.649267315864563, 1.6101877689361572, 1.5900650024414062, 1.5762677192687988, 1.565064549446106, 1.555873990058899, 1.5477749109268188], "ensemble_val_accuracy": [0.3720930218696594, 0.3798449635505676, 0.38759690523147583, 0.3720930218696594, 0.356589138507843, 0.3333333432674408, 0.356589138507843, 0.356589138507843, 0.356589138507843, 0.356589138507843], "ensemble_no_transfer_learning_ensemble_loss": [1.6039713621139526, 1.463610291481018, 1.396926999092102, 1.3480541706085205, 1.3078054189682007, 1.2734465599060059, 1.2438760995864868, 1.2168729305267334, 1.1927428245544434, 1.1715677976608276], "ensemble_no_transfer_learning_ensemble_accuracy": [0.4141826927661896, 0.4834134578704834, 0.5045673251152039, 0.5252403616905212, 0.5439903736114502, 0.5548076629638672, 0.5620192289352417, 0.5711538195610046, 0.5762019157409668, 0.5826923251152039], "ensemble_no_transfer_learning_ensemble_val_loss": [1.973513126373291, 2.1628756523132324, 2.137208938598633, 1.7786552906036377, 1.4177106618881226, 1.3448760509490967, 1.344627857208252, 1.3623616695404053, 1.3464252948760986, 1.3521041870117188], "ensemble_no_transfer_learning_ensemble_val_accuracy": [0.1705426424741745, 0.1705426424741745, 0.1705426424741745, 0.21705426275730133, 0.44961240887641907, 0.41085270047187805, 0.40310078859329224, 0.38759690523147583, 0.39534884691238403, 0.38759690523147583]}