{"baseline_loss": [2.41416597366333, 1.7844817638397217, 1.5134520530700684, 1.3529454469680786, 1.2480511665344238, 1.174030065536499, 1.115823745727539, 1.0636606216430664, 1.0309391021728516, 1.0014687776565552], "baseline_accuracy": [0.3714774549007416, 0.520654559135437, 0.5753790736198425, 0.6112518310546875, 0.6336076259613037, 0.6485854387283325, 0.6631379723548889, 0.6768491268157959, 0.6829512119293213, 0.690689742565155], "baseline_val_loss": [2.0216948986053467, 1.7350753545761108, 1.5364654064178467, 1.4743627309799194, 1.3699225187301636, 1.3399080038070679, 1.26742684841156, 1.2815985679626465, 1.2617040872573853, 1.2299976348876953], "baseline_val_accuracy": [0.44534075260162354, 0.4778859615325928, 0.531571626663208, 0.5521557927131653, 0.586926281452179, 0.5969402194023132, 0.6033379435539246, 0.5955493450164795, 0.5858136415481567, 0.6164116859436035]}