{"baseline_loss": [2.493154525756836, 2.285721778869629, 2.131606101989746, 2.047943592071533, 1.959598422050476, 1.8206781148910522, 1.7574657201766968, 1.7337043285369873, 1.7078280448913574, 1.633367896080017], "baseline_accuracy": [0.21187500655651093, 0.27250000834465027, 0.28062498569488525, 0.3006249964237213, 0.3050000071525574, 0.3643749952316284, 0.3518750071525574, 0.36937499046325684, 0.3787499964237213, 0.4012500047683716], "baseline_val_loss": [2.7577545642852783, 2.6687445640563965, 2.586059808731079, 2.5338010787963867, 2.416151523590088, 2.310215950012207, 2.2474184036254883, 2.1463441848754883, 2.0990145206451416, 2.041574239730835], "baseline_val_accuracy": [0.14000000059604645, 0.23999999463558197, 0.25999999046325684, 0.25999999046325684, 0.25999999046325684, 0.30000001192092896, 0.30000001192092896, 0.30000001192092896, 0.3199999928474426, 0.3400000035762787], "baseline_no_transfer_learning_base_loss": [1.697665810585022, 1.5771948099136353, 1.513259768486023, 1.4631147384643555, 1.419871211051941, 1.3796725273132324, 1.340625286102295, 1.3025920391082764, 1.2660900354385376, 1.230319619178772], "baseline_no_transfer_learning_base_accuracy": [0.28812500834465027, 0.39750000834465027, 0.4350000023841858, 0.47999998927116394, 0.5068749785423279, 0.5274999737739563, 0.5475000143051147, 0.5687500238418579, 0.5881249904632568, 0.6043750047683716], "baseline_no_transfer_learning_base_val_loss": [1.829740047454834, 2.1018552780151367, 2.5616869926452637, 3.031184673309326, 3.312673330307007, 3.3348171710968018, 3.149017333984375, 2.867835760116577, 2.5889575481414795, 2.367677927017212], "baseline_no_transfer_learning_base_val_accuracy": [0.1599999964237213, 0.1599999964237213, 0.1599999964237213, 0.18000000715255737, 0.2199999988079071, 0.14000000059604645, 0.14000000059604645, 0.2199999988079071, 0.23999999463558197, 0.25999999046325684]}