{"ensemble_loss": [1.8867346048355103, 1.7776340246200562, 1.7178919315338135, 1.676619291305542, 1.6448352336883545, 1.6185667514801025, 1.596070647239685, 1.5761561393737793, 1.558135986328125, 1.542046308517456], "ensemble_accuracy": [0.22539062798023224, 0.3427734375, 0.3623046875, 0.37578123807907104, 0.38359373807907104, 0.3949218690395355, 0.40312498807907104, 0.4134765565395355, 0.42011719942092896, 0.4267578125], "ensemble_val_loss": [1.943037748336792, 1.883399486541748, 1.8320536613464355, 1.7866145372390747, 1.7504409551620483, 1.7283737659454346, 1.712325930595398, 1.6937158107757568, 1.6805245876312256, 1.670810580253601], "ensemble_val_accuracy": [0.15950919687747955, 0.20245398581027985, 0.2269938588142395, 0.21472392976284027, 0.23312883079051971, 0.2269938588142395, 0.2269938588142395, 0.25766870379447937, 0.33128833770751953, 0.3619631826877594], "ensemble_no_transfer_learning_ensemble_loss": [1.829667091369629, 1.6731948852539062, 1.571164846420288, 1.491424798965454, 1.4220774173736572, 1.3694698810577393, 1.332211971282959, 1.3033270835876465, 1.2794756889343262, 1.2541091442108154], "ensemble_no_transfer_learning_ensemble_accuracy": [0.2933593690395355, 0.3822265565395355, 0.40507811307907104, 0.439453125, 0.47578126192092896, 0.501171886920929, 0.5228515863418579, 0.5355468988418579, 0.539843738079071, 0.5458984375], "ensemble_no_transfer_learning_ensemble_val_loss": [1.9822016954421997, 2.0252649784088135, 2.0542876720428467, 2.3637702465057373, 2.4858648777008057, 1.9730722904205322, 2.2971134185791016, 2.914680242538452, 2.330733299255371, 2.774538040161133], "ensemble_no_transfer_learning_ensemble_val_accuracy": [0.15337423980236053, 0.16564416885375977, 0.1411042958498001, 0.1411042958498001, 0.1411042958498001, 0.19018404185771942, 0.1411042958498001, 0.1411042958498001, 0.1411042958498001, 0.1411042958498001]}