{"baseline_loss": [3.8931825160980225, 3.340106725692749, 2.944650411605835, 2.601871967315674, 2.291276216506958, 2.0297913551330566, 1.8152616024017334, 1.6427985429763794, 1.4781901836395264, 1.335828423500061], "baseline_accuracy": [0.1311655342578888, 0.2726351320743561, 0.41140201687812805, 0.527195930480957, 0.602533757686615, 0.6661739945411682, 0.6978040337562561, 0.7337415814399719, 0.7586570978164673, 0.7807010412216187], "baseline_val_loss": [3.6365110874176025, 3.150730848312378, 2.7988076210021973, 2.7318451404571533, 2.20876145362854, 2.0263593196868896, 1.8037045001983643, 1.6052782535552979, 1.5394030809402466, 2.4355080127716064], "baseline_val_accuracy": [0.16368286311626434, 0.3120204508304596, 0.40409207344055176, 0.27365729212760925, 0.5869565010070801, 0.6138107180595398, 0.695652186870575, 0.6764705777168274, 0.7762148380279541, 0.30946290493011475]}