{"ensemble_loss": [1.5271353721618652, 1.2826820611953735, 1.1818434000015259, 1.1167099475860596, 1.069087266921997, 1.0318115949630737, 1.0013865232467651, 0.9757847189903259, 0.9536394476890564, 0.9343745708465576], "ensemble_accuracy": [0.5370237827301025, 0.6233333349227905, 0.6455357074737549, 0.6610119342803955, 0.6745833158493042, 0.6872023940086365, 0.6971130967140198, 0.7051190733909607, 0.7110416889190674, 0.7170237898826599], "ensemble_val_loss": [1.3162578344345093, 1.1802870035171509, 1.0991204977035522, 1.0429792404174805, 1.000929832458496, 0.9666692614555359, 0.9404473304748535, 0.9169890284538269, 0.897172212600708, 0.8791835904121399], "ensemble_val_accuracy": [0.6428571343421936, 0.6508928537368774, 0.668749988079071, 0.6875, 0.7008928656578064, 0.7124999761581421, 0.7214285731315613, 0.7241071462631226, 0.731249988079071, 0.7348214387893677], "ensemble_no_transfer_learning_ensemble_loss": [1.2568607330322266, 0.9607058167457581, 0.8531407117843628, 0.7857779860496521, 0.7387386560440063, 0.7040603756904602, 0.6752098202705383, 0.6519148349761963, 0.631083071231842, 0.6134406328201294], "ensemble_no_transfer_learning_ensemble_accuracy": [0.5989285707473755, 0.6692857146263123, 0.6916666626930237, 0.7283630967140198, 0.7417857050895691, 0.751160740852356, 0.7599107027053833, 0.7678868770599365, 0.7767857313156128, 0.7823214530944824], "ensemble_no_transfer_learning_ensemble_val_loss": [1.0618642568588257, 0.9042374491691589, 0.8291110992431641, 0.8001813888549805, 0.8098233938217163, 0.7765910625457764, 0.7542651891708374, 0.7506369948387146, 0.7171958684921265, 0.7199678421020508], "ensemble_no_transfer_learning_ensemble_val_accuracy": [0.6089285612106323, 0.6339285969734192, 0.6785714030265808, 0.6955357193946838, 0.7205356955528259, 0.7330357432365417, 0.7428571581840515, 0.7392857074737549, 0.7446428537368774, 0.7455357313156128]}