{"baseline_loss": [1.951026201248169, 1.4094599485397339, 1.1966774463653564, 1.1149181127548218, 1.038556694984436, 0.9617125391960144, 0.9259551763534546, 0.8897408246994019, 0.8479772806167603, 0.8301100730895996], "baseline_accuracy": [0.25468748807907104, 0.5433593988418579, 0.6546875238418579, 0.694140613079071, 0.7289062738418579, 0.7593749761581421, 0.771484375, 0.785937488079071, 0.818359375, 0.8199218511581421], "baseline_val_loss": [1.4993535280227661, 1.2228832244873047, 1.0715099573135376, 0.9787982106208801, 0.9044349193572998, 0.8563276529312134, 0.7984271049499512, 0.765099823474884, 0.7273110747337341, 0.699180006980896], "baseline_val_accuracy": [0.4736842215061188, 0.6052631735801697, 0.6842105388641357, 0.7236841917037964, 0.7763158082962036, 0.7763158082962036, 0.8289473652839661, 0.8552631735801697, 0.8552631735801697, 0.8684210777282715], "baseline_no_transfer_learning_base_loss": [1.3925644159317017, 1.1362049579620361, 1.0288777351379395, 0.9544846415519714, 0.8943670392036438, 0.8468208312988281, 0.8075689077377319, 0.7715818285942078, 0.7390061616897583, 0.7097048759460449], "baseline_no_transfer_learning_base_accuracy": [0.561328113079071, 0.6890624761581421, 0.7421875, 0.7816406488418579, 0.8003906011581421, 0.819531261920929, 0.8265625238418579, 0.8414062261581421, 0.8550781011581421, 0.866015613079071], "baseline_no_transfer_learning_base_val_loss": [1.8511255979537964, 2.089017868041992, 2.1588268280029297, 1.9543248414993286, 1.6035696268081665, 1.2739838361740112, 1.071933627128601, 0.946220874786377, 0.8729192018508911, 0.8082064390182495], "baseline_no_transfer_learning_base_val_accuracy": [0.21052631735801697, 0.21052631735801697, 0.25, 0.28947368264198303, 0.3815789520740509, 0.5921052694320679, 0.6842105388641357, 0.75, 0.75, 0.7763158082962036]}