{"ensemble_loss": [2.2252349853515625, 1.8047930002212524, 1.6126364469528198, 1.4867210388183594, 1.3925397396087646, 1.3147658109664917, 1.2501118183135986, 1.195284366607666, 1.1471490859985352, 1.1054998636245728], "ensemble_accuracy": [0.5046296119689941, 0.7123842835426331, 0.7815971970558167, 0.8255786895751953, 0.8461805582046509, 0.8579860925674438, 0.8675925731658936, 0.8747684955596924, 0.8809027671813965, 0.8842592835426331], "ensemble_val_loss": [1.9785820245742798, 1.7093361616134644, 1.544442057609558, 1.437530279159546, 1.3554247617721558, 1.2869362831115723, 1.229402780532837, 1.180060863494873, 1.1362580060958862, 1.1001311540603638], "ensemble_val_accuracy": [0.6418439745903015, 0.7695035338401794, 0.8191489577293396, 0.847517728805542, 0.8510638475418091, 0.8652482032775879, 0.8581560254096985, 0.8546099066734314, 0.8546099066734314, 0.8581560254096985], "ensemble_no_transfer_learning_ensemble_loss": [1.5867253541946411, 1.0043646097183228, 0.7838889360427856, 0.6380656957626343, 0.5425954461097717, 0.4813888967037201, 0.43367472290992737, 0.3890281319618225, 0.34752747416496277, 0.3164216876029968], "ensemble_no_transfer_learning_ensemble_accuracy": [0.7189815044403076, 0.8582175970077515, 0.8954861164093018, 0.9204860925674438, 0.9392361044883728, 0.954745352268219, 0.9621527791023254, 0.967129647731781, 0.971875011920929, 0.9755787253379822], "ensemble_no_transfer_learning_ensemble_val_loss": [3.886861562728882, 1.5759395360946655, 0.8158228993415833, 0.6776137948036194, 0.5899645090103149, 0.5379073619842529, 0.48564428091049194, 0.44872555136680603, 0.4066019654273987, 0.37452858686447144], "ensemble_no_transfer_learning_ensemble_val_accuracy": [0.07092198729515076, 0.478723406791687, 0.8546099066734314, 0.8510638475418091, 0.8829787373542786, 0.9007092118263245, 0.9007092118263245, 0.9007092118263245, 0.9078013896942139, 0.9078013896942139]}