{"ensemble_loss": [3.6475346088409424, 3.237220287322998, 2.9481678009033203, 2.711019277572632, 2.5174002647399902, 2.364593505859375, 2.2375152111053467, 2.131519079208374, 2.0431838035583496, 1.9705955982208252], "ensemble_accuracy": [0.25678879022598267, 0.43825429677963257, 0.529849112033844, 0.6205819249153137, 0.6987069249153137, 0.7424569129943848, 0.7712284326553345, 0.7959051728248596, 0.8120689392089844, 0.8197198510169983], "ensemble_val_loss": [4.231414318084717, 3.6955976486206055, 2.9539663791656494, 2.753427743911743, 2.5813024044036865, 2.45089054107666, 2.324179172515869, 2.3026154041290283, 2.169840097427368, 2.144225835800171], "ensemble_val_accuracy": [0.013333333656191826, 0.07999999821186066, 0.4300000071525574, 0.49666666984558105, 0.5099999904632568, 0.5766666531562805, 0.6100000143051147, 0.5933333039283752, 0.6933333277702332, 0.6566666960716248]}