{"baseline_loss": [0.6263983249664307, 0.457408607006073, 0.4171696901321411, 0.3807280957698822, 0.3713495135307312, 0.35689207911491394, 0.34425613284111023, 0.33377355337142944, 0.3337743878364563, 0.32105913758277893], "baseline_accuracy": [0.7513124942779541, 0.8279374837875366, 0.8422499895095825, 0.8526250123977661, 0.8565624952316284, 0.8585000038146973, 0.8661249876022339, 0.8709999918937683, 0.8710625171661377, 0.8759375214576721], "baseline_val_loss": [0.6948949694633484, 0.5794677734375, 0.5205391645431519, 0.48782041668891907, 0.4673217535018921, 0.439914345741272, 0.4424059987068176, 0.43573349714279175, 0.4420967698097229, 0.4252777099609375], "baseline_val_accuracy": [0.7026515007019043, 0.7556818127632141, 0.7784090638160706, 0.8049242496490479, 0.8181818127632141, 0.8257575631141663, 0.8219696879386902, 0.8371211886405945, 0.8352272510528564, 0.8314393758773804], "baseline_no_transfer_learning_base_loss": [0.47897398471832275, 0.37701261043548584, 0.34336569905281067, 0.31713756918907166, 0.29474368691444397, 0.2737765610218048, 0.2551075518131256, 0.23801665008068085, 0.22211603820323944, 0.20795531570911407], "baseline_no_transfer_learning_base_accuracy": [0.8182500004768372, 0.8541250228881836, 0.866937518119812, 0.8776249885559082, 0.8883749842643738, 0.9003124833106995, 0.9091874957084656, 0.9199374914169312, 0.9282500147819519, 0.9341250061988831], "baseline_no_transfer_learning_base_val_loss": [0.6651743054389954, 0.5231152176856995, 0.5017968416213989, 0.47762158513069153, 0.4628107249736786, 0.4201542139053345, 0.4987700581550598, 1.0699291229248047, 1.2234870195388794, 1.9678971767425537], "baseline_no_transfer_learning_base_val_accuracy": [0.7291666865348816, 0.7367424368858337, 0.7651515007019043, 0.7916666865348816, 0.7973484992980957, 0.8295454382896423, 0.7424242496490479, 0.6193181872367859, 0.6193181872367859, 0.6060606241226196]}