{"ensemble_loss": [0.5578396320343018, 0.46424469351768494, 0.4316160976886749, 0.4132785201072693, 0.399959534406662, 0.38937947154045105, 0.3806806802749634, 0.37326744198799133, 0.36675214767456055, 0.36087384819984436], "ensemble_accuracy": [0.7785714268684387, 0.8138392567634583, 0.8239583373069763, 0.8333333134651184, 0.8379464149475098, 0.8413690328598022, 0.8441964387893677, 0.8461309671401978, 0.8480654954910278, 0.8523809313774109], "ensemble_val_loss": [0.5823237299919128, 0.5150296092033386, 0.48404574394226074, 0.46962958574295044, 0.4603702127933502, 0.45396876335144043, 0.44910821318626404, 0.4444349408149719, 0.4406261444091797, 0.43725958466529846], "ensemble_val_accuracy": [0.6301369667053223, 0.7488584518432617, 0.7488584518432617, 0.767123281955719, 0.7808219194412231, 0.7853881120681763, 0.7808219194412231, 0.7808219194412231, 0.7808219194412231, 0.7808219194412231], "ensemble_no_transfer_learning_ensemble_loss": [0.4678003489971161, 0.37365272641181946, 0.3466334640979767, 0.3286152184009552, 0.3129836618900299, 0.2983429729938507, 0.2854982912540436, 0.27233657240867615, 0.2603718042373657, 0.25007227063179016], "ensemble_no_transfer_learning_ensemble_accuracy": [0.7979166507720947, 0.8440476059913635, 0.854315459728241, 0.8620535731315613, 0.8669642806053162, 0.8697916865348816, 0.8721725940704346, 0.8773809671401978, 0.8812500238418579, 0.8848214149475098], "ensemble_no_transfer_learning_ensemble_val_loss": [2.2512316703796387, 2.202019214630127, 0.9297525882720947, 0.6895362734794617, 0.7149207592010498, 0.5446021556854248, 0.49384039640426636, 0.4506325125694275, 0.4266568422317505, 0.42200300097465515], "ensemble_no_transfer_learning_ensemble_val_accuracy": [0.4611872136592865, 0.4611872136592865, 0.4885844886302948, 0.6575342416763306, 0.6255707740783691, 0.77625572681427, 0.7808219194412231, 0.8082191944122314, 0.8082191944122314, 0.8173515796661377]}