{"ensemble_loss": [3.9263010025024414, 3.7312676906585693, 3.6371207237243652, 3.5675714015960693, 3.507946252822876, 3.4560470581054688, 3.409372329711914, 3.367049217224121, 3.3285000324249268, 3.2919788360595703], "ensemble_accuracy": [0.06896551698446274, 0.12553879618644714, 0.1803879290819168, 0.22747844457626343, 0.26163792610168457, 0.29622843861579895, 0.3367456793785095, 0.37338361144065857, 0.395366370677948, 0.4161638021469116], "ensemble_val_loss": [3.829061269760132, 3.710205554962158, 3.631821393966675, 3.5691757202148438, 3.513632297515869, 3.4634647369384766, 3.418063163757324, 3.3769044876098633, 3.3387651443481445, 3.302320718765259], "ensemble_val_accuracy": [0.07666666805744171, 0.12999999523162842, 0.22333332896232605, 0.23333333432674408, 0.2800000011920929, 0.3100000023841858, 0.31333333253860474, 0.33666667342185974, 0.3799999952316284, 0.3933333456516266], "ensemble_no_transfer_learning_ensemble_loss": [3.6475346088409424, 3.237220287322998, 2.9481678009033203, 2.711019277572632, 2.5174002647399902, 2.364593505859375, 2.2375152111053467, 2.131519079208374, 2.0431838035583496, 1.9705955982208252], "ensemble_no_transfer_learning_ensemble_accuracy": [0.25678879022598267, 0.43825429677963257, 0.529849112033844, 0.6205819249153137, 0.6987069249153137, 0.7424569129943848, 0.7712284326553345, 0.7959051728248596, 0.8120689392089844, 0.8197198510169983], "ensemble_no_transfer_learning_ensemble_val_loss": [4.231414318084717, 3.6955976486206055, 2.9539663791656494, 2.753427743911743, 2.5813024044036865, 2.45089054107666, 2.324179172515869, 2.3026154041290283, 2.169840097427368, 2.144225835800171], "ensemble_no_transfer_learning_ensemble_val_accuracy": [0.013333333656191826, 0.07999999821186066, 0.4300000071525574, 0.49666666984558105, 0.5099999904632568, 0.5766666531562805, 0.6100000143051147, 0.5933333039283752, 0.6933333277702332, 0.6566666960716248]}