{"ensemble_loss": [0.6638115048408508, 0.5754191279411316, 0.513516902923584, 0.4673060476779938, 0.43034443259239197, 0.39979618787765503, 0.37402793765068054, 0.352081298828125, 0.3332274556159973, 0.3169390559196472], "ensemble_accuracy": [0.6187499761581421, 0.8687499761581421, 0.9375, 0.9593750238418579, 0.9750000238418579, 0.9750000238418579, 0.987500011920929, 0.981249988079071, 0.981249988079071, 0.9781249761581421], "ensemble_val_loss": [0.6621963977813721, 0.6288926601409912, 0.5964552164077759, 0.5620424151420593, 0.5285772085189819, 0.5014429688453674, 0.479699045419693, 0.4612000584602356, 0.4438295364379883, 0.42941492795944214], "ensemble_val_accuracy": [0.5, 0.5, 0.6000000238418579, 0.6000000238418579, 0.699999988079071, 0.699999988079071, 0.699999988079071, 0.699999988079071, 1.0, 1.0], "ensemble_no_transfer_learning_ensemble_loss": [0.555628776550293, 0.39494043588638306, 0.31898343563079834, 0.2706111967563629, 0.23726089298725128, 0.21227610111236572, 0.1925451159477234, 0.1765037626028061, 0.16301114857196808, 0.1515367180109024], "ensemble_no_transfer_learning_ensemble_accuracy": [0.796875, 0.9281250238418579, 0.9375, 0.956250011920929, 0.965624988079071, 0.965624988079071, 0.965624988079071, 0.96875, 0.9750000238418579, 0.981249988079071], "ensemble_no_transfer_learning_ensemble_val_loss": [0.6969544291496277, 0.7087541818618774, 0.7449518442153931, 0.8051530122756958, 0.8848193883895874, 0.9818671941757202, 1.09149169921875, 1.2117514610290527, 1.3380156755447388, 1.4683005809783936], "ensemble_no_transfer_learning_ensemble_val_accuracy": [0.20000000298023224, 0.20000000298023224, 0.20000000298023224, 0.20000000298023224, 0.20000000298023224, 0.20000000298023224, 0.20000000298023224, 0.20000000298023224, 0.20000000298023224, 0.20000000298023224]}