{"ensemble_loss": [3.0744240283966064, 2.866288423538208, 2.7698183059692383, 2.70576810836792, 2.656496047973633, 2.61497163772583, 2.5788488388061523, 2.5475528240203857, 2.5197012424468994, 2.49385404586792], "ensemble_accuracy": [0.09829545766115189, 0.2103693187236786, 0.26846590638160706, 0.29076704382896423, 0.3035511374473572, 0.3170454502105713, 0.3275568187236786, 0.3434658944606781, 0.3528409004211426, 0.3656249940395355], "ensemble_val_loss": [3.0638530254364014, 2.901219367980957, 2.8073618412017822, 2.758763074874878, 2.7258317470550537, 2.6976523399353027, 2.67396879196167, 2.653899908065796, 2.634803295135498, 2.618350028991699], "ensemble_val_accuracy": [0.07488986849784851, 0.1409691572189331, 0.1629955917596817, 0.1938326060771942, 0.2511013150215149, 0.2731277644634247, 0.2819383144378662, 0.3127753436565399, 0.33039647340774536, 0.32158589363098145], "ensemble_no_transfer_learning_ensemble_loss": [2.781193971633911, 2.499882936477661, 2.3478615283966064, 2.2298057079315186, 2.133629560470581, 2.0525882244110107, 1.9818490743637085, 1.9181798696517944, 1.8598307371139526, 1.8074140548706055], "ensemble_no_transfer_learning_ensemble_accuracy": [0.24346591532230377, 0.36619317531585693, 0.4215908944606781, 0.46164771914482117, 0.4900568127632141, 0.5224431753158569, 0.5430397987365723, 0.5643466114997864, 0.5832386612892151, 0.5987215638160706], "ensemble_no_transfer_learning_ensemble_val_loss": [3.2682301998138428, 3.013359785079956, 2.568755865097046, 2.4608752727508545, 2.402860164642334, 2.3524765968322754, 2.321742296218872, 2.2971785068511963, 2.2682363986968994, 2.248025894165039], "ensemble_no_transfer_learning_ensemble_val_accuracy": [0.07048457860946655, 0.07929515093564987, 0.24229075014591217, 0.3876652121543884, 0.38325992226600647, 0.36563876271247864, 0.3876652121543884, 0.36563876271247864, 0.3876652121543884, 0.38325992226600647]}