{"baseline_loss": [3.2126941680908203, 2.6599137783050537, 2.2820372581481934, 2.0038366317749023, 1.7993940114974976, 1.631519079208374, 1.5121283531188965, 1.403802752494812, 1.3147255182266235, 1.2465615272521973], "baseline_accuracy": [0.22622179985046387, 0.39863720536231995, 0.48381108045578003, 0.5317434072494507, 0.5731202960014343, 0.6028430461883545, 0.6271851658821106, 0.6497650146484375, 0.665930449962616, 0.6761748194694519], "baseline_val_loss": [2.840223789215088, 2.42946720123291, 2.1147091388702393, 1.862973690032959, 1.686802625656128, 1.577170968055725, 1.4907550811767578, 1.3780806064605713, 1.2587978839874268, 1.2719776630401611], "baseline_val_accuracy": [0.3855932056903839, 0.4336158335208893, 0.5218926668167114, 0.5564971566200256, 0.5515536665916443, 0.5692090392112732, 0.5685028433799744, 0.6080508232116699, 0.6490113139152527, 0.6398305296897888]}