{"ensemble_loss": [1.4054439067840576, 1.283465027809143, 1.1867077350616455, 1.1076529026031494, 1.0414519309997559, 0.9848611354827881, 0.9361238479614258, 0.8941584825515747, 0.857934832572937, 0.8262317180633545], "ensemble_accuracy": [0.2395833283662796, 0.25312501192092896, 0.36145833134651184, 0.515625, 0.6770833134651184, 0.7833333611488342, 0.8302083611488342, 0.856249988079071, 0.8666666746139526, 0.8739583492279053], "ensemble_val_loss": [1.396757960319519, 1.3089250326156616, 1.257015347480774, 1.2138280868530273, 1.1762101650238037, 1.1410329341888428, 1.107021450996399, 1.0747499465942383, 1.0430911779403687, 1.0116701126098633], "ensemble_val_accuracy": [0.2857142984867096, 0.25, 0.25, 0.2857142984867096, 0.2857142984867096, 0.2857142984867096, 0.3571428656578064, 0.5, 0.5, 0.5], "ensemble_no_transfer_learning_ensemble_loss": [1.1022869348526, 0.8386361598968506, 0.6997973322868347, 0.5989360809326172, 0.5195198059082031, 0.4530968964099884, 0.3967475891113281, 0.34885674715042114, 0.3077754080295563, 0.27216607332229614], "ensemble_no_transfer_learning_ensemble_accuracy": [0.5958333611488342, 0.7447916865348816, 0.8656250238418579, 0.9156249761581421, 0.953125, 0.965624988079071, 0.9760416746139526, 0.9833333492279053, 0.9906250238418579, 0.9916666746139526], "ensemble_no_transfer_learning_ensemble_val_loss": [1.3585453033447266, 1.3489466905593872, 1.4109069108963013, 1.5110386610031128, 1.616984486579895, 1.6855895519256592, 1.6839244365692139, 1.608843445777893, 1.4833630323410034, 1.352715253829956], "ensemble_no_transfer_learning_ensemble_val_accuracy": [0.3928571343421936, 0.25, 0.25, 0.25, 0.25, 0.25, 0.25, 0.25, 0.25, 0.5714285969734192]}