{"baseline_loss": [2.0095298290252686, 1.6514909267425537, 1.5258386135101318, 1.4480550289154053, 1.398073673248291, 1.3506306409835815, 1.326168417930603, 1.2778608798980713, 1.2558597326278687, 1.2362545728683472], "baseline_accuracy": [0.2829427123069763, 0.5209635496139526, 0.5833333134651184, 0.6110677123069763, 0.6287760138511658, 0.6428385376930237, 0.6440104246139526, 0.6611979007720947, 0.6625000238418579, 0.664843738079071], "baseline_val_loss": [1.8773479461669922, 1.7539067268371582, 1.671032190322876, 1.6174582242965698, 1.5754539966583252, 1.5363953113555908, 1.5010643005371094, 1.48488187789917, 1.4703404903411865, 1.4581618309020996], "baseline_val_accuracy": [0.36399999260902405, 0.42800000309944153, 0.515999972820282, 0.5080000162124634, 0.5320000052452087, 0.5239999890327454, 0.5519999861717224, 0.5920000076293945, 0.5920000076293945, 0.6119999885559082], "baseline_no_transfer_learning_base_loss": [1.7737643718719482, 1.5193716287612915, 1.401680588722229, 1.322068691253662, 1.2591766119003296, 1.2070118188858032, 1.161685585975647, 1.121073842048645, 1.0848013162612915, 1.0516061782836914], "baseline_no_transfer_learning_base_accuracy": [0.4585937559604645, 0.5601562261581421, 0.5908854007720947, 0.6119791865348816, 0.6283854246139526, 0.6408854126930237, 0.6565104126930237, 0.6731770634651184, 0.6839843988418579, 0.6950520873069763], "baseline_no_transfer_learning_base_val_loss": [2.2112200260162354, 1.8512651920318604, 1.554577350616455, 1.4408148527145386, 1.3827074766159058, 1.342849850654602, 1.3094656467437744, 1.2878717184066772, 1.2824312448501587, 1.2889155149459839], "baseline_no_transfer_learning_base_val_accuracy": [0.1599999964237213, 0.40799999237060547, 0.5360000133514404, 0.5799999833106995, 0.6039999723434448, 0.6240000128746033, 0.628000020980835, 0.6159999966621399, 0.6000000238418579, 0.6039999723434448]}