{"ensemble_loss": [1.067224144935608, 0.8028476238250732, 0.6938259601593018, 0.6228729486465454, 0.5725857615470886, 0.5343602299690247, 0.501125156879425, 0.4729686975479126, 0.4488995373249054, 0.4286928176879883], "ensemble_accuracy": [0.7542187571525574, 0.8406770825386047, 0.8522916436195374, 0.8618229031562805, 0.8699479103088379, 0.8770833611488342, 0.8837500214576721, 0.8874478936195374, 0.8917187452316284, 0.8956770896911621], "ensemble_val_loss": [0.9495790004730225, 0.7387795448303223, 0.6487207412719727, 0.5899267792701721, 0.5455244779586792, 0.5114585757255554, 0.4842429459095001, 0.45717793703079224, 0.4374468922615051, 0.421467125415802], "ensemble_val_accuracy": [0.7753164768218994, 0.8370253443717957, 0.8401898741722107, 0.8544303774833679, 0.8686708807945251, 0.871835470199585, 0.878164529800415, 0.8829113841056824, 0.8860759735107422, 0.8955696225166321], "ensemble_no_transfer_learning_ensemble_loss": [0.7544217705726624, 0.4715554714202881, 0.3705148696899414, 0.3107328414916992, 0.2726666033267975, 0.24502958357334137, 0.22200223803520203, 0.2024664729833603, 0.1877811700105667, 0.17538870871067047], "ensemble_no_transfer_learning_ensemble_accuracy": [0.7983333468437195, 0.8732291460037231, 0.8978124856948853, 0.9151041507720947, 0.9250521063804626, 0.932812511920929, 0.9399479031562805, 0.94552081823349, 0.94921875, 0.9537500143051147], "ensemble_no_transfer_learning_ensemble_val_loss": [1.0075265169143677, 0.6041943430900574, 0.4229723811149597, 0.4944007992744446, 0.4646206200122833, 0.516738772392273, 0.7129872441291809, 0.5563403964042664, 0.702444851398468, 0.8470334410667419], "ensemble_no_transfer_learning_ensemble_val_accuracy": [0.5458860993385315, 0.8702531456947327, 0.9018987417221069, 0.8670886158943176, 0.8734177350997925, 0.8844936490058899, 0.6772152185440063, 0.8037974834442139, 0.7262658476829529, 0.672468364238739]}