{"ensemble_loss": [0.5894902348518372, 0.43180596828460693, 0.40537524223327637, 0.3921155035495758, 0.3798846900463104, 0.3711332380771637, 0.36319997906684875, 0.3575860857963562, 0.3522176742553711, 0.3474684953689575], "ensemble_accuracy": [0.809583306312561, 0.8349999785423279, 0.8422916531562805, 0.8443750143051147, 0.8475000262260437, 0.8489583134651184, 0.8522916436195374, 0.8518750071525574, 0.8543750047683716, 0.8554166555404663], "ensemble_val_loss": [1.552090048789978, 1.9915958642959595, 1.971142053604126, 0.9606067538261414, 0.3896520137786865, 0.33786913752555847, 0.31312277913093567, 0.32681700587272644, 0.3339604139328003, 0.33465778827667236], "ensemble_val_accuracy": [0.32894736528396606, 0.32894736528396606, 0.7171052694320679, 0.7171052694320679, 0.8552631735801697, 0.9013158082962036, 0.875, 0.9013158082962036, 0.9013158082962036, 0.8552631735801697]}