{"baseline_loss": [1.7009947299957275, 1.24226713180542, 1.065847635269165, 0.9657503366470337, 0.8901376724243164, 0.8296884298324585, 0.7869200110435486, 0.7675713300704956, 0.7201464176177979, 0.6866336464881897], "baseline_accuracy": [0.4870370328426361, 0.677314817905426, 0.7250000238418579, 0.7481481432914734, 0.7761573791503906, 0.7901620268821716, 0.805439829826355, 0.805439829826355, 0.8282407522201538, 0.8320601582527161], "baseline_val_loss": [1.4616948366165161, 1.2116878032684326, 1.0891565084457397, 0.9962175488471985, 0.9417123794555664, 0.8883570432662964, 0.8587102293968201, 0.8317961096763611, 0.8056038022041321, 0.7857592701911926], "baseline_val_accuracy": [0.5104895234107971, 0.5909090638160706, 0.6258741021156311, 0.6363636255264282, 0.6433566212654114, 0.6783216595649719, 0.692307710647583, 0.7097902297973633, 0.7272727489471436, 0.7132866978645325], "baseline_no_transfer_learning_base_loss": [1.589047908782959, 1.1437946557998657, 0.9442514777183533, 0.8141971826553345, 0.7220724821090698, 0.6526820063591003, 0.5973390936851501, 0.5519730448722839, 0.5138252973556519, 0.4810948073863983], "baseline_no_transfer_learning_base_accuracy": [0.5197916626930237, 0.6805555820465088, 0.7520833611488342, 0.7869213223457336, 0.8098379373550415, 0.8273147940635681, 0.842129647731781, 0.8542823791503906, 0.8620370626449585, 0.8694444298744202], "baseline_no_transfer_learning_base_val_loss": [2.326504707336426, 1.3075917959213257, 0.9469701647758484, 0.8250715732574463, 0.7537990212440491, 0.711348295211792, 0.6762979626655579, 0.6588574647903442, 0.6333837509155273, 0.6194589734077454], "baseline_no_transfer_learning_base_val_accuracy": [0.1818181872367859, 0.6258741021156311, 0.7237762212753296, 0.7342657446861267, 0.748251736164093, 0.748251736164093, 0.748251736164093, 0.748251736164093, 0.7587412595748901, 0.7727272510528564]}