{"baseline_loss": [0.31929346919059753, 0.14020198583602905, 0.10109484195709229, 0.07415022701025009, 0.060122814029455185, 0.046827200800180435, 0.043691668659448624, 0.03705056011676788, 0.03002392128109932, 0.02968994341790676], "baseline_accuracy": [0.8727272748947144, 0.9585227370262146, 0.9784091114997864, 0.9897727370262146, 0.9920454621315002, 0.9940341114997864, 0.9951704740524292, 0.996874988079071, 0.9988636374473572, 0.9980113506317139], "baseline_val_loss": [0.22409644722938538, 0.1068936437368393, 0.07536682486534119, 0.051938969641923904, 0.04839721694588661, 0.030214613303542137, 0.025180866941809654, 0.02267257496714592, 0.017544034868478775, 0.014657974243164062], "baseline_val_accuracy": [0.982300877571106, 0.982300877571106, 1.0, 1.0, 1.0, 1.0, 1.0, 1.0, 1.0, 1.0], "baseline_no_transfer_learning_base_loss": [0.2553984522819519, 0.14729337394237518, 0.10931004583835602, 0.0879497155547142, 0.07427293062210083, 0.06292754411697388, 0.05471663922071457, 0.04612255468964577, 0.04164556413888931, 0.035262465476989746], "baseline_no_transfer_learning_base_accuracy": [0.9042613506317139, 0.9528409242630005, 0.9678977131843567, 0.9786931872367859, 0.9840909242630005, 0.9877840876579285, 0.9909090995788574, 0.9931818246841431, 0.9931818246841431, 0.9940341114997864], "baseline_no_transfer_learning_base_val_loss": [1.0265470743179321, 1.57137131690979, 1.1586382389068604, 0.39186152815818787, 0.13409577310085297, 0.08089985698461533, 0.08615417033433914, 0.08600718528032303, 0.06476949900388718, 0.051171205937862396], "baseline_no_transfer_learning_base_val_accuracy": [0.40707963705062866, 0.40707963705062866, 0.40707963705062866, 0.8053097128868103, 0.982300877571106, 0.982300877571106, 0.9734513163566589, 0.9734513163566589, 0.982300877571106, 0.9646017551422119]}