{"ensemble_loss": [2.2037739753723145, 1.7880258560180664, 1.6024376153945923, 1.4766145944595337, 1.3817328214645386, 1.3044798374176025, 1.2388720512390137, 1.1815810203552246, 1.1319156885147095, 1.0884737968444824], "ensemble_accuracy": [0.48923611640930176, 0.7206018567085266, 0.8075231313705444, 0.8341435194015503, 0.8434028029441833, 0.8439815044403076, 0.847569465637207, 0.8495370149612427, 0.8525462746620178, 0.8560185432434082], "ensemble_val_loss": [2.0535216331481934, 1.7628077268600464, 1.5862441062927246, 1.4763215780258179, 1.3900785446166992, 1.318898320198059, 1.2571251392364502, 1.202754259109497, 1.1558386087417603, 1.1142442226409912], "ensemble_val_accuracy": [0.4751773178577423, 0.7730496525764465, 0.804964542388916, 0.8368794322013855, 0.8297872543334961, 0.8510638475418091, 0.8510638475418091, 0.8546099066734314, 0.8581560254096985, 0.8546099066734314], "ensemble_no_transfer_learning_ensemble_loss": [1.5867253541946411, 1.0043646097183228, 0.7838889360427856, 0.6380656957626343, 0.5425954461097717, 0.4813888967037201, 0.43367472290992737, 0.3890281319618225, 0.34752747416496277, 0.3164216876029968], "ensemble_no_transfer_learning_ensemble_accuracy": [0.7189815044403076, 0.8582175970077515, 0.8954861164093018, 0.9204860925674438, 0.9392361044883728, 0.954745352268219, 0.9621527791023254, 0.967129647731781, 0.971875011920929, 0.9755787253379822], "ensemble_no_transfer_learning_ensemble_val_loss": [3.886861562728882, 1.5759395360946655, 0.8158228993415833, 0.6776137948036194, 0.5899645090103149, 0.5379073619842529, 0.48564428091049194, 0.44872555136680603, 0.4066019654273987, 0.37452858686447144], "ensemble_no_transfer_learning_ensemble_val_accuracy": [0.07092198729515076, 0.478723406791687, 0.8546099066734314, 0.8510638475418091, 0.8829787373542786, 0.9007092118263245, 0.9007092118263245, 0.9007092118263245, 0.9078013896942139, 0.9078013896942139]}