{"baseline_loss": [3.463540554046631, 3.184800148010254, 2.9949727058410645, 2.8596160411834717, 2.800929307937622, 2.7283952236175537, 2.672163248062134, 2.595926523208618, 2.551237106323242, 2.5232768058776855], "baseline_accuracy": [0.07148437201976776, 0.142578125, 0.19882813096046448, 0.24687500298023224, 0.26249998807907104, 0.27265626192092896, 0.28593748807907104, 0.3082031309604645, 0.33281248807907104, 0.3343749940395355], "baseline_val_loss": [3.4078283309936523, 3.2459161281585693, 3.1083567142486572, 3.003058433532715, 2.9289608001708984, 2.8526453971862793, 2.796790361404419, 2.7423834800720215, 2.6832191944122314, 2.630514144897461], "baseline_val_accuracy": [0.07058823853731155, 0.11764705926179886, 0.1764705926179886, 0.1882352977991104, 0.1764705926179886, 0.25882354378700256, 0.34117648005485535, 0.30588236451148987, 0.3176470696926117, 0.34117648005485535], "baseline_no_transfer_learning_base_loss": [3.0429329872131348, 2.7919163703918457, 2.657822847366333, 2.5616230964660645, 2.480823040008545, 2.4145712852478027, 2.3561863899230957, 2.301266670227051, 2.248728036880493, 2.199906349182129], "baseline_no_transfer_learning_base_accuracy": [0.14882811903953552, 0.255859375, 0.3460937440395355, 0.4222656190395355, 0.48046875, 0.515625, 0.533203125, 0.555859386920929, 0.561328113079071, 0.575390636920929], "baseline_no_transfer_learning_base_val_loss": [3.2612481117248535, 3.2787561416625977, 3.2421624660491943, 3.130422830581665, 2.9518215656280518, 2.7445406913757324, 2.5266129970550537, 2.3694448471069336, 2.2701642513275146, 2.2060506343841553], "baseline_no_transfer_learning_base_val_accuracy": [0.07058823853731155, 0.07058823853731155, 0.10588235408067703, 0.0941176488995552, 0.1411764770746231, 0.23529411852359772, 0.29411765933036804, 0.4117647111415863, 0.4470588266849518, 0.47058823704719543]}