{"ensemble_loss": [2.97619366645813, 2.713880777359009, 2.563924789428711, 2.4469308853149414, 2.3529369831085205, 2.276019334793091, 2.2101247310638428, 2.1524832248687744, 2.101327419281006, 2.055241107940674], "ensemble_accuracy": [0.21757812798023224, 0.36796873807907104, 0.40937501192092896, 0.44999998807907104, 0.48124998807907104, 0.4996093809604645, 0.5113281011581421, 0.5269531011581421, 0.5472656488418579, 0.553515613079071], "ensemble_val_loss": [3.2402026653289795, 3.2250208854675293, 3.1871848106384277, 3.0954384803771973, 2.964984178543091, 2.822650909423828, 2.689164400100708, 2.5835719108581543, 2.4992382526397705, 2.427353620529175], "ensemble_val_accuracy": [0.03529411926865578, 0.03529411926865578, 0.0470588244497776, 0.0470588244497776, 0.0470588244497776, 0.0941176488995552, 0.15294118225574493, 0.1882352977991104, 0.25882354378700256, 0.29411765933036804]}