{"baseline_loss": [2.9189422130584717, 2.1923344135284424, 1.8370405435562134, 1.5999759435653687, 1.4260448217391968, 1.2967543601989746, 1.189798355102539, 1.097187876701355, 1.0202248096466064, 0.9544479846954346], "baseline_accuracy": [0.29883813858032227, 0.4802483916282654, 0.5505008101463318, 0.601722776889801, 0.6425280570983887, 0.6735777258872986, 0.6953125, 0.7161658406257629, 0.7331930994987488, 0.7484174966812134], "baseline_val_loss": [3.3615036010742188, 3.20896053314209, 3.2415592670440674, 3.332122325897217, 3.330410957336426, 3.212102174758911, 3.2955963611602783, 3.092589855194092, 3.9134113788604736, 3.057690143585205], "baseline_val_accuracy": [0.10048134624958038, 0.09867629408836365, 0.11070998758077621, 0.07581227272748947, 0.07821901142597198, 0.13838748633861542, 0.11251503974199295, 0.13838748633861542, 0.08965102583169937, 0.13176895678043365]}