{"ensemble_loss": [1.7541989088058472, 1.594978928565979, 1.5317178964614868, 1.4916107654571533, 1.461308240890503, 1.4366343021392822, 1.415838360786438, 1.397933006286621, 1.3822556734085083, 1.3683136701583862], "ensemble_accuracy": [0.34302884340286255, 0.43774038553237915, 0.46754807233810425, 0.4838942289352417, 0.4915865361690521, 0.49783653020858765, 0.5024038553237915, 0.5050480961799622, 0.5064904093742371, 0.5096153616905212], "ensemble_val_loss": [1.7371814250946045, 1.6297423839569092, 1.569713830947876, 1.520078182220459, 1.4861717224121094, 1.4678689241409302, 1.4554104804992676, 1.4441732168197632, 1.4338847398757935, 1.424352765083313], "ensemble_val_accuracy": [0.25581395626068115, 0.27906978130340576, 0.40310078859329224, 0.43410852551460266, 0.42635658383369446, 0.43410852551460266, 0.43410852551460266, 0.44186046719551086, 0.44186046719551086, 0.44186046719551086], "ensemble_no_transfer_learning_ensemble_loss": [1.6039713621139526, 1.463610291481018, 1.396926999092102, 1.3480541706085205, 1.3078054189682007, 1.2734465599060059, 1.2438760995864868, 1.2168729305267334, 1.1927428245544434, 1.1715677976608276], "ensemble_no_transfer_learning_ensemble_accuracy": [0.4141826927661896, 0.4834134578704834, 0.5045673251152039, 0.5252403616905212, 0.5439903736114502, 0.5548076629638672, 0.5620192289352417, 0.5711538195610046, 0.5762019157409668, 0.5826923251152039], "ensemble_no_transfer_learning_ensemble_val_loss": [1.973513126373291, 2.1628756523132324, 2.137208938598633, 1.7786552906036377, 1.4177106618881226, 1.3448760509490967, 1.344627857208252, 1.3623616695404053, 1.3464252948760986, 1.3521041870117188], "ensemble_no_transfer_learning_ensemble_val_accuracy": [0.1705426424741745, 0.1705426424741745, 0.1705426424741745, 0.21705426275730133, 0.44961240887641907, 0.41085270047187805, 0.40310078859329224, 0.38759690523147583, 0.39534884691238403, 0.38759690523147583]}