{"base_loss": [1.4290220737457275, 1.166426658630371, 1.0539933443069458, 0.9830507040023804, 0.9330334663391113, 0.8973032236099243, 0.8693368434906006, 0.8469784259796143, 0.8284721374511719, 0.8133695125579834], "base_accuracy": [0.555863082408905, 0.6334821581840515, 0.658005952835083, 0.673839271068573, 0.685535728931427, 0.6936011910438538, 0.7003571391105652, 0.706250011920929, 0.711904764175415, 0.715416669845581], "base_val_loss": [1.2492694854736328, 1.0768460035324097, 1.1125520467758179, 1.4573874473571777, 1.2359699010849, 1.3187190294265747, 1.017638087272644, 0.7606026530265808, 1.2228623628616333, 1.4033094644546509], "base_val_accuracy": [0.5616071224212646, 0.6607142686843872, 0.6169642806053162, 0.37589284777641296, 0.5116071701049805, 0.47678571939468384, 0.6357142925262451, 0.7392857074737549, 0.5321428775787354, 0.4491071403026581]}