{"ensemble_loss": [2.2520592212677, 1.966211199760437, 1.839499831199646, 1.75909423828125, 1.6990792751312256, 1.6512956619262695, 1.6120449304580688, 1.5783569812774658, 1.5487473011016846, 1.522101640701294], "ensemble_accuracy": [0.36052632331848145, 0.4848684072494507, 0.538322389125824, 0.5815789699554443, 0.6072368621826172, 0.6212171316146851, 0.6361842155456543, 0.6480262875556946, 0.6577302813529968, 0.6682565808296204], "ensemble_val_loss": [2.120540142059326, 1.9644041061401367, 1.8728069067001343, 1.8074495792388916, 1.7551493644714355, 1.7126230001449585, 1.6782602071762085, 1.6487457752227783, 1.6228864192962646, 1.599521279335022], "ensemble_val_accuracy": [0.4000000059604645, 0.41025641560554504, 0.4153846204280853, 0.4307692348957062, 0.49743589758872986, 0.5076923370361328, 0.5333333611488342, 0.5794872045516968, 0.5948718190193176, 0.620512843132019], "ensemble_no_transfer_learning_ensemble_loss": [1.9032542705535889, 1.553462028503418, 1.370959758758545, 1.2419683933258057, 1.1416571140289307, 1.0599560737609863, 0.9925850033760071, 0.9360740780830383, 0.8875288367271423, 0.845062792301178], "ensemble_no_transfer_learning_ensemble_accuracy": [0.44950658082962036, 0.6258223652839661, 0.7049342393875122, 0.75, 0.7828947305679321, 0.8088815808296204, 0.8263157606124878, 0.8388158082962036, 0.8521381616592407, 0.863322377204895], "ensemble_no_transfer_learning_ensemble_val_loss": [2.5119996070861816, 2.1954426765441895, 1.5995428562164307, 1.321221947669983, 1.2200431823730469, 1.1506489515304565, 1.0977392196655273, 1.0508863925933838, 1.0124479532241821, 0.9793848991394043], "ensemble_no_transfer_learning_ensemble_val_accuracy": [0.13846154510974884, 0.2102564126253128, 0.5128205418586731, 0.6666666865348816, 0.7076923251152039, 0.7025641202926636, 0.7435897588729858, 0.7435897588729858, 0.7743589878082275, 0.7897436022758484]}