{"ensemble_loss": [1.395215630531311, 0.7711576819419861, 0.5500413179397583, 0.4012199342250824, 0.30870547890663147, 0.2371254563331604, 0.1772616058588028, 0.14853936433792114, 0.1112578958272934, 0.06395518034696579], "ensemble_accuracy": [0.8169811367988586, 0.9607900977134705, 0.9853184223175049, 0.9931603670120239, 0.9962853789329529, 0.9976415038108826, 0.9986438751220703, 0.9996462464332581, 0.9997641444206238, 0.9997641444206238], "ensemble_val_loss": [1.154855728149414, 0.6738831996917725, 0.5003378987312317, 0.3811657428741455, 0.31336989998817444, 0.24940092861652374, 0.2041291892528534, 0.1823199838399887, 0.1439700722694397, 0.10527888685464859], "ensemble_val_accuracy": [0.9218472242355347, 0.9680284261703491, 0.9769093990325928, 0.9822379946708679, 0.9786856174468994, 0.9786856174468994, 0.9786856174468994, 0.9786856174468994, 0.9786856174468994, 0.9822379946708679]}