{"baseline_loss": [1.5009857416152954, 1.1953825950622559, 1.1048530340194702, 1.0551741123199463, 0.9921979308128357, 0.9841029644012451, 0.9362020492553711, 0.9267958402633667, 0.9005060195922852, 0.8866139650344849], "baseline_accuracy": [0.3911057710647583, 0.5598557591438293, 0.606249988079071, 0.6322115659713745, 0.6540865302085876, 0.6574519276618958, 0.6704326868057251, 0.668749988079071, 0.6817307472229004, 0.6814903616905212], "baseline_val_loss": [1.428206205368042, 1.2895362377166748, 1.224266767501831, 1.1715284585952759, 1.1494473218917847, 1.1125071048736572, 1.1319408416748047, 1.1074960231781006, 1.0789581537246704, 1.0958086252212524], "baseline_val_accuracy": [0.43703705072402954, 0.4888888895511627, 0.5629629492759705, 0.6222222447395325, 0.6074073910713196, 0.644444465637207, 0.5925925970077515, 0.585185170173645, 0.6074073910713196, 0.6222222447395325], "baseline_no_transfer_learning_base_loss": [1.3291926383972168, 1.0810432434082031, 0.9815917015075684, 0.9202342629432678, 0.874117910861969, 0.8343096375465393, 0.798068106174469, 0.7635445594787598, 0.7319717407226562, 0.7027341723442078], "baseline_no_transfer_learning_base_accuracy": [0.5072115659713745, 0.6132211685180664, 0.643750011920929, 0.6682692170143127, 0.6862980723381042, 0.701442301273346, 0.7153846025466919, 0.7286057472229004, 0.7435095906257629, 0.7586538195610046], "baseline_no_transfer_learning_base_val_loss": [2.027667999267578, 2.8717124462127686, 3.6400113105773926, 2.3533430099487305, 1.2012346982955933, 0.9724070429801941, 0.957023024559021, 0.9580985903739929, 0.9680797457695007, 0.935904324054718], "baseline_no_transfer_learning_base_val_accuracy": [0.2222222238779068, 0.15555556118488312, 0.15555556118488312, 0.25925925374031067, 0.4444444477558136, 0.5555555820465088, 0.5407407283782959, 0.5629629492759705, 0.5777778029441833, 0.5629629492759705]}