{"baseline_loss": [2.10949444770813, 1.6363906860351562, 1.4239146709442139, 1.2943065166473389, 1.192800521850586, 1.115537405014038, 1.0550719499588013, 1.0067594051361084, 0.9494638442993164, 0.9113006591796875], "baseline_accuracy": [0.41420939564704895, 0.5429086685180664, 0.5847088694572449, 0.6124332547187805, 0.6398771405220032, 0.6594017148017883, 0.6756410002708435, 0.691319465637207, 0.7100560665130615, 0.7200453877449036], "baseline_val_loss": [1.926690697669983, 1.644203782081604, 1.5629186630249023, 1.4660569429397583, 1.4213857650756836, 1.384207844734192, 1.3580459356307983, 1.4114168882369995, 1.2842341661453247, 1.4946895837783813], "baseline_val_accuracy": [0.44234633445739746, 0.539574146270752, 0.501406192779541, 0.5556448101997375, 0.5540377497673035, 0.5512253642082214, 0.5729208588600159, 0.5540377497673035, 0.5954198241233826, 0.5118521451950073]}