{"baseline_loss": [3.5427074432373047, 3.205190420150757, 2.981127977371216, 2.799532413482666, 2.637470245361328, 2.501857042312622, 2.3875932693481445, 2.2706735134124756, 2.176889419555664, 2.0854244232177734], "baseline_accuracy": [0.1243189126253128, 0.23449519276618958, 0.28745993971824646, 0.33453527092933655, 0.3597355782985687, 0.3850560784339905, 0.40232372283935547, 0.4270833432674408, 0.4470352530479431, 0.4704727530479431], "baseline_val_loss": [3.3800666332244873, 3.1015126705169678, 2.9729154109954834, 2.8478446006774902, 2.6711251735687256, 2.5625696182250977, 2.633554697036743, 2.4064228534698486, 2.3356773853302, 2.272874593734741], "baseline_val_accuracy": [0.14993953704833984, 0.20918984711170197, 0.22732768952846527, 0.27932286262512207, 0.3022974729537964, 0.26723095774650574, 0.22007255256175995, 0.33978235721588135, 0.35066506266593933, 0.338573157787323]}