{"ensemble_loss": [1.369066834449768, 1.2272560596466064, 1.1683127880096436, 1.13151216506958, 1.1043280363082886, 1.0817456245422363, 1.0636454820632935, 1.0479910373687744, 1.0336456298828125, 1.0210322141647339], "ensemble_accuracy": [0.4333333373069763, 0.5093749761581421, 0.5270833373069763, 0.5520833134651184, 0.5625, 0.5677083134651184, 0.5791666507720947, 0.5947916507720947, 0.6000000238418579, 0.6000000238418579], "ensemble_val_loss": [1.5957201719284058, 1.604142427444458, 1.6160374879837036, 1.618682861328125, 1.6101853847503662, 1.5919662714004517, 1.5680813789367676, 1.5385993719100952, 1.5101852416992188, 1.4792884588241577], "ensemble_val_accuracy": [0.3199999928474426, 0.2800000011920929, 0.2800000011920929, 0.2800000011920929, 0.3199999928474426, 0.3199999928474426, 0.36000001430511475, 0.36000001430511475, 0.36000001430511475, 0.36000001430511475]}