{"baseline_loss": [0.7691894769668579, 0.6610289812088013, 0.6234531998634338, 0.6161628365516663, 0.6009817123413086, 0.5943936109542847, 0.5817075371742249, 0.5841014385223389, 0.5768448710441589, 0.5649155378341675], "baseline_accuracy": [0.6538461446762085, 0.7052884697914124, 0.731249988079071, 0.7348557710647583, 0.7411057949066162, 0.7680288553237915, 0.7675480842590332, 0.7651442289352417, 0.770432710647583, 0.7824519276618958], "baseline_val_loss": [0.5220706462860107, 0.5001280903816223, 0.49186673760414124, 0.49135133624076843, 0.515333354473114, 0.5198405981063843, 0.49979883432388306, 0.493586927652359, 0.4950607717037201, 0.4838438928127289], "baseline_val_accuracy": [0.7553957104682922, 0.8201438784599304, 0.8561151027679443, 0.8345323801040649, 0.7913669347763062, 0.769784152507782, 0.8057553768157959, 0.8345323801040649, 0.7625899314880371, 0.8561151027679443], "baseline_no_transfer_learning_base_loss": [0.759936511516571, 0.6558852195739746, 0.6381908059120178, 0.6300451755523682, 0.6232311129570007, 0.6169620752334595, 0.6112638115882874, 0.6063663959503174, 0.6016093492507935, 0.5957568287849426], "baseline_no_transfer_learning_base_accuracy": [0.6677884459495544, 0.707932710647583, 0.7134615182876587, 0.7141826748847961, 0.7185096144676208, 0.7225961685180664, 0.7254807949066162, 0.7307692170143127, 0.7353365421295166, 0.7396634817123413], "baseline_no_transfer_learning_base_val_loss": [1.358550786972046, 2.09930682182312, 2.0838913917541504, 1.0675323009490967, 0.6218448877334595, 0.5886173248291016, 0.6059490442276001, 0.6048688292503357, 0.6129924654960632, 0.6241052150726318], "baseline_no_transfer_learning_base_val_accuracy": [0.5827338099479675, 0.22302158176898956, 0.22302158176898956, 0.5827338099479675, 0.7122302055358887, 0.7482014298439026, 0.7553957104682922, 0.7482014298439026, 0.7482014298439026, 0.7482014298439026]}