{"ensemble_loss": [0.6177868843078613, 0.572391927242279, 0.5465425252914429, 0.525877058506012, 0.5079851746559143, 0.49202319979667664, 0.4776727855205536, 0.4645061790943146, 0.45244020223617554, 0.44135481119155884], "ensemble_accuracy": [0.6635016202926636, 0.7339743375778198, 0.7667868733406067, 0.7881410121917725, 0.8052483797073364, 0.8185897469520569, 0.829647421836853, 0.8380609154701233, 0.8457131385803223, 0.8529247045516968], "ensemble_val_loss": [0.628725528717041, 0.6099519729614258, 0.5936508178710938, 0.58400559425354, 0.586053192615509, 0.566819965839386, 0.5713960528373718, 0.568593442440033, 0.5725846886634827, 0.5481864809989929], "ensemble_val_accuracy": [0.6509090662002563, 0.6666666865348816, 0.678787887096405, 0.6775757670402527, 0.6812121272087097, 0.6884848475456238, 0.6836363673210144, 0.6836363673210144, 0.6775757670402527, 0.6933333277702332], "ensemble_no_transfer_learning_ensemble_loss": [0.606080174446106, 0.5147497057914734, 0.4501177966594696, 0.4024132788181305, 0.36458876729011536, 0.33668142557144165, 0.3146471679210663, 0.2969927489757538, 0.28090155124664307, 0.2689193785190582], "ensemble_no_transfer_learning_ensemble_accuracy": [0.6667067408561707, 0.7679888010025024, 0.8193910121917725, 0.8461538553237915, 0.8651442527770996, 0.8778044581413269, 0.8852564096450806, 0.8923878073692322, 0.8992387652397156, 0.9023237228393555], "ensemble_no_transfer_learning_ensemble_val_loss": [0.5870147347450256, 0.8934464454650879, 1.374368667602539, 1.8087263107299805, 1.502068281173706, 2.145839214324951, 1.8723118305206299, 1.5759831666946411, 2.0485618114471436, 0.8230118751525879], "ensemble_no_transfer_learning_ensemble_val_accuracy": [0.7490909099578857, 0.5187878608703613, 0.5199999809265137, 0.5199999809265137, 0.5284848213195801, 0.5199999809265137, 0.5187878608703613, 0.5199999809265137, 0.5187878608703613, 0.5757575631141663]}