{"baseline_loss": [3.196368932723999, 2.8692314624786377, 2.7319295406341553, 2.6190967559814453, 2.559144973754883, 2.5159707069396973, 2.458341598510742, 2.4355978965759277, 2.401797294616699, 2.3627240657806396], "baseline_accuracy": [0.12088067829608917, 0.21860794723033905, 0.2563920319080353, 0.29403409361839294, 0.3157670497894287, 0.3321022689342499, 0.35710227489471436, 0.3734374940395355, 0.37670454382896423, 0.39161932468414307], "baseline_val_loss": [3.115949869155884, 2.9264042377471924, 2.817361831665039, 2.758786201477051, 2.7049944400787354, 2.660662889480591, 2.618250608444214, 2.5984766483306885, 2.5534141063690186, 2.5299878120422363], "baseline_val_accuracy": [0.14977973699569702, 0.1850220263004303, 0.17621144652366638, 0.21585902571678162, 0.2290748953819275, 0.2599118947982788, 0.25550660490989685, 0.2819383144378662, 0.24229075014591217, 0.2907488942146301], "baseline_no_transfer_learning_base_loss": [2.906481981277466, 2.675645589828491, 2.552884817123413, 2.4626243114471436, 2.387991428375244, 2.320828437805176, 2.259209156036377, 2.2030599117279053, 2.151094675064087, 2.102077007293701], "baseline_no_transfer_learning_base_accuracy": [0.15852272510528564, 0.24857954680919647, 0.298721581697464, 0.3257102370262146, 0.34715908765792847, 0.36761364340782166, 0.38721591234207153, 0.4032670557498932, 0.42386364936828613, 0.43948864936828613], "baseline_no_transfer_learning_base_val_loss": [3.2702133655548096, 3.1490061283111572, 2.8374781608581543, 2.69897723197937, 2.645986318588257, 2.611719846725464, 2.5798208713531494, 2.550980806350708, 2.5290539264678955, 2.5030276775360107], "baseline_no_transfer_learning_base_val_accuracy": [0.06167401000857353, 0.06167401000857353, 0.21145375072956085, 0.23348017036914825, 0.2511013150215149, 0.2819383144378662, 0.2819383144378662, 0.2687224745750427, 0.25550660490989685, 0.303964763879776]}