{"ensemble_loss": [0.6079156994819641, 0.5461836457252502, 0.5205468535423279, 0.5014926195144653, 0.4849335849285126, 0.4701998829841614, 0.4573749303817749, 0.4459086060523987, 0.4356681704521179, 0.4262700080871582], "ensemble_accuracy": [0.6666666865348816, 0.765625, 0.7839285731315613, 0.7964285612106323, 0.8095238208770752, 0.8157737851142883, 0.8221726417541504, 0.8302083611488342, 0.836904764175415, 0.8427083492279053], "ensemble_val_loss": [0.6044907569885254, 0.5717277526855469, 0.549229085445404, 0.5329164862632751, 0.5171267986297607, 0.5007070302963257, 0.4889431893825531, 0.47791123390197754, 0.46717506647109985, 0.4577670693397522], "ensemble_val_accuracy": [0.6412556171417236, 0.7309417128562927, 0.7443946003913879, 0.7713004350662231, 0.7802690863609314, 0.7892376780509949, 0.8071748614311218, 0.8116592168807983, 0.8295964002609253, 0.8295964002609253], "ensemble_no_transfer_learning_ensemble_loss": [0.600705087184906, 0.4828653633594513, 0.4223569631576538, 0.38598793745040894, 0.36282286047935486, 0.34377652406692505, 0.3290691077709198, 0.31524839997291565, 0.30340468883514404, 0.2951892912387848], "ensemble_no_transfer_learning_ensemble_accuracy": [0.7020833492279053, 0.7904762029647827, 0.8229166865348816, 0.8427083492279053, 0.855654776096344, 0.8623511791229248, 0.8711309432983398, 0.8748511672019958, 0.8791666626930237, 0.8830357193946838], "ensemble_no_transfer_learning_ensemble_val_loss": [1.688003420829773, 4.767153739929199, 2.640237331390381, 1.1808277368545532, 0.7273459434509277, 0.5871943235397339, 0.6332944631576538, 0.8068190813064575, 0.5828153491020203, 0.7182034254074097], "ensemble_no_transfer_learning_ensemble_val_accuracy": [0.5381165742874146, 0.5381165742874146, 0.5381165742874146, 0.5650224089622498, 0.6188340783119202, 0.6502242088317871, 0.6278026700019836, 0.5964125394821167, 0.6547085046768188, 0.6143497824668884]}