{"baseline_loss": [1.8417974710464478, 1.5354233980178833, 1.4371346235275269, 1.3676105737686157, 1.326150894165039, 1.2814019918441772, 1.2599118947982788, 1.2294434309005737, 1.2047008275985718, 1.1782797574996948], "baseline_accuracy": [0.38405001163482666, 0.44577500224113464, 0.4733999967575073, 0.49537500739097595, 0.5090000033378601, 0.5238749980926514, 0.53329998254776, 0.5422499775886536, 0.5505250096321106, 0.5628499984741211], "baseline_val_loss": [1.6564615964889526, 1.561673879623413, 1.493358850479126, 1.4894424676895142, 1.5154294967651367, 1.4516148567199707, 1.5931402444839478, 1.5270761251449585, 1.5650949478149414, 1.5358210802078247], "baseline_val_accuracy": [0.3935289680957794, 0.3536493480205536, 0.4003009796142578, 0.37848004698753357, 0.42362678050994873, 0.40857788920402527, 0.3468773365020752, 0.3995485305786133, 0.40556809306144714, 0.34085777401924133]}