{"baseline_loss": [2.422792911529541, 2.0117435455322266, 1.8077138662338257, 1.6709036827087402, 1.6118063926696777, 1.5590039491653442, 1.4994746446609497, 1.4592180252075195, 1.4096804857254028, 1.3772597312927246], "baseline_accuracy": [0.19605262577533722, 0.3978618383407593, 0.4759868383407593, 0.542927622795105, 0.5587171316146851, 0.5912829041481018, 0.6074013113975525, 0.6268092393875122, 0.6463815569877625, 0.6587170958518982], "baseline_val_loss": [2.1030709743499756, 1.8702497482299805, 1.7266019582748413, 1.6226471662521362, 1.5535417795181274, 1.4948090314865112, 1.4459102153778076, 1.4064844846725464, 1.3683116436004639, 1.3361196517944336], "baseline_val_accuracy": [0.3589743673801422, 0.4769230782985687, 0.5179487466812134, 0.5589743852615356, 0.5641025900840759, 0.6000000238418579, 0.5948718190193176, 0.620512843132019, 0.6153846383094788, 0.6153846383094788], "baseline_no_transfer_learning_base_loss": [1.999413251876831, 1.7001235485076904, 1.5538803339004517, 1.4480208158493042, 1.3608916997909546, 1.2869160175323486, 1.2217541933059692, 1.1624892950057983, 1.1084165573120117, 1.0584198236465454], "baseline_no_transfer_learning_base_accuracy": [0.3968749940395355, 0.5307565927505493, 0.5896381735801697, 0.6246710419654846, 0.6539473533630371, 0.675822377204895, 0.6944078803062439, 0.7143092155456543, 0.7294408082962036, 0.7450658082962036], "baseline_no_transfer_learning_base_val_loss": [2.5042853355407715, 2.177177906036377, 1.6693096160888672, 1.3932055234909058, 1.2807180881500244, 1.20474112033844, 1.1442430019378662, 1.0954891443252563, 1.0522630214691162, 1.0099459886550903], "baseline_no_transfer_learning_base_val_accuracy": [0.08717948943376541, 0.2410256415605545, 0.4307692348957062, 0.6256410479545593, 0.6717948913574219, 0.7179487347602844, 0.7076923251152039, 0.7025641202926636, 0.7487179636955261, 0.7487179636955261]}