{"baseline_loss": [2.6229963302612305, 1.8961504697799683, 1.5435391664505005, 1.3103386163711548, 1.148311972618103, 1.0182032585144043, 0.924114465713501, 0.8406909108161926, 0.7718566060066223, 0.7190112471580505], "baseline_accuracy": [0.3621366322040558, 0.550236165523529, 0.6263445019721985, 0.6735828518867493, 0.7047964930534363, 0.7370821237564087, 0.757340133190155, 0.7771438956260681, 0.7949854731559753, 0.810737669467926], "baseline_val_loss": [2.1631946563720703, 1.7304418087005615, 1.4905226230621338, 1.2984178066253662, 1.1778639554977417, 1.1310092210769653, 1.0419784784317017, 1.018699288368225, 0.9294041991233826, 0.8652046322822571], "baseline_val_accuracy": [0.45484399795532227, 0.554460883140564, 0.5779967308044434, 0.6343733072280884, 0.651888370513916, 0.6502463221549988, 0.6666666865348816, 0.667214035987854, 0.6995074152946472, 0.723590612411499]}