{"baseline_loss": [1.7616422176361084, 1.3538600206375122, 1.218956708908081, 1.1424843072891235, 1.087981104850769, 1.0448588132858276, 1.0055423974990845, 0.9852104187011719, 0.962487518787384, 0.9371629357337952], "baseline_accuracy": [0.4090178608894348, 0.6040773987770081, 0.647470235824585, 0.6727083325386047, 0.68729168176651, 0.7044642567634583, 0.71854168176651, 0.7230952382087708, 0.7331547737121582, 0.7420833110809326], "baseline_val_loss": [1.5227060317993164, 1.318793773651123, 1.2114882469177246, 1.1382631063461304, 1.0859147310256958, 1.042468547821045, 1.0157464742660522, 0.9876908659934998, 0.9663382172584534, 0.9540666937828064], "baseline_val_accuracy": [0.550000011920929, 0.5874999761581421, 0.612500011920929, 0.6419642567634583, 0.6723214387893677, 0.6839285492897034, 0.6812499761581421, 0.6875, 0.7008928656578064, 0.7026785612106323], "baseline_no_transfer_learning_base_loss": [1.4959646463394165, 1.2669730186462402, 1.1708871126174927, 1.1040236949920654, 1.0535712242126465, 1.0122328996658325, 0.9782196283340454, 0.94798344373703, 0.9221696853637695, 0.8992409706115723], "baseline_no_transfer_learning_base_accuracy": [0.4995535612106323, 0.5799106955528259, 0.6130357384681702, 0.6377381086349487, 0.6559225916862488, 0.6690773963928223, 0.681071400642395, 0.6907440423965454, 0.7013095021247864, 0.708184540271759], "baseline_no_transfer_learning_base_val_loss": [1.2084976434707642, 1.0850671529769897, 0.9929332137107849, 0.9182748198509216, 0.8844443559646606, 0.9111351370811462, 0.9574239253997803, 1.1074378490447998, 0.9365195035934448, 0.9271578192710876], "baseline_no_transfer_learning_base_val_accuracy": [0.6625000238418579, 0.7241071462631226, 0.7419642806053162, 0.7437499761581421, 0.7330357432365417, 0.7008928656578064, 0.675000011920929, 0.5758928656578064, 0.6732142567634583, 0.6830357313156128]}