{"ensemble_loss": [1.7465929985046387, 1.590972900390625, 1.5348141193389893, 1.4993031024932861, 1.4725788831710815, 1.45038902759552, 1.4314043521881104, 1.4148439168930054, 1.4000970125198364, 1.3867100477218628], "ensemble_accuracy": [0.36250001192092896, 0.44302883744239807, 0.45913460850715637, 0.4692307710647583, 0.4762019217014313, 0.48605769872665405, 0.48942306637763977, 0.49399039149284363, 0.5002403855323792, 0.5033653974533081], "ensemble_val_loss": [1.7872127294540405, 1.7194989919662476, 1.6732515096664429, 1.640796422958374, 1.6176210641860962, 1.5988880395889282, 1.5825517177581787, 1.5679948329925537, 1.555083155632019, 1.5442835092544556], "ensemble_val_accuracy": [0.24031007289886475, 0.3333333432674408, 0.341085284948349, 0.3720930218696594, 0.3720930218696594, 0.39534884691238403, 0.38759690523147583, 0.39534884691238403, 0.39534884691238403, 0.40310078859329224], "ensemble_no_transfer_learning_ensemble_loss": [1.6039713621139526, 1.463610291481018, 1.396926999092102, 1.3480541706085205, 1.3078054189682007, 1.2734465599060059, 1.2438760995864868, 1.2168729305267334, 1.1927428245544434, 1.1715677976608276], "ensemble_no_transfer_learning_ensemble_accuracy": [0.4141826927661896, 0.4834134578704834, 0.5045673251152039, 0.5252403616905212, 0.5439903736114502, 0.5548076629638672, 0.5620192289352417, 0.5711538195610046, 0.5762019157409668, 0.5826923251152039], "ensemble_no_transfer_learning_ensemble_val_loss": [1.973513126373291, 2.1628756523132324, 2.137208938598633, 1.7786552906036377, 1.4177106618881226, 1.3448760509490967, 1.344627857208252, 1.3623616695404053, 1.3464252948760986, 1.3521041870117188], "ensemble_no_transfer_learning_ensemble_val_accuracy": [0.1705426424741745, 0.1705426424741745, 0.1705426424741745, 0.21705426275730133, 0.44961240887641907, 0.41085270047187805, 0.40310078859329224, 0.38759690523147583, 0.39534884691238403, 0.38759690523147583]}