{"base_loss": [0.512615442276001, 0.36838898062705994, 0.2958240807056427, 0.2525385320186615, 0.22301143407821655, 0.20166058838367462, 0.19032837450504303, 0.17333859205245972, 0.15846377611160278, 0.1492415815591812], "base_accuracy": [0.7801136374473572, 0.8860795497894287, 0.9048295617103577, 0.9147727489471436, 0.9269886612892151, 0.9318181872367859, 0.9380682110786438, 0.9454545378684998, 0.9517045617103577, 0.9559659361839294], "base_val_loss": [0.7023122906684875, 1.0846198797225952, 1.4312729835510254, 1.2224342823028564, 0.6063660979270935, 0.18884879350662231, 0.11005604267120361, 0.09033532440662384, 0.0807555615901947, 0.08922507613897324], "base_val_accuracy": [0.5752212405204773, 0.5752212405204773, 0.5752212405204773, 0.5752212405204773, 0.6991150379180908, 0.9115044474601746, 0.982300877571106, 1.0, 0.982300877571106, 1.0]}