{"baseline_loss": [3.2321152687072754, 2.58364200592041, 2.23465895652771, 1.9564998149871826, 1.7391401529312134, 1.5419557094573975, 1.3733370304107666, 1.2342240810394287, 1.11638605594635, 1.015509009361267], "baseline_accuracy": [0.2116713970899582, 0.4119318127632141, 0.5151041746139526, 0.5850615501403809, 0.631912887096405, 0.6697916388511658, 0.6995028257369995, 0.7251420617103577, 0.7472774386405945, 0.7639204263687134], "baseline_val_loss": [2.8533265590667725, 2.487795114517212, 2.31660532951355, 2.0557243824005127, 1.9255658388137817, 1.8064687252044678, 1.6892094612121582, 1.7183598279953003, 1.6363691091537476, 1.550907015800476], "baseline_val_accuracy": [0.2879543900489807, 0.3606557250022888, 0.4019957184791565, 0.4939415454864502, 0.5017818808555603, 0.5331432819366455, 0.5081967115402222, 0.48895224928855896, 0.48752671480178833, 0.5637918710708618]}