{"baseline_loss": [1.4552351236343384, 1.1524031162261963, 1.0012664794921875, 0.857469916343689, 0.7370392084121704, 0.7626093029975891, 0.7390220165252686, 0.6709800958633423, 0.6049167513847351, 0.6318581104278564], "baseline_accuracy": [0.46312499046325684, 0.578125, 0.6650000214576721, 0.7443749904632568, 0.7950000166893005, 0.8199999928474426, 0.8268749713897705, 0.84375, 0.8756250143051147, 0.8531249761581421], "baseline_val_loss": [1.8566404581069946, 1.511954665184021, 1.2861918210983276, 1.122371792793274, 0.9892024397850037, 0.949393093585968, 0.8961352705955505, 0.8079209327697754, 0.7689586281776428, 0.7217365503311157], "baseline_val_accuracy": [0.4150943458080292, 0.5471698045730591, 0.6037735939025879, 0.7547169923782349, 0.7924528121948242, 0.698113203048706, 0.7547169923782349, 0.7735849022865295, 0.7547169923782349, 0.8113207817077637], "baseline_no_transfer_learning_base_loss": [0.9198848009109497, 0.7558713555335999, 0.6750856041908264, 0.6115316152572632, 0.5615365505218506, 0.5182456374168396, 0.4777517318725586, 0.4433012306690216, 0.4143507778644562, 0.38847774267196655], "baseline_no_transfer_learning_base_accuracy": [0.625, 0.7412499785423279, 0.7893750071525574, 0.8306249976158142, 0.8606250286102295, 0.8793749809265137, 0.8918750286102295, 0.8993750214576721, 0.9024999737739563, 0.9068750143051147], "baseline_no_transfer_learning_base_val_loss": [1.0937902927398682, 1.1299285888671875, 1.2494081258773804, 1.4238321781158447, 1.6477453708648682, 1.8572726249694824, 2.0819242000579834, 2.274822235107422, 2.395023822784424, 2.296356678009033], "baseline_no_transfer_learning_base_val_accuracy": [0.3207547068595886, 0.3396226465702057, 0.3396226465702057, 0.3396226465702057, 0.3396226465702057, 0.3396226465702057, 0.3396226465702057, 0.3396226465702057, 0.3396226465702057, 0.3396226465702057]}