{"ensemble_loss": [0.6089854836463928, 0.5562633872032166, 0.5260034799575806, 0.5030268430709839, 0.4838862419128418, 0.4675765335559845, 0.4532134234905243, 0.4404015839099884, 0.4286457598209381, 0.41770032048225403], "ensemble_accuracy": [0.6661458611488342, 0.7402243614196777, 0.7774839997291565, 0.8023236989974976, 0.8198717832565308, 0.8323717713356018, 0.8429086804389954, 0.8518829941749573, 0.8592548370361328, 0.8651843070983887], "ensemble_val_loss": [0.5874887704849243, 0.5486900210380554, 0.5236673355102539, 0.5060146450996399, 0.48494577407836914, 0.47460228204727173, 0.46048498153686523, 0.4625960886478424, 0.4452330768108368, 0.445477157831192], "ensemble_val_accuracy": [0.7127272486686707, 0.7612121105194092, 0.7830303311347961, 0.7866666913032532, 0.8242424130439758, 0.8012121319770813, 0.8230302929878235, 0.8012121319770813, 0.8109090924263, 0.8096969723701477], "ensemble_no_transfer_learning_ensemble_loss": [0.606080174446106, 0.5147497057914734, 0.4501177966594696, 0.4024132788181305, 0.36458876729011536, 0.33668142557144165, 0.3146471679210663, 0.2969927489757538, 0.28090155124664307, 0.2689193785190582], "ensemble_no_transfer_learning_ensemble_accuracy": [0.6667067408561707, 0.7679888010025024, 0.8193910121917725, 0.8461538553237915, 0.8651442527770996, 0.8778044581413269, 0.8852564096450806, 0.8923878073692322, 0.8992387652397156, 0.9023237228393555], "ensemble_no_transfer_learning_ensemble_val_loss": [0.5870147347450256, 0.8934464454650879, 1.374368667602539, 1.8087263107299805, 1.502068281173706, 2.145839214324951, 1.8723118305206299, 1.5759831666946411, 2.0485618114471436, 0.8230118751525879], "ensemble_no_transfer_learning_ensemble_val_accuracy": [0.7490909099578857, 0.5187878608703613, 0.5199999809265137, 0.5199999809265137, 0.5284848213195801, 0.5199999809265137, 0.5187878608703613, 0.5199999809265137, 0.5187878608703613, 0.5757575631141663]}