{"ensemble_loss": [0.6035240292549133, 0.5518670082092285, 0.5287191271781921, 0.5122324228286743, 0.4987504780292511, 0.48724105954170227, 0.477010577917099, 0.46767356991767883, 0.4591543674468994, 0.4511738419532776], "ensemble_accuracy": [0.715029776096344, 0.7556547522544861, 0.7721726298332214, 0.7821428775787354, 0.7909226417541504, 0.7995535731315613, 0.8053571581840515, 0.8117559552192688, 0.8174107074737549, 0.821279764175415], "ensemble_val_loss": [0.633544921875, 0.5978378653526306, 0.5682796835899353, 0.5443969964981079, 0.5243297815322876, 0.5108325481414795, 0.49805188179016113, 0.48694849014282227, 0.4769158363342285, 0.4681295156478882], "ensemble_val_accuracy": [0.6098654866218567, 0.7085201740264893, 0.713004469871521, 0.7219731211662292, 0.7399103045463562, 0.7488788962364197, 0.7578475475311279, 0.7757847309112549, 0.7847533822059631, 0.7892376780509949], "ensemble_no_transfer_learning_ensemble_loss": [0.600705087184906, 0.4828653633594513, 0.4223569631576538, 0.38598793745040894, 0.36282286047935486, 0.34377652406692505, 0.3290691077709198, 0.31524839997291565, 0.30340468883514404, 0.2951892912387848], "ensemble_no_transfer_learning_ensemble_accuracy": [0.7020833492279053, 0.7904762029647827, 0.8229166865348816, 0.8427083492279053, 0.855654776096344, 0.8623511791229248, 0.8711309432983398, 0.8748511672019958, 0.8791666626930237, 0.8830357193946838], "ensemble_no_transfer_learning_ensemble_val_loss": [1.688003420829773, 4.767153739929199, 2.640237331390381, 1.1808277368545532, 0.7273459434509277, 0.5871943235397339, 0.6332944631576538, 0.8068190813064575, 0.5828153491020203, 0.7182034254074097], "ensemble_no_transfer_learning_ensemble_val_accuracy": [0.5381165742874146, 0.5381165742874146, 0.5381165742874146, 0.5650224089622498, 0.6188340783119202, 0.6502242088317871, 0.6278026700019836, 0.5964125394821167, 0.6547085046768188, 0.6143497824668884]}