{"ensemble_loss": [1.8152459859848022, 1.615523099899292, 1.542894959449768, 1.4992088079452515, 1.4680392742156982, 1.4428229331970215, 1.4212900400161743, 1.4028173685073853, 1.386390209197998, 1.3716930150985718], "ensemble_accuracy": [0.2548076808452606, 0.397596150636673, 0.4612980782985687, 0.49038460850715637, 0.504807710647583, 0.5112980604171753, 0.5168269276618958, 0.520432710647583, 0.5221154093742371, 0.5230769515037537], "ensemble_val_loss": [1.7227755784988403, 1.6176315546035767, 1.5701967477798462, 1.5387614965438843, 1.5163644552230835, 1.4986530542373657, 1.4849045276641846, 1.4739567041397095, 1.463895320892334, 1.4548094272613525], "ensemble_val_accuracy": [0.25581395626068115, 0.3333333432674408, 0.3798449635505676, 0.41860464215278625, 0.44961240887641907, 0.4651162922382355, 0.4651162922382355, 0.4728682041168213, 0.5271317958831787, 0.5271317958831787], "ensemble_no_transfer_learning_ensemble_loss": [1.6039713621139526, 1.463610291481018, 1.396926999092102, 1.3480541706085205, 1.3078054189682007, 1.2734465599060059, 1.2438760995864868, 1.2168729305267334, 1.1927428245544434, 1.1715677976608276], "ensemble_no_transfer_learning_ensemble_accuracy": [0.4141826927661896, 0.4834134578704834, 0.5045673251152039, 0.5252403616905212, 0.5439903736114502, 0.5548076629638672, 0.5620192289352417, 0.5711538195610046, 0.5762019157409668, 0.5826923251152039], "ensemble_no_transfer_learning_ensemble_val_loss": [1.973513126373291, 2.1628756523132324, 2.137208938598633, 1.7786552906036377, 1.4177106618881226, 1.3448760509490967, 1.344627857208252, 1.3623616695404053, 1.3464252948760986, 1.3521041870117188], "ensemble_no_transfer_learning_ensemble_val_accuracy": [0.1705426424741745, 0.1705426424741745, 0.1705426424741745, 0.21705426275730133, 0.44961240887641907, 0.41085270047187805, 0.40310078859329224, 0.38759690523147583, 0.39534884691238403, 0.38759690523147583]}