{"baseline_loss": [2.0146687030792236, 1.7366445064544678, 1.6384611129760742, 1.5729864835739136, 1.5182197093963623, 1.491698145866394, 1.4534868001937866, 1.412534236907959, 1.3798288106918335, 1.342295527458191], "baseline_accuracy": [0.3161516785621643, 0.3833216428756714, 0.41267555952072144, 0.43223315477371216, 0.45140448212623596, 0.46095505356788635, 0.47584268450737, 0.4966994524002075, 0.5088483095169067, 0.5223665833473206], "baseline_val_loss": [1.8550691604614258, 1.7498234510421753, 1.6970781087875366, 1.712105631828308, 1.617614984512329, 1.6413650512695312, 1.7255250215530396, 1.609421968460083, 1.696009874343872, 1.6214858293533325], "baseline_val_accuracy": [0.3365180492401123, 0.36518046259880066, 0.3248407542705536, 0.37048831582069397, 0.4033970236778259, 0.36305731534957886, 0.31634819507598877, 0.3842887580394745, 0.35562631487846375, 0.3768577575683594]}