{"baseline_loss": [2.6198015213012695, 1.8611187934875488, 1.4865086078643799, 1.2484540939331055, 1.064706563949585, 0.9309555292129517, 0.8242775797843933, 0.7352889776229858, 0.6662323474884033, 0.6070958971977234], "baseline_accuracy": [0.39066532254219055, 0.5916733741760254, 0.6667943596839905, 0.7197983860969543, 0.7569153308868408, 0.7847177386283875, 0.8098185658454895, 0.8277822732925415, 0.8457056283950806, 0.8608871102333069], "baseline_val_loss": [2.5273008346557617, 2.194807767868042, 1.8390713930130005, 1.8423415422439575, 1.5846937894821167, 1.4309686422348022, 1.393317461013794, 1.3015731573104858, 1.181323766708374, 1.1789461374282837], "baseline_val_accuracy": [0.35087719559669495, 0.3938294053077698, 0.5347852110862732, 0.4319419264793396, 0.5305505394935608, 0.6073805093765259, 0.5656382441520691, 0.6188747882843018, 0.6600121259689331, 0.6255293488502502]}