{"base_loss": [3.046722888946533, 2.8447105884552, 2.732837200164795, 2.6483795642852783, 2.5797369480133057, 2.52030873298645, 2.465172052383423, 2.415870189666748, 2.3687665462493896, 2.3244872093200684], "base_accuracy": [0.11249999701976776, 0.21015624701976776, 0.27851563692092896, 0.345703125, 0.3812499940395355, 0.40351563692092896, 0.4281249940395355, 0.44843751192092896, 0.4625000059604645, 0.4781250059604645], "base_val_loss": [3.280709743499756, 3.2890591621398926, 3.275326728820801, 3.199019193649292, 3.077441453933716, 2.9351131916046143, 2.794550657272339, 2.684584617614746, 2.6131136417388916, 2.5487513542175293], "base_val_accuracy": [0.05882352963089943, 0.0235294122248888, 0.0235294122248888, 0.0235294122248888, 0.0235294122248888, 0.15294118225574493, 0.15294118225574493, 0.23529411852359772, 0.21176470816135406, 0.21176470816135406]}