{"ensemble_loss": [2.118713140487671, 1.6618025302886963, 1.452695608139038, 1.3127175569534302, 1.2072505950927734, 1.1218466758728027, 1.0499061346054077, 0.9875493049621582, 0.9329046010971069, 0.8846988081932068], "ensemble_accuracy": [0.501886785030365, 0.7897405624389648, 0.8475825190544128, 0.8798938393592834, 0.9023584723472595, 0.9188089370727539, 0.92995285987854, 0.938148558139801, 0.9452240467071533, 0.951591968536377], "ensemble_val_loss": [1.826543927192688, 1.5271482467651367, 1.3561575412750244, 1.2354401350021362, 1.1405839920043945, 1.0630526542663574, 0.9971432685852051, 0.9398094415664673, 0.8899796009063721, 0.8462762832641602], "ensemble_val_accuracy": [0.6447601914405823, 0.8294848799705505, 0.8738898634910583, 0.8916518688201904, 0.912966251373291, 0.9165186285972595, 0.9271758198738098, 0.9307282567024231, 0.9342806339263916, 0.9431616067886353], "ensemble_no_transfer_learning_ensemble_loss": [1.417202353477478, 0.7624800205230713, 0.5249263048171997, 0.38391754031181335, 0.2797892391681671, 0.20608757436275482, 0.15379150211811066, 0.11871296167373657, 0.08203252404928207, 0.05828030779957771], "ensemble_no_transfer_learning_ensemble_accuracy": [0.8195164799690247, 0.962205171585083, 0.9849646091461182, 0.9922759532928467, 0.9955188632011414, 0.9972877502441406, 0.9982311129570007, 0.9989976286888123, 0.9989386796951294, 0.9994693398475647], "ensemble_no_transfer_learning_ensemble_val_loss": [1.1724029779434204, 0.616746187210083, 0.44955649971961975, 0.3367440700531006, 0.25046759843826294, 0.1936710923910141, 0.1574115753173828, 0.1342783123254776, 0.10456997901201248, 0.10406753420829773], "ensemble_no_transfer_learning_ensemble_val_accuracy": [0.8845470547676086, 0.9786856174468994, 0.9875665903091431, 0.9982237815856934, 1.0, 1.0, 0.9928951859474182, 0.9911190271377563, 0.9911190271377563, 0.9857904314994812]}