{"ensemble_loss": [0.9348481297492981, 0.6572587490081787, 0.5558086037635803, 0.49581390619277954, 0.4541964828968048, 0.4223242700099945, 0.39617305994033813, 0.374668151140213, 0.3564235270023346, 0.3408467471599579], "ensemble_accuracy": [0.7590104341506958, 0.850781261920929, 0.8688020706176758, 0.8804166913032532, 0.8895833492279053, 0.8971874713897705, 0.9032291769981384, 0.9085937738418579, 0.9127083420753479, 0.9165624976158142], "ensemble_val_loss": [0.7724645733833313, 0.6207975149154663, 0.5503861904144287, 0.5005733966827393, 0.4673943817615509, 0.44012901186943054, 0.41856226325035095, 0.3974701464176178, 0.38150352239608765, 0.3667793571949005], "ensemble_val_accuracy": [0.8132911324501038, 0.827531635761261, 0.8354430198669434, 0.8481012582778931, 0.8639240264892578, 0.8686708807945251, 0.8734177350997925, 0.8813291192054749, 0.8844936490058899, 0.8860759735107422], "ensemble_no_transfer_learning_ensemble_loss": [0.7544217705726624, 0.4715554714202881, 0.3705148696899414, 0.3107328414916992, 0.2726666033267975, 0.24502958357334137, 0.22200223803520203, 0.2024664729833603, 0.1877811700105667, 0.17538870871067047], "ensemble_no_transfer_learning_ensemble_accuracy": [0.7983333468437195, 0.8732291460037231, 0.8978124856948853, 0.9151041507720947, 0.9250521063804626, 0.932812511920929, 0.9399479031562805, 0.94552081823349, 0.94921875, 0.9537500143051147], "ensemble_no_transfer_learning_ensemble_val_loss": [1.0075265169143677, 0.6041943430900574, 0.4229723811149597, 0.4944007992744446, 0.4646206200122833, 0.516738772392273, 0.7129872441291809, 0.5563403964042664, 0.702444851398468, 0.8470334410667419], "ensemble_no_transfer_learning_ensemble_val_accuracy": [0.5458860993385315, 0.8702531456947327, 0.9018987417221069, 0.8670886158943176, 0.8734177350997925, 0.8844936490058899, 0.6772152185440063, 0.8037974834442139, 0.7262658476829529, 0.672468364238739]}