{"ensemble_loss": [0.6022453904151917, 0.5520210862159729, 0.528294563293457, 0.5109078288078308, 0.4967598021030426, 0.48483654856681824, 0.47439754009246826, 0.4651959538459778, 0.4569520056247711, 0.4495263993740082], "ensemble_accuracy": [0.7036706209182739, 0.7584325671195984, 0.7709821462631226, 0.7804563641548157, 0.7888888716697693, 0.7951884865760803, 0.8013888597488403, 0.8060019612312317, 0.8100694417953491, 0.8120039701461792], "ensemble_val_loss": [0.5553644895553589, 0.5275912284851074, 0.5110893845558167, 0.49912241101264954, 0.4902685284614563, 0.4836699664592743, 0.47711631655693054, 0.4713912606239319, 0.4682716429233551, 0.4635772109031677], "ensemble_val_accuracy": [0.7428571581840515, 0.7563909888267517, 0.7789473533630371, 0.7924811840057373, 0.7984962463378906, 0.8060150146484375, 0.8075187802314758, 0.8090225458145142, 0.8090225458145142, 0.8120300769805908], "ensemble_no_transfer_learning_ensemble_loss": [0.559331476688385, 0.4716755151748657, 0.43188413977622986, 0.40508610010147095, 0.38180187344551086, 0.36424705386161804, 0.3476233184337616, 0.3354262113571167, 0.3225037455558777, 0.31227147579193115], "ensemble_no_transfer_learning_ensemble_accuracy": [0.7186011672019958, 0.7884920835494995, 0.8102678656578064, 0.8219742178916931, 0.8339285850524902, 0.8430555462837219, 0.8496527671813965, 0.8562995791435242, 0.8614087104797363, 0.8663194179534912], "ensemble_no_transfer_learning_ensemble_val_loss": [0.8918898701667786, 0.5409526824951172, 0.4986356198787689, 0.49090075492858887, 0.5028955936431885, 0.44491592049598694, 0.4288914203643799, 0.45053744316101074, 0.4315126836299896, 0.4646812975406647], "ensemble_no_transfer_learning_ensemble_val_accuracy": [0.523308277130127, 0.718796968460083, 0.7518796920776367, 0.7609022259712219, 0.7263157963752747, 0.8135338425636292, 0.8330827355384827, 0.7864661812782288, 0.8285714387893677, 0.7609022259712219]}