{"ensemble_loss": [1.6017364263534546, 1.3682132959365845, 1.2560383081436157, 1.188733696937561, 1.1402043104171753, 1.1012438535690308, 1.0675697326660156, 1.0381076335906982, 1.011587381362915, 0.9870277643203735], "ensemble_accuracy": [0.4678977131843567, 0.7352272868156433, 0.7556818127632141, 0.7724431753158569, 0.784375011920929, 0.7948863506317139, 0.8039772510528564, 0.8142045736312866, 0.8221591114997864, 0.831818163394928], "ensemble_val_loss": [1.5764626264572144, 1.400765299797058, 1.3066580295562744, 1.2473775148391724, 1.20233952999115, 1.1643702983856201, 1.1274335384368896, 1.0918998718261719, 1.0595669746398926, 1.0297880172729492], "ensemble_val_accuracy": [0.36936935782432556, 0.6126126050949097, 0.6936936974525452, 0.6756756901741028, 0.7027027010917664, 0.7477477192878723, 0.7657657861709595, 0.7837837934494019, 0.7837837934494019, 0.8018018007278442], "ensemble_no_transfer_learning_ensemble_loss": [1.3040454387664795, 0.983327329158783, 0.8155014514923096, 0.6987598538398743, 0.6143844127655029, 0.5470889210700989, 0.49014654755592346, 0.4428715407848358, 0.4035775363445282, 0.37026646733283997], "ensemble_no_transfer_learning_ensemble_accuracy": [0.606249988079071, 0.8042613863945007, 0.8619318008422852, 0.903124988079071, 0.9235795736312866, 0.9397727251052856, 0.9485795497894287, 0.9585227370262146, 0.965624988079071, 0.9710227251052856], "ensemble_no_transfer_learning_ensemble_val_loss": [2.070584297180176, 2.844219923019409, 3.4121580123901367, 3.1632726192474365, 2.3466947078704834, 1.2563267946243286, 0.7607214450836182, 0.5870140194892883, 0.5179755687713623, 0.48992428183555603], "ensemble_no_transfer_learning_ensemble_val_accuracy": [0.1621621549129486, 0.1621621549129486, 0.1621621549129486, 0.1621621549129486, 0.1621621549129486, 0.4954954981803894, 0.7387387156486511, 0.9009009003639221, 0.9189189076423645, 0.954954981803894]}