{"ensemble_loss": [1.5642579793930054, 1.3300631046295166, 1.2331345081329346, 1.1676644086837769, 1.1196602582931519, 1.0822499990463257, 1.0513859987258911, 1.0249443054199219, 1.0020301342010498, 0.9817140102386475], "ensemble_accuracy": [0.579880952835083, 0.6500297784805298, 0.6798809766769409, 0.6976190209388733, 0.7086607217788696, 0.7177083492279053, 0.7250595092773438, 0.7316071391105652, 0.7368154525756836, 0.7419940233230591], "ensemble_val_loss": [1.4042026996612549, 1.2733702659606934, 1.194152593612671, 1.1378288269042969, 1.0959923267364502, 1.062505841255188, 1.0345888137817383, 1.0102530717849731, 0.9893215894699097, 0.971637487411499], "ensemble_val_accuracy": [0.6366071701049805, 0.6696428656578064, 0.6705357432365417, 0.6812499761581421, 0.6910714507102966, 0.6982142925262451, 0.7044642567634583, 0.7116071581840515, 0.7178571224212646, 0.7223214507102966], "ensemble_no_transfer_learning_ensemble_loss": [1.2964543104171753, 0.9897148013114929, 0.8645106554031372, 0.7884657382965088, 0.7330067753791809, 0.6934770941734314, 0.6610836982727051, 0.6280226111412048, 0.596389889717102, 0.5748763084411621], "ensemble_no_transfer_learning_ensemble_accuracy": [0.6286904811859131, 0.7138988375663757, 0.7454166412353516, 0.7621726393699646, 0.774821400642395, 0.7848809361457825, 0.7919047474861145, 0.7964285612106323, 0.8036012053489685, 0.8086012005805969], "ensemble_no_transfer_learning_ensemble_val_loss": [1.120294213294983, 0.9514550566673279, 0.8893821239471436, 0.8172245621681213, 0.7964819669723511, 0.8017638325691223, 0.7731982469558716, 0.7170507907867432, 0.718488872051239, 0.7001901865005493], "ensemble_no_transfer_learning_ensemble_val_accuracy": [0.6892856955528259, 0.7267857193946838, 0.7473214268684387, 0.7642857432365417, 0.7598214149475098, 0.7723214030265808, 0.7741071581840515, 0.7821428775787354, 0.7839285731315613, 0.7830356955528259]}