{"ensemble_loss": [2.2256059646606445, 1.9518409967422485, 1.8261518478393555, 1.7457062005996704, 1.6862937211990356, 1.6388649940490723, 1.5992279052734375, 1.5652543306350708, 1.535243034362793, 1.5081486701965332], "ensemble_accuracy": [0.3458881676197052, 0.5111842155456543, 0.5708881616592407, 0.6039473414421082, 0.6231907606124878, 0.6404605507850647, 0.6582236886024475, 0.6692433953285217, 0.6781250238418579, 0.6876644492149353], "ensemble_val_loss": [2.09112811088562, 1.8993799686431885, 1.7864798307418823, 1.7196145057678223, 1.6721230745315552, 1.6336406469345093, 1.6016099452972412, 1.573410153388977, 1.5477899312973022, 1.5244784355163574], "ensemble_val_accuracy": [0.3589743673801422, 0.528205156326294, 0.6051282286643982, 0.620512843132019, 0.6307692527770996, 0.6410256624221802, 0.620512843132019, 0.6256410479545593, 0.6307692527770996, 0.6307692527770996], "ensemble_no_transfer_learning_ensemble_loss": [1.9100587368011475, 1.5646107196807861, 1.391108512878418, 1.2646450996398926, 1.1618599891662598, 1.0772581100463867, 1.0059903860092163, 0.9450781345367432, 0.8922557830810547, 0.8458293676376343], "ensemble_no_transfer_learning_ensemble_accuracy": [0.49884867668151855, 0.6402960419654846, 0.703125, 0.7480263113975525, 0.7754934430122375, 0.7991776466369629, 0.8180921077728271, 0.8343750238418579, 0.8503289222717285, 0.8641447424888611], "ensemble_no_transfer_learning_ensemble_val_loss": [2.470407247543335, 2.1138248443603516, 1.5628867149353027, 1.3212635517120361, 1.2319287061691284, 1.1772102117538452, 1.1309236288070679, 1.0899693965911865, 1.0544164180755615, 1.0245004892349243], "ensemble_no_transfer_learning_ensemble_val_accuracy": [0.15897436439990997, 0.20000000298023224, 0.5641025900840759, 0.6769230961799622, 0.6871795058250427, 0.6410256624221802, 0.6512820720672607, 0.6410256624221802, 0.656410276889801, 0.6615384817123413]}