{"baseline_loss": [2.856454372406006, 2.0351991653442383, 1.7049517631530762, 1.5024566650390625, 1.3729462623596191, 1.271999478340149, 1.1964949369430542, 1.1242328882217407, 1.0657613277435303, 1.0224570035934448], "baseline_accuracy": [0.289468377828598, 0.452571839094162, 0.5159339308738708, 0.5571839213371277, 0.5841882228851318, 0.6080029010772705, 0.626314640045166, 0.6467097997665405, 0.6627083420753479, 0.6744468212127686], "baseline_val_loss": [2.4702141284942627, 2.043848752975464, 1.7736375331878662, 1.6474612951278687, 1.6282309293746948, 1.5014770030975342, 1.4511709213256836, 1.5000051259994507, 1.4014201164245605, 1.3738529682159424], "baseline_val_accuracy": [0.36596938967704773, 0.41643303632736206, 0.5072245001792908, 0.5111063122749329, 0.5061461925506592, 0.5339659452438354, 0.5544533133506775, 0.5184386372566223, 0.5447487831115723, 0.5540220141410828]}