{"baseline_loss": [3.5532002449035645, 3.213357925415039, 2.9519522190093994, 2.8343796730041504, 2.6632213592529297, 2.613495349884033, 2.5361392498016357, 2.4453375339508057, 2.3782782554626465, 2.327446460723877], "baseline_accuracy": [0.06875000149011612, 0.111328125, 0.18125000596046448, 0.21406249701976776, 0.2632812559604645, 0.2886718809604645, 0.3148437440395355, 0.35859376192092896, 0.38749998807907104, 0.412109375], "baseline_val_loss": [3.2878146171569824, 2.9223086833953857, 2.699854850769043, 2.566589593887329, 2.4404783248901367, 2.35331392288208, 2.271878957748413, 2.20146107673645, 2.1415793895721436, 2.082984685897827], "baseline_val_accuracy": [0.15294118225574493, 0.23529411852359772, 0.2705882489681244, 0.3176470696926117, 0.4000000059604645, 0.4470588266849518, 0.5176470875740051, 0.4941176474094391, 0.5529412031173706, 0.5647059082984924], "baseline_no_transfer_learning_base_loss": [3.0429329872131348, 2.7919163703918457, 2.657822847366333, 2.5616230964660645, 2.480823040008545, 2.4145712852478027, 2.3561863899230957, 2.301266670227051, 2.248728036880493, 2.199906349182129], "baseline_no_transfer_learning_base_accuracy": [0.14882811903953552, 0.255859375, 0.3460937440395355, 0.4222656190395355, 0.48046875, 0.515625, 0.533203125, 0.555859386920929, 0.561328113079071, 0.575390636920929], "baseline_no_transfer_learning_base_val_loss": [3.2612481117248535, 3.2787561416625977, 3.2421624660491943, 3.130422830581665, 2.9518215656280518, 2.7445406913757324, 2.5266129970550537, 2.3694448471069336, 2.2701642513275146, 2.2060506343841553], "baseline_no_transfer_learning_base_val_accuracy": [0.07058823853731155, 0.07058823853731155, 0.10588235408067703, 0.0941176488995552, 0.1411764770746231, 0.23529411852359772, 0.29411765933036804, 0.4117647111415863, 0.4470588266849518, 0.47058823704719543]}