{"ensemble_loss": [1.5180821418762207, 1.2985076904296875, 1.2134143114089966, 1.1611037254333496, 1.122827410697937, 1.092010498046875, 1.0662996768951416, 1.044118881225586, 1.0246394872665405, 1.0073128938674927], "ensemble_accuracy": [0.3807692229747772, 0.5759615302085876, 0.5966346263885498, 0.6007211804389954, 0.6146634817123413, 0.626682698726654, 0.6372596025466919, 0.6459134817123413, 0.6552884578704834, 0.6622596383094788], "ensemble_val_loss": [1.393936038017273, 1.2614151239395142, 1.197392463684082, 1.1602884531021118, 1.1351468563079834, 1.1161866188049316, 1.1014851331710815, 1.0899146795272827, 1.0802088975906372, 1.0720975399017334], "ensemble_val_accuracy": [0.4592592716217041, 0.5703703761100769, 0.5407407283782959, 0.5259259343147278, 0.4962962865829468, 0.5259259343147278, 0.5111111402511597, 0.5111111402511597, 0.5111111402511597, 0.5111111402511597], "ensemble_no_transfer_learning_ensemble_loss": [1.22474205493927, 0.9564701318740845, 0.8717501163482666, 0.8196702003479004, 0.777714192867279, 0.7388064861297607, 0.6994596719741821, 0.6627506613731384, 0.6296384334564209, 0.5988578200340271], "ensemble_no_transfer_learning_ensemble_accuracy": [0.5334134697914124, 0.6213942170143127, 0.6538461446762085, 0.6819711327552795, 0.7055288553237915, 0.7278845906257629, 0.7502403855323792, 0.7725961804389954, 0.7908653616905212, 0.8074519038200378], "ensemble_no_transfer_learning_ensemble_val_loss": [2.107438325881958, 2.9127676486968994, 2.7021589279174805, 1.7114415168762207, 1.1210206747055054, 0.9775843024253845, 0.9573293924331665, 0.9652506709098816, 0.9656591415405273, 0.9672439098358154], "ensemble_no_transfer_learning_ensemble_val_accuracy": [0.17037037014961243, 0.17037037014961243, 0.34074074029922485, 0.3481481373310089, 0.5333333611488342, 0.6518518328666687, 0.6814814805984497, 0.6666666865348816, 0.6222222447395325, 0.6370370388031006]}