{"ensemble_loss": [0.4678003489971161, 0.37365272641181946, 0.3466334640979767, 0.3286152184009552, 0.3129836618900299, 0.2983429729938507, 0.2854982912540436, 0.27233657240867615, 0.2603718042373657, 0.25007227063179016], "ensemble_accuracy": [0.7979166507720947, 0.8440476059913635, 0.854315459728241, 0.8620535731315613, 0.8669642806053162, 0.8697916865348816, 0.8721725940704346, 0.8773809671401978, 0.8812500238418579, 0.8848214149475098], "ensemble_val_loss": [2.2512316703796387, 2.202019214630127, 0.9297525882720947, 0.6895362734794617, 0.7149207592010498, 0.5446021556854248, 0.49384039640426636, 0.4506325125694275, 0.4266568422317505, 0.42200300097465515], "ensemble_val_accuracy": [0.4611872136592865, 0.4611872136592865, 0.4885844886302948, 0.6575342416763306, 0.6255707740783691, 0.77625572681427, 0.7808219194412231, 0.8082191944122314, 0.8082191944122314, 0.8173515796661377]}