{"ensemble_loss": [3.2161872386932373, 3.047400951385498, 2.952716827392578, 2.88342547416687, 2.828613519668579, 2.7848007678985596, 2.7471601963043213, 2.713329792022705, 2.6830599308013916, 2.656205654144287], "ensemble_accuracy": [0.06015624850988388, 0.201171875, 0.31718748807907104, 0.36250001192092896, 0.376953125, 0.3988281190395355, 0.41796875, 0.43242186307907104, 0.44140625, 0.4457031190395355], "ensemble_val_loss": [3.1646060943603516, 3.0584731101989746, 2.9813783168792725, 2.9249730110168457, 2.8794922828674316, 2.8434367179870605, 2.811941146850586, 2.781214714050293, 2.752412796020508, 2.7271299362182617], "ensemble_val_accuracy": [0.05882352963089943, 0.21176470816135406, 0.2705882489681244, 0.2705882489681244, 0.30588236451148987, 0.38823530077934265, 0.38823530077934265, 0.38823530077934265, 0.4117647111415863, 0.4117647111415863], "ensemble_no_transfer_learning_ensemble_loss": [2.97619366645813, 2.713880777359009, 2.563924789428711, 2.4469308853149414, 2.3529369831085205, 2.276019334793091, 2.2101247310638428, 2.1524832248687744, 2.101327419281006, 2.055241107940674], "ensemble_no_transfer_learning_ensemble_accuracy": [0.21757812798023224, 0.36796873807907104, 0.40937501192092896, 0.44999998807907104, 0.48124998807907104, 0.4996093809604645, 0.5113281011581421, 0.5269531011581421, 0.5472656488418579, 0.553515613079071], "ensemble_no_transfer_learning_ensemble_val_loss": [3.2402026653289795, 3.2250208854675293, 3.1871848106384277, 3.0954384803771973, 2.964984178543091, 2.822650909423828, 2.689164400100708, 2.5835719108581543, 2.4992382526397705, 2.427353620529175], "ensemble_no_transfer_learning_ensemble_val_accuracy": [0.03529411926865578, 0.03529411926865578, 0.0470588244497776, 0.0470588244497776, 0.0470588244497776, 0.0941176488995552, 0.15294118225574493, 0.1882352977991104, 0.25882354378700256, 0.29411765933036804]}