{"base_loss": [0.417858362197876, 0.3837241232395172, 0.37313199043273926, 0.3664218783378601, 0.3613405227661133, 0.3570857644081116, 0.35343629121780396, 0.35025301575660706, 0.34738531708717346, 0.3447747528553009], "base_accuracy": [0.8111592531204224, 0.8303630352020264, 0.8363345861434937, 0.8396761417388916, 0.84229576587677, 0.8448328971862793, 0.8466171622276306, 0.8481229543685913, 0.8498762249946594, 0.8514748215675354], "base_val_loss": [0.4091620147228241, 0.4020743668079376, 0.40597283840179443, 0.40554025769233704, 0.40744903683662415, 0.4057530462741852, 0.41661474108695984, 0.4179694354534149, 0.42446112632751465, 0.43247219920158386], "base_val_accuracy": [0.8126550912857056, 0.8197891116142273, 0.8200992345809937, 0.8225806355476379, 0.8235111832618713, 0.8241314888000488, 0.8228908181190491, 0.8228908181190491, 0.8213399648666382, 0.819168746471405]}