{"ensemble_loss": [1.0775175094604492, 0.8417378664016724, 0.7355347275733948, 0.6651908159255981, 0.6118140816688538, 0.5679101347923279, 0.5293101072311401, 0.49574345350265503, 0.46689480543136597, 0.44154730439186096], "ensemble_accuracy": [0.8316406011581421, 0.922656238079071, 0.9390624761581421, 0.949999988079071, 0.95703125, 0.961718738079071, 0.967578113079071, 0.971875011920929, 0.9730468988418579, 0.9750000238418579], "ensemble_val_loss": [1.1428518295288086, 0.9862138628959656, 0.8625565767288208, 0.7752915620803833, 0.7095740437507629, 0.6595354676246643, 0.6158449053764343, 0.5736851096153259, 0.5368734002113342, 0.5063068270683289], "ensemble_val_accuracy": [0.7407407164573669, 0.9876543283462524, 0.9753086566925049, 0.9506173133850098, 0.9753086566925049, 0.9753086566925049, 0.9753086566925049, 0.9753086566925049, 0.9753086566925049, 0.9753086566925049], "ensemble_no_transfer_learning_ensemble_loss": [1.030615210533142, 0.6555621027946472, 0.46303772926330566, 0.3513583242893219, 0.28149276971817017, 0.2302042692899704, 0.19378267228603363, 0.1667281687259674, 0.14647845923900604, 0.1301085650920868], "ensemble_no_transfer_learning_ensemble_accuracy": [0.7124999761581421, 0.9281250238418579, 0.9593750238418579, 0.973828136920929, 0.9789062738418579, 0.9839843511581421, 0.987500011920929, 0.98828125, 0.989062488079071, 0.9886718988418579], "ensemble_no_transfer_learning_ensemble_val_loss": [1.3842774629592896, 1.4890481233596802, 2.0738508701324463, 3.4410908222198486, 5.018016338348389, 5.529094219207764, 4.2132744789123535, 1.810398817062378, 0.563005805015564, 0.26782113313674927], "ensemble_no_transfer_learning_ensemble_val_accuracy": [0.2469135820865631, 0.2469135820865631, 0.2469135820865631, 0.2469135820865631, 0.2469135820865631, 0.2469135820865631, 0.2469135820865631, 0.2839506268501282, 0.8888888955116272, 0.9382715821266174]}