{"ensemble_loss": [3.4103522300720215, 3.202928304672241, 3.0942013263702393, 3.010327100753784, 2.9405505657196045, 2.880889654159546, 2.827784776687622, 2.779247760772705, 2.7351508140563965, 2.694164752960205], "ensemble_accuracy": [0.11282894760370255, 0.22220394015312195, 0.27302631735801697, 0.3258223831653595, 0.3662828803062439, 0.39638158679008484, 0.4327302575111389, 0.4578947424888611, 0.47434210777282715, 0.4888157844543457], "ensemble_val_loss": [3.374371290206909, 3.1844377517700195, 3.064941167831421, 2.971895694732666, 2.8992648124694824, 2.8376312255859375, 2.7826907634735107, 2.7344062328338623, 2.6907296180725098, 2.6516828536987305], "ensemble_val_accuracy": [0.11224489659070969, 0.3520408272743225, 0.40816327929496765, 0.3877550959587097, 0.40816327929496765, 0.44387754797935486, 0.4591836631298065, 0.48469388484954834, 0.4897959232330322, 0.4897959232330322], "ensemble_no_transfer_learning_ensemble_loss": [3.238640308380127, 2.7735772132873535, 2.5190560817718506, 2.347221612930298, 2.210543394088745, 2.0954651832580566, 1.9970601797103882, 1.9150017499923706, 1.8470916748046875, 1.7895957231521606], "ensemble_no_transfer_learning_ensemble_accuracy": [0.2233552634716034, 0.40312498807907104, 0.5159539580345154, 0.5753289461135864, 0.6064144968986511, 0.6279605031013489, 0.6432566046714783, 0.6565789580345154, 0.6671052575111389, 0.6759868264198303], "ensemble_no_transfer_learning_ensemble_val_loss": [4.357049465179443, 6.809826850891113, 3.670905590057373, 2.3857922554016113, 2.154825210571289, 2.031052350997925, 1.9385751485824585, 1.8556733131408691, 1.8142176866531372, 1.7786686420440674], "ensemble_no_transfer_learning_ensemble_val_accuracy": [0.015306122601032257, 0.015306122601032257, 0.08163265138864517, 0.5102040767669678, 0.5969387888908386, 0.7091836929321289, 0.6530612111091614, 0.668367326259613, 0.668367326259613, 0.6785714030265808]}