{"baseline_loss": [2.9725677967071533, 2.358154296875, 2.0591342449188232, 1.8469313383102417, 1.6706680059432983, 1.5400071144104004, 1.4208728075027466, 1.3217811584472656, 1.2369400262832642, 1.1662627458572388], "baseline_accuracy": [0.19398407638072968, 0.33330991864204407, 0.42691949009895325, 0.48562735319137573, 0.5312967896461487, 0.5607444047927856, 0.5890215635299683, 0.6116338968276978, 0.6314606666564941, 0.6449906229972839], "baseline_val_loss": [2.6110048294067383, 3.4647903442382812, 2.7410120964050293, 3.7712628841400146, 1.7433680295944214, 2.4311769008636475, 1.6723414659500122, 1.990997076034546, 11.331284523010254, 9.562891960144043], "baseline_val_accuracy": [0.27256762981414795, 0.12820513546466827, 0.19775201380252838, 0.13979627192020416, 0.45381101965904236, 0.2121531367301941, 0.44432735443115234, 0.31928345561027527, 0.054794520139694214, 0.046364594250917435]}