{"baseline_loss": [4.120523452758789, 3.753754138946533, 3.488321304321289, 3.260995864868164, 3.066040277481079, 2.871650457382202, 2.7135398387908936, 2.5625407695770264, 2.4101574420928955, 2.2972936630249023], "baseline_accuracy": [0.06875000149011612, 0.19750000536441803, 0.28555554151535034, 0.32923611998558044, 0.36645832657814026, 0.402013897895813, 0.44555556774139404, 0.464861124753952, 0.4987500011920929, 0.5133333206176758], "baseline_val_loss": [4.146862030029297, 3.6574459075927734, 3.458242177963257, 3.2749428749084473, 3.121434450149536, 2.946352958679199, 2.8084936141967773, 2.646439552307129, 2.587167263031006, 2.4170498847961426], "baseline_val_accuracy": [0.08350730687379837, 0.16283924877643585, 0.2651357054710388, 0.2839248478412628, 0.27557411789894104, 0.3027139902114868, 0.34237995743751526, 0.3444676399230957, 0.31941545009613037, 0.37578287720680237]}