{"baseline_loss": [1.892356514930725, 1.4142860174179077, 1.233941674232483, 1.1115174293518066, 1.0297044515609741, 0.9649960398674011, 0.9109412431716919, 0.8698099851608276, 0.8473423719406128, 0.8217679858207703], "baseline_accuracy": [0.232421875, 0.530078113079071, 0.658984363079071, 0.717968761920929, 0.744921863079071, 0.7738281488418579, 0.803906261920929, 0.817578136920929, 0.8617187738418579, 0.864453136920929], "baseline_val_loss": [1.7105783224105835, 1.3658875226974487, 1.1884002685546875, 1.0801693201065063, 1.0156991481781006, 0.9636439085006714, 0.9095206260681152, 0.867009699344635, 0.8302610516548157, 0.7983746528625488], "baseline_val_accuracy": [0.28947368264198303, 0.5263158082962036, 0.6710526347160339, 0.6710526347160339, 0.6842105388641357, 0.6842105388641357, 0.7236841917037964, 0.7368420958518982, 0.8289473652839661, 0.8684210777282715], "baseline_no_transfer_learning_base_loss": [1.3728535175323486, 1.1257379055023193, 1.0292812585830688, 0.9662157893180847, 0.915911078453064, 0.8711550831794739, 0.8330609202384949, 0.7998446226119995, 0.7686907052993774, 0.7400098443031311], "baseline_no_transfer_learning_base_accuracy": [0.5718749761581421, 0.7035156488418579, 0.741406261920929, 0.76953125, 0.7890625, 0.8148437738418579, 0.830859363079071, 0.839062511920929, 0.849609375, 0.858203113079071], "baseline_no_transfer_learning_base_val_loss": [1.7679001092910767, 1.8609386682510376, 1.7697210311889648, 1.4767018556594849, 1.1338332891464233, 0.9049035310745239, 0.7852059602737427, 0.7190358638763428, 0.6710475087165833, 0.6367717385292053], "baseline_no_transfer_learning_base_val_accuracy": [0.18421052396297455, 0.21052631735801697, 0.25, 0.3815789520740509, 0.6052631735801697, 0.8684210777282715, 0.9342105388641357, 0.9736841917037964, 0.9473684430122375, 0.9473684430122375]}