{"baseline_loss": [0.6294766068458557, 0.41498246788978577, 0.3396931290626526, 0.3016539216041565, 0.2640063166618347, 0.23420503735542297, 0.21556074917316437, 0.1977517008781433, 0.19753418862819672, 0.17365345358848572], "baseline_accuracy": [0.645312488079071, 0.8335937261581421, 0.875, 0.8929687738418579, 0.9234374761581421, 0.9351562261581421, 0.9507812261581421, 0.9546874761581421, 0.9546874761581421, 0.9664062261581421], "baseline_val_loss": [0.43577203154563904, 0.3320980668067932, 0.2667349576950073, 0.20660638809204102, 0.17832882702350616, 0.1617029756307602, 0.15014876425266266, 0.13490083813667297, 0.13362117111682892, 0.13324321806430817], "baseline_val_accuracy": [0.7142857313156128, 0.8095238208770752, 0.8809523582458496, 0.9523809552192688, 1.0, 1.0, 1.0, 1.0, 1.0, 0.9523809552192688], "baseline_no_transfer_learning_base_loss": [0.4466065764427185, 0.32795506715774536, 0.27538537979125977, 0.23783738911151886, 0.2094666212797165, 0.1870916187763214, 0.16916249692440033, 0.15405192971229553, 0.14084568619728088, 0.12990833818912506], "baseline_no_transfer_learning_base_accuracy": [0.8109375238418579, 0.8812500238418579, 0.90234375, 0.930468738079071, 0.94140625, 0.952343761920929, 0.9632812738418579, 0.9664062261581421, 0.9671875238418579, 0.967968761920929], "baseline_no_transfer_learning_base_val_loss": [0.7054126858711243, 0.7342985272407532, 0.7891607880592346, 0.8800821900367737, 1.0107438564300537, 1.1519855260849, 1.2820837497711182, 1.4062739610671997, 1.4817793369293213, 1.5082429647445679], "baseline_no_transfer_learning_base_val_accuracy": [0.4285714328289032, 0.4285714328289032, 0.4285714328289032, 0.4285714328289032, 0.4285714328289032, 0.4285714328289032, 0.4285714328289032, 0.4285714328289032, 0.4285714328289032, 0.4285714328289032]}