{"baseline_loss": [2.3424689769744873, 1.7126282453536987, 1.4463402032852173, 1.2995171546936035, 1.1970149278640747, 1.1380949020385742, 1.0817855596542358, 1.044732689857483, 1.0013748407363892, 0.9716992974281311], "baseline_accuracy": [0.4051378667354584, 0.5416452288627625, 0.5921691060066223, 0.6211397051811218, 0.646369457244873, 0.658768355846405, 0.6717739105224609, 0.6795772314071655, 0.6909375190734863, 0.6980606913566589], "baseline_val_loss": [1.9628101587295532, 1.6067723035812378, 1.4762219190597534, 1.4884727001190186, 1.464257836341858, 1.4021657705307007, 1.2874605655670166, 1.4016172885894775, 1.2232928276062012, 1.193131446838379], "baseline_val_accuracy": [0.46313172578811646, 0.5269262790679932, 0.5451532602310181, 0.5316210985183716, 0.5341066122055054, 0.5619994401931763, 0.5976249575614929, 0.5592377781867981, 0.5860259532928467, 0.6150234937667847]}