{"baseline_loss": [0.5434039831161499, 0.3079153895378113, 0.23642295598983765, 0.19241032004356384, 0.15790286660194397, 0.14227670431137085, 0.12442794442176819, 0.10945642739534378, 0.10119449347257614, 0.09262293577194214], "baseline_accuracy": [0.7124999761581421, 0.9670454263687134, 0.9735795259475708, 0.9755681753158569, 0.981249988079071, 0.9818181991577148, 0.9832386374473572, 0.9866477251052856, 0.988068163394928, 0.9883522987365723], "baseline_val_loss": [0.4480113685131073, 0.31272125244140625, 0.21502888202667236, 0.16412237286567688, 0.13935913145542145, 0.12253692746162415, 0.1073494702577591, 0.08673099428415298, 0.07998383790254593, 0.06853824108839035], "baseline_val_accuracy": [0.991150438785553, 0.9734513163566589, 1.0, 1.0, 1.0, 1.0, 1.0, 1.0, 1.0, 1.0], "baseline_no_transfer_learning_base_loss": [0.4346323311328888, 0.2398110330104828, 0.15862536430358887, 0.11503006517887115, 0.08487860858440399, 0.0710272490978241, 0.06437090784311295, 0.05007098242640495, 0.042956240475177765, 0.03639138862490654], "baseline_no_transfer_learning_base_accuracy": [0.8392045497894287, 0.9468749761581421, 0.9696022868156433, 0.9795454740524292, 0.9857954382896423, 0.9892045259475708, 0.9897727370262146, 0.9923295378684998, 0.9940341114997864, 0.9946022629737854], "baseline_no_transfer_learning_base_val_loss": [0.6893889307975769, 0.6514264941215515, 0.625404953956604, 0.5316019058227539, 0.268105149269104, 0.12832827866077423, 0.07828983664512634, 0.06030455604195595, 0.08414169400930405, 0.12876054644584656], "baseline_no_transfer_learning_base_val_accuracy": [0.4955752193927765, 0.6017699241638184, 0.6637167930603027, 0.6194690465927124, 0.982300877571106, 0.982300877571106, 0.982300877571106, 0.982300877571106, 0.9734513163566589, 0.9292035102844238]}