{"ensemble_loss": [0.5771209597587585, 0.5434662103652954, 0.5298780798912048, 0.5198448300361633, 0.512079119682312, 0.5053721070289612, 0.4993606507778168, 0.49381858110427856, 0.4887210726737976, 0.4844522476196289], "ensemble_accuracy": [0.7085937261581421, 0.723437488079071, 0.73046875, 0.7359374761581421, 0.741406261920929, 0.745312511920929, 0.74609375, 0.748828113079071, 0.7523437738418579, 0.758593738079071], "ensemble_val_loss": [0.684946596622467, 0.6739883422851562, 0.6799073815345764, 0.701981782913208, 0.7375516891479492, 0.781544029712677, 0.8283698558807373, 0.8426946997642517, 0.8714504837989807, 0.8746006488800049], "ensemble_val_accuracy": [0.5975610017776489, 0.5975610017776489, 0.5487805008888245, 0.5487805008888245, 0.5365853905677795, 0.5487805008888245, 0.5853658318519592, 0.5975610017776489, 0.5731707215309143, 0.5731707215309143]}