{"ensemble_loss": [0.7278264164924622, 0.5545639395713806, 0.5020304918289185, 0.47330230474472046, 0.45406126976013184, 0.4397523105144501, 0.4281963109970093, 0.41837289929389954, 0.40965113043785095, 0.40173986554145813], "ensemble_accuracy": [0.6743124723434448, 0.8066250085830688, 0.8182500004768372, 0.8254374861717224, 0.8301249742507935, 0.8335000276565552, 0.8381249904632568, 0.8416249752044678, 0.8450000286102295, 0.8479375243186951], "ensemble_val_loss": [0.7178263068199158, 0.6202190518379211, 0.5655635595321655, 0.5323216915130615, 0.5103902816772461, 0.4944567382335663, 0.48138177394866943, 0.47056981921195984, 0.4613049626350403, 0.45317143201828003], "ensemble_val_accuracy": [0.6742424368858337, 0.751893937587738, 0.7670454382896423, 0.7878788113594055, 0.7916666865348816, 0.8011363744735718, 0.810606062412262, 0.8219696879386902, 0.8314393758773804, 0.8446969985961914], "ensemble_no_transfer_learning_ensemble_loss": [0.46315431594848633, 0.3561389446258545, 0.31379544734954834, 0.2780848443508148, 0.2451164871454239, 0.21557116508483887, 0.18975378572940826, 0.16727182269096375, 0.14740312099456787, 0.1302790492773056], "ensemble_no_transfer_learning_ensemble_accuracy": [0.823312520980835, 0.8659374713897705, 0.8858749866485596, 0.9040625095367432, 0.9198125004768372, 0.937125027179718, 0.9495624899864197, 0.9595000147819519, 0.9690625071525574, 0.9753749966621399], "ensemble_no_transfer_learning_ensemble_val_loss": [1.002890944480896, 0.7749866843223572, 0.7233698964118958, 0.7075543403625488, 0.709343433380127, 0.7066085338592529, 0.7179445028305054, 0.7338970303535461, 0.7699658274650574, 0.802157998085022], "ensemble_no_transfer_learning_ensemble_val_accuracy": [0.469696968793869, 0.6496211886405945, 0.6799242496490479, 0.6931818127632141, 0.6950757503509521, 0.6969696879386902, 0.689393937587738, 0.6912878751754761, 0.6609848737716675, 0.6553030014038086]}