{"baseline_loss": [2.4724855422973633, 1.8308802843093872, 1.6282199621200562, 1.5011515617370605, 1.409116506576538, 1.3574861288070679, 1.3009628057479858, 1.2522820234298706, 1.2170023918151855, 1.1779398918151855], "baseline_accuracy": [0.16783854365348816, 0.3453125059604645, 0.4925781190395355, 0.5651041865348816, 0.608593761920929, 0.6246093511581421, 0.6393229365348816, 0.651171863079071, 0.664843738079071, 0.6773437261581421], "baseline_val_loss": [2.0305092334747314, 1.7509634494781494, 1.6091530323028564, 1.5228103399276733, 1.4605761766433716, 1.4220247268676758, 1.3951730728149414, 1.3705798387527466, 1.3326514959335327, 1.3128182888031006], "baseline_val_accuracy": [0.2240000069141388, 0.40799999237060547, 0.5239999890327454, 0.5199999809265137, 0.5640000104904175, 0.5680000185966492, 0.5600000023841858, 0.5680000185966492, 0.5680000185966492, 0.5600000023841858], "baseline_no_transfer_learning_base_loss": [1.7737643718719482, 1.5193716287612915, 1.401680588722229, 1.322068691253662, 1.2591766119003296, 1.2070118188858032, 1.161685585975647, 1.121073842048645, 1.0848013162612915, 1.0516061782836914], "baseline_no_transfer_learning_base_accuracy": [0.4585937559604645, 0.5601562261581421, 0.5908854007720947, 0.6119791865348816, 0.6283854246139526, 0.6408854126930237, 0.6565104126930237, 0.6731770634651184, 0.6839843988418579, 0.6950520873069763], "baseline_no_transfer_learning_base_val_loss": [2.2112200260162354, 1.8512651920318604, 1.554577350616455, 1.4408148527145386, 1.3827074766159058, 1.342849850654602, 1.3094656467437744, 1.2878717184066772, 1.2824312448501587, 1.2889155149459839], "baseline_no_transfer_learning_base_val_accuracy": [0.1599999964237213, 0.40799999237060547, 0.5360000133514404, 0.5799999833106995, 0.6039999723434448, 0.6240000128746033, 0.628000020980835, 0.6159999966621399, 0.6000000238418579, 0.6039999723434448]}