{"base_loss": [1.697665810585022, 1.5771948099136353, 1.513259768486023, 1.4631147384643555, 1.419871211051941, 1.3796725273132324, 1.340625286102295, 1.3025920391082764, 1.2660900354385376, 1.230319619178772], "base_accuracy": [0.28812500834465027, 0.39750000834465027, 0.4350000023841858, 0.47999998927116394, 0.5068749785423279, 0.5274999737739563, 0.5475000143051147, 0.5687500238418579, 0.5881249904632568, 0.6043750047683716], "base_val_loss": [1.829740047454834, 2.1018552780151367, 2.5616869926452637, 3.031184673309326, 3.312673330307007, 3.3348171710968018, 3.149017333984375, 2.867835760116577, 2.5889575481414795, 2.367677927017212], "base_val_accuracy": [0.1599999964237213, 0.1599999964237213, 0.1599999964237213, 0.18000000715255737, 0.2199999988079071, 0.14000000059604645, 0.14000000059604645, 0.2199999988079071, 0.23999999463558197, 0.25999999046325684]}