{"baseline_loss": [2.1385576725006104, 1.7614591121673584, 1.5435781478881836, 1.4041242599487305, 1.3172862529754639, 1.2554908990859985, 1.197730302810669, 1.1479123830795288, 1.1088942289352417, 1.0690680742263794], "baseline_accuracy": [0.31490740180015564, 0.438703715801239, 0.49497684836387634, 0.5279629826545715, 0.5497221946716309, 0.568449079990387, 0.5830324292182922, 0.5979166626930237, 0.611990749835968, 0.6190046072006226], "baseline_val_loss": [1.985319972038269, 1.7405025959014893, 6.163998603820801, 1.510575532913208, 1.4058263301849365, 11.351210594177246, 1.5888962745666504, 1.1377298831939697, 1.4688488245010376, 1.184437870979309], "baseline_val_accuracy": [0.35838553309440613, 0.4335421025753021, 0.15657620131969452, 0.4864300489425659, 0.5344467759132385, 0.11830201745033264, 0.5017397403717041, 0.5935977697372437, 0.5066109895706177, 0.6318719387054443]}