{"base_loss": [1.6413942575454712, 0.9890767931938171, 0.6963680982589722, 0.510177731513977, 0.38394296169281006, 0.29550930857658386, 0.231826514005661, 0.18481388688087463, 0.14950580894947052, 0.12231822311878204], "base_accuracy": [0.6600825190544128, 0.8790094256401062, 0.9242924451828003, 0.9469339847564697, 0.9622641801834106, 0.9716391563415527, 0.9789505004882812, 0.9840801954269409, 0.9883254766464233, 0.9913325309753418], "base_val_loss": [1.4248017072677612, 0.8096863031387329, 0.6007577180862427, 0.4610937833786011, 0.3701518476009369, 0.3052230477333069, 0.26551249623298645, 0.2353682518005371, 0.21821029484272003, 0.1918615698814392], "base_val_accuracy": [0.7904085516929626, 0.8880994915962219, 0.9076376557350159, 0.9342806339263916, 0.9413854479789734, 0.9520426392555237, 0.9431616067886353, 0.9538187980651855, 0.9520426392555237, 0.9449378252029419]}