{"baseline_loss": [2.5753414630889893, 1.925504207611084, 1.6511889696121216, 1.4838323593139648, 1.373003363609314, 1.2861053943634033, 1.2159202098846436, 1.1603835821151733, 1.1085883378982544, 1.0625941753387451], "baseline_accuracy": [0.3153061270713806, 0.45717474818229675, 0.5095769762992859, 0.5405399799346924, 0.563647985458374, 0.5832057595252991, 0.6011267304420471, 0.6139456033706665, 0.6295812129974365, 0.6432079076766968], "baseline_val_loss": [2.2645044326782227, 1.8682620525360107, 1.7398377656936646, 1.6306072473526, 1.5746177434921265, 1.46388578414917, 1.3222166299819946, 1.4083629846572876, 1.3121808767318726, 1.2305896282196045], "baseline_val_accuracy": [0.3590153455734253, 0.45684143900871277, 0.4632352888584137, 0.4984015226364136, 0.489130437374115, 0.5188618898391724, 0.5623401403427124, 0.5143861770629883, 0.554347813129425, 0.5799232721328735]}