{"baseline_loss": [1.968045711517334, 1.6973971128463745, 1.602567434310913, 1.550938606262207, 1.495005488395691, 1.4399574995040894, 1.406026005744934, 1.353034496307373, 1.328955888748169, 1.2826708555221558], "baseline_accuracy": [0.32173076272010803, 0.3808172941207886, 0.41439902782440186, 0.4381971061229706, 0.4628605842590332, 0.48483172059059143, 0.500528872013092, 0.5234134793281555, 0.5275720953941345, 0.543293297290802], "baseline_val_loss": [1.8843095302581787, 1.7944450378417969, 1.747744083404541, 1.714180827140808, 1.7249680757522583, 1.7931643724441528, 1.753324270248413, 1.7349318265914917, 1.8648285865783691, 2.0398294925689697], "baseline_val_accuracy": [0.323933482170105, 0.323933482170105, 0.3875632584095001, 0.36948662996292114, 0.349240779876709, 0.2979031205177307, 0.3253796100616455, 0.36370208859443665, 0.34056398272514343, 0.2906724512577057]}