{"baseline_loss": [3.4153661727905273, 2.7203972339630127, 2.3814334869384766, 2.1366450786590576, 1.9564099311828613, 1.820780634880066, 1.7031718492507935, 1.6171765327453613, 1.5352210998535156, 1.4742532968521118], "baseline_accuracy": [0.1376585215330124, 0.2533439099788666, 0.3278079628944397, 0.37401115894317627, 0.4049365818500519, 0.43300876021385193, 0.4568614065647125, 0.4737167954444885, 0.4947841167449951, 0.5071105360984802], "baseline_val_loss": [3.154085636138916, 3.353274345397949, 2.5697243213653564, 2.5116848945617676, 8.882570266723633, 3.572730541229248, 2.944321393966675, 5.072944641113281, 2.0515668392181396, 2.4039793014526367], "baseline_val_accuracy": [0.16164134442806244, 0.09045568108558655, 0.22670596837997437, 0.2362276166677475, 0.0691453218460083, 0.14577193558216095, 0.16934935748577118, 0.09362956136465073, 0.29947859048843384, 0.23033325374126434]}