{"baseline_loss": [2.521378993988037, 1.8227394819259644, 1.4567453861236572, 1.2158620357513428, 1.0378562211990356, 0.9043202996253967, 0.8001390695571899, 0.7175697684288025, 0.6470274925231934, 0.5869863033294678], "baseline_accuracy": [0.4089432656764984, 0.5824013352394104, 0.6624383330345154, 0.7137335538864136, 0.7521175742149353, 0.7824835777282715, 0.8040090203285217, 0.8226768374443054, 0.8413856625556946, 0.8549753427505493], "baseline_val_loss": [2.103032350540161, 1.7178030014038086, 1.5164912939071655, 1.352243185043335, 1.2037097215652466, 1.2106989622116089, 1.062045693397522, 1.0344939231872559, 1.0144002437591553, 0.9893035292625427], "baseline_val_accuracy": [0.521013617515564, 0.6007416844367981, 0.6063040494918823, 0.6557478308677673, 0.6711990237236023, 0.6594561338424683, 0.6755253672599792, 0.6903584599494934, 0.6841779947280884, 0.6903584599494934]}