{"ensemble_loss": [1.9258800745010376, 1.5419716835021973, 1.411614179611206, 1.3333746194839478, 1.2842234373092651, 1.2484468221664429, 1.220528244972229, 1.196122169494629, 1.177273154258728, 1.1631020307540894], "ensemble_accuracy": [0.5133103728294373, 0.6005217432975769, 0.61655193567276, 0.623012900352478, 0.6307615637779236, 0.6385878920555115, 0.6451265811920166, 0.6502164602279663, 0.6533248424530029, 0.655717134475708], "ensemble_val_loss": [1.6464354991912842, 1.4688717126846313, 1.3730915784835815, 1.3184109926223755, 1.2815428972244263, 1.253693699836731, 1.2314869165420532, 1.2119088172912598, 1.1983749866485596, 1.1880019903182983], "ensemble_val_accuracy": [0.5669999718666077, 0.5886666774749756, 0.5920000076293945, 0.6033333539962769, 0.6078333258628845, 0.6129999756813049, 0.6191666722297668, 0.6188333630561829, 0.6215000152587891, 0.6244999766349792], "ensemble_no_transfer_learning_ensemble_loss": [1.3655750751495361, 0.9975712299346924, 0.8669338822364807, 0.7673030495643616, 0.6950298547744751, 0.6405965685844421, 0.6027227640151978, 0.5745058655738831, 0.5528639554977417, 0.5281798839569092], "ensemble_no_transfer_learning_ensemble_accuracy": [0.6218361258506775, 0.708775520324707, 0.7455928325653076, 0.7820159792900085, 0.8201931715011597, 0.8403752446174622, 0.8591141104698181, 0.8731682896614075, 0.883375883102417, 0.8908636569976807], "ensemble_no_transfer_learning_ensemble_val_loss": [1.1574501991271973, 1.0545819997787476, 1.0396454334259033, 1.004292368888855, 0.9677093625068665, 0.9263671636581421, 0.9291395545005798, 0.9416182637214661, 0.9486569166183472, 0.9089126586914062], "ensemble_no_transfer_learning_ensemble_val_accuracy": [0.6610000133514404, 0.6786666512489319, 0.6823333501815796, 0.7045000195503235, 0.7229999899864197, 0.7361666560173035, 0.73416668176651, 0.7366666793823242, 0.7423333525657654, 0.7574999928474426]}