{"ensemble_loss": [2.0409648418426514, 1.8271536827087402, 1.7304457426071167, 1.6609766483306885, 1.607717514038086, 1.5648620128631592, 1.5283364057540894, 1.4967530965805054, 1.4687594175338745, 1.443443775177002], "ensemble_accuracy": [0.34296876192092896, 0.4834635555744171, 0.5290364623069763, 0.5524739623069763, 0.5640624761581421, 0.5743489861488342, 0.5835937261581421, 0.5899739861488342, 0.5979166626930237, 0.606640636920929], "ensemble_val_loss": [1.9032714366912842, 1.7795624732971191, 1.7070273160934448, 1.6534428596496582, 1.6111228466033936, 1.5751676559448242, 1.5447818040847778, 1.5181416273117065, 1.494683027267456, 1.4737166166305542], "ensemble_val_accuracy": [0.4000000059604645, 0.46799999475479126, 0.5120000243186951, 0.5720000267028809, 0.5799999833106995, 0.5839999914169312, 0.5759999752044678, 0.5960000157356262, 0.6079999804496765, 0.6159999966621399], "ensemble_no_transfer_learning_ensemble_loss": [1.77700936794281, 1.466632604598999, 1.322777509689331, 1.2245303392410278, 1.1456636190414429, 1.0789563655853271, 1.020406723022461, 0.9681044816970825, 0.9207610487937927, 0.8777690529823303], "ensemble_no_transfer_learning_ensemble_accuracy": [0.44869792461395264, 0.5923177003860474, 0.6440104246139526, 0.680859386920929, 0.7035156488418579, 0.7264322638511658, 0.7457031011581421, 0.7654947638511658, 0.7833333611488342, 0.795703113079071], "ensemble_no_transfer_learning_ensemble_val_loss": [2.293830633163452, 1.821649193763733, 1.3966234922409058, 1.2568244934082031, 1.1778587102890015, 1.1184593439102173, 1.0771207809448242, 1.0379986763000488, 1.0013216733932495, 0.979033350944519], "ensemble_no_transfer_learning_ensemble_val_accuracy": [0.17599999904632568, 0.30799999833106995, 0.5440000295639038, 0.6399999856948853, 0.6840000152587891, 0.6959999799728394, 0.6959999799728394, 0.699999988079071, 0.7360000014305115, 0.7279999852180481]}