{"ensemble_loss": [0.559331476688385, 0.4716755151748657, 0.43188413977622986, 0.40508610010147095, 0.38180187344551086, 0.36424705386161804, 0.3476233184337616, 0.3354262113571167, 0.3225037455558777, 0.31227147579193115], "ensemble_accuracy": [0.7186011672019958, 0.7884920835494995, 0.8102678656578064, 0.8219742178916931, 0.8339285850524902, 0.8430555462837219, 0.8496527671813965, 0.8562995791435242, 0.8614087104797363, 0.8663194179534912], "ensemble_val_loss": [0.8918898701667786, 0.5409526824951172, 0.4986356198787689, 0.49090075492858887, 0.5028955936431885, 0.44491592049598694, 0.4288914203643799, 0.45053744316101074, 0.4315126836299896, 0.4646812975406647], "ensemble_val_accuracy": [0.523308277130127, 0.718796968460083, 0.7518796920776367, 0.7609022259712219, 0.7263157963752747, 0.8135338425636292, 0.8330827355384827, 0.7864661812782288, 0.8285714387893677, 0.7609022259712219]}