{"base_loss": [0.6803731918334961, 0.4655788838863373, 0.42181888222694397, 0.400778204202652, 0.38557636737823486, 0.37413010001182556, 0.3618117868900299, 0.35078808665275574, 0.34151530265808105, 0.33572250604629517], "base_accuracy": [0.6321428418159485, 0.7958333492279053, 0.8214285969734192, 0.8322916626930237, 0.8415178656578064, 0.8461309671401978, 0.8502976298332214, 0.8577380776405334, 0.8619047403335571, 0.8635416626930237], "base_val_loss": [1.2685189247131348, 2.018281936645508, 0.7788374423980713, 1.297418475151062, 1.1581015586853027, 1.2243810892105103, 0.9976790547370911, 1.1044961214065552, 0.8478537797927856, 0.7349522709846497], "base_val_accuracy": [0.5114155411720276, 0.5114155411720276, 0.5114155411720276, 0.5114155411720276, 0.5114155411720276, 0.5114155411720276, 0.5114155411720276, 0.5114155411720276, 0.5707762837409973, 0.6301369667053223]}