{"baseline_loss": [2.6397619247436523, 2.2104225158691406, 1.9777839183807373, 1.8233143091201782, 1.7027850151062012, 1.6156647205352783, 1.5413236618041992, 1.4653353691101074, 1.4109140634536743, 1.3629390001296997], "baseline_accuracy": [0.25646114349365234, 0.38192567229270935, 0.43424829840660095, 0.4588260054588318, 0.4842483103275299, 0.5062077641487122, 0.5173141956329346, 0.538133442401886, 0.5559121370315552, 0.5654560923576355], "baseline_val_loss": [2.455352544784546, 2.1572887897491455, 2.10876727104187, 1.8878655433654785, 1.7424200773239136, 1.6950445175170898, 1.6815344095230103, 1.5476588010787964, 1.5261635780334473, 1.5104583501815796], "baseline_val_accuracy": [0.32179486751556396, 0.36666667461395264, 0.33076924085617065, 0.4076923131942749, 0.43205127120018005, 0.42435896396636963, 0.40512821078300476, 0.48846152424812317, 0.45769229531288147, 0.4602563977241516]}