{"ensemble_loss": [0.615506649017334, 0.5699674487113953, 0.5436645746231079, 0.5226078629493713, 0.5046743750572205, 0.48916327953338623, 0.475492388010025, 0.46317869424819946, 0.4518274664878845, 0.4412231147289276], "ensemble_accuracy": [0.6604166626930237, 0.7299679517745972, 0.7632611989974976, 0.787379801273346, 0.803205132484436, 0.8159054517745972, 0.8260416388511658, 0.8347756266593933, 0.8426281809806824, 0.8486378192901611], "ensemble_val_loss": [0.5897858738899231, 0.5596511960029602, 0.5386574268341064, 0.5200214385986328, 0.5036715269088745, 0.48967984318733215, 0.47673749923706055, 0.46435150504112244, 0.45530077815055847, 0.4416443109512329], "ensemble_val_accuracy": [0.7090908885002136, 0.7418181896209717, 0.7769696712493896, 0.7915151715278625, 0.8157575726509094, 0.8242424130439758, 0.838787853717804, 0.8521212339401245, 0.8509091138839722, 0.8569697141647339], "ensemble_no_transfer_learning_ensemble_loss": [0.606080174446106, 0.5147497057914734, 0.4501177966594696, 0.4024132788181305, 0.36458876729011536, 0.33668142557144165, 0.3146471679210663, 0.2969927489757538, 0.28090155124664307, 0.2689193785190582], "ensemble_no_transfer_learning_ensemble_accuracy": [0.6667067408561707, 0.7679888010025024, 0.8193910121917725, 0.8461538553237915, 0.8651442527770996, 0.8778044581413269, 0.8852564096450806, 0.8923878073692322, 0.8992387652397156, 0.9023237228393555], "ensemble_no_transfer_learning_ensemble_val_loss": [0.5870147347450256, 0.8934464454650879, 1.374368667602539, 1.8087263107299805, 1.502068281173706, 2.145839214324951, 1.8723118305206299, 1.5759831666946411, 2.0485618114471436, 0.8230118751525879], "ensemble_no_transfer_learning_ensemble_val_accuracy": [0.7490909099578857, 0.5187878608703613, 0.5199999809265137, 0.5199999809265137, 0.5284848213195801, 0.5199999809265137, 0.5187878608703613, 0.5199999809265137, 0.5187878608703613, 0.5757575631141663]}