{"baseline_loss": [1.8749923706054688, 1.6525617837905884, 1.5743802785873413, 1.5256177186965942, 1.489443063735962, 1.4675586223602295, 1.444050669670105, 1.4267969131469727, 1.4143624305725098, 1.4062968492507935], "baseline_accuracy": [0.24273648858070374, 0.30768582224845886, 0.3239865005016327, 0.3495776951313019, 0.35945945978164673, 0.36891892552375793, 0.37449324131011963, 0.3811655342578888, 0.38251689076423645, 0.3826013505458832], "baseline_val_loss": [1.6907730102539062, 1.5940513610839844, 1.550141453742981, 1.5071252584457397, 1.4887968301773071, 1.456586480140686, 1.4508717060089111, 1.4470566511154175, 1.4352658987045288, 1.4296596050262451], "baseline_val_accuracy": [0.3213367462158203, 0.31362468004226685, 0.3213367462158203, 0.38046273589134216, 0.34961438179016113, 0.38817480206489563, 0.3958868980407715, 0.3701799511909485, 0.3727506399154663, 0.38303342461586], "baseline_no_transfer_learning_base_loss": [1.8557438850402832, 1.6951520442962646, 1.6072624921798706, 1.5528857707977295, 1.5161149501800537, 1.4893832206726074, 1.4679436683654785, 1.449381947517395, 1.4409196376800537, 1.426132321357727], "baseline_no_transfer_learning_base_accuracy": [0.24788852035999298, 0.3054898679256439, 0.3331925570964813, 0.34923985600471497, 0.3566722869873047, 0.36131757497787476, 0.3682432472705841, 0.367652028799057, 0.3673141896724701, 0.37162160873413086], "baseline_no_transfer_learning_base_val_loss": [2.3660473823547363, 1.7367092370986938, 1.600792407989502, 1.5345898866653442, 1.5427027940750122, 1.550526738166809, 1.494132161140442, 1.5501558780670166, 1.4981452226638794, 1.509954571723938], "baseline_no_transfer_learning_base_val_accuracy": [0.14395886659622192, 0.3470436930656433, 0.30334189534187317, 0.35475578904151917, 0.3701799511909485, 0.38303342461586, 0.3856041133403778, 0.35218510031700134, 0.3341902196407318, 0.336760938167572]}