{"ensemble_loss": [1.7462007999420166, 1.4385011196136475, 1.2989643812179565, 1.2029876708984375, 1.127021074295044, 1.063306450843811, 1.0073442459106445, 0.9577919840812683, 0.9127774834632874, 0.8708564043045044], "ensemble_accuracy": [0.5101562738418579, 0.6337239742279053, 0.6712239384651184, 0.6977864503860474, 0.7178385257720947, 0.7389323115348816, 0.7567708492279053, 0.7721354365348816, 0.790234386920929, 0.8067708611488342], "ensemble_val_loss": [2.2511603832244873, 1.8413903713226318, 1.5154869556427002, 1.3918616771697998, 1.330664038658142, 1.2869912385940552, 1.247581958770752, 1.216349482536316, 1.1930546760559082, 1.1659085750579834], "ensemble_val_accuracy": [0.14399999380111694, 0.2879999876022339, 0.5120000243186951, 0.5799999833106995, 0.5839999914169312, 0.5920000076293945, 0.5960000157356262, 0.5960000157356262, 0.5920000076293945, 0.6000000238418579]}