{"baseline_loss": [0.7599841952323914, 0.5355154275894165, 0.456803560256958, 0.43582889437675476, 0.40575674176216125, 0.39675194025039673, 0.38402917981147766, 0.3826349377632141, 0.37640315294265747, 0.36091628670692444], "baseline_accuracy": [0.6482499837875366, 0.7850000262260437, 0.8172500133514404, 0.8298125267028809, 0.8383125066757202, 0.8428124785423279, 0.8464375138282776, 0.8474375009536743, 0.8511250019073486, 0.8594375252723694], "baseline_val_loss": [0.6602501273155212, 0.5235539078712463, 0.4536988437175751, 0.4105895757675171, 0.3902265131473541, 0.3629009425640106, 0.3531856834888458, 0.3522162437438965, 0.3394075930118561, 0.33209526538848877], "baseline_val_accuracy": [0.6818181872367859, 0.8238636255264282, 0.8636363744735718, 0.8787878751754761, 0.8693181872367859, 0.9053030014038086, 0.9053030014038086, 0.9185606241226196, 0.9166666865348816, 0.9166666865348816], "baseline_no_transfer_learning_base_loss": [0.47897398471832275, 0.37701261043548584, 0.34336569905281067, 0.31713756918907166, 0.29474368691444397, 0.2737765610218048, 0.2551075518131256, 0.23801665008068085, 0.22211603820323944, 0.20795531570911407], "baseline_no_transfer_learning_base_accuracy": [0.8182500004768372, 0.8541250228881836, 0.866937518119812, 0.8776249885559082, 0.8883749842643738, 0.9003124833106995, 0.9091874957084656, 0.9199374914169312, 0.9282500147819519, 0.9341250061988831], "baseline_no_transfer_learning_base_val_loss": [0.6651743054389954, 0.5231152176856995, 0.5017968416213989, 0.47762158513069153, 0.4628107249736786, 0.4201542139053345, 0.4987700581550598, 1.0699291229248047, 1.2234870195388794, 1.9678971767425537], "baseline_no_transfer_learning_base_val_accuracy": [0.7291666865348816, 0.7367424368858337, 0.7651515007019043, 0.7916666865348816, 0.7973484992980957, 0.8295454382896423, 0.7424242496490479, 0.6193181872367859, 0.6193181872367859, 0.6060606241226196]}