{"baseline_loss": [2.3464720249176025, 1.6886160373687744, 1.4580836296081543, 1.351199984550476, 1.2728086709976196, 1.2221447229385376, 1.1667263507843018, 1.1356123685836792, 1.1059657335281372, 1.0595481395721436], "baseline_accuracy": [0.25859373807907104, 0.510937511920929, 0.6045572757720947, 0.6350260376930237, 0.6420572996139526, 0.6566406488418579, 0.6657552123069763, 0.678906261920929, 0.6895833611488342, 0.7053385376930237], "baseline_val_loss": [1.9214825630187988, 1.616640329360962, 1.4558700323104858, 1.3788596391677856, 1.3120042085647583, 1.2689327001571655, 1.2402948141098022, 1.2190678119659424, 1.191155195236206, 1.168380618095398], "baseline_val_accuracy": [0.3319999873638153, 0.47200000286102295, 0.5640000104904175, 0.6000000238418579, 0.6159999966621399, 0.6639999747276306, 0.6639999747276306, 0.6639999747276306, 0.656000018119812, 0.671999990940094], "baseline_no_transfer_learning_base_loss": [1.7737643718719482, 1.5193716287612915, 1.401680588722229, 1.322068691253662, 1.2591766119003296, 1.2070118188858032, 1.161685585975647, 1.121073842048645, 1.0848013162612915, 1.0516061782836914], "baseline_no_transfer_learning_base_accuracy": [0.4585937559604645, 0.5601562261581421, 0.5908854007720947, 0.6119791865348816, 0.6283854246139526, 0.6408854126930237, 0.6565104126930237, 0.6731770634651184, 0.6839843988418579, 0.6950520873069763], "baseline_no_transfer_learning_base_val_loss": [2.2112200260162354, 1.8512651920318604, 1.554577350616455, 1.4408148527145386, 1.3827074766159058, 1.342849850654602, 1.3094656467437744, 1.2878717184066772, 1.2824312448501587, 1.2889155149459839], "baseline_no_transfer_learning_base_val_accuracy": [0.1599999964237213, 0.40799999237060547, 0.5360000133514404, 0.5799999833106995, 0.6039999723434448, 0.6240000128746033, 0.628000020980835, 0.6159999966621399, 0.6000000238418579, 0.6039999723434448]}