{"ensemble_loss": [0.6839985251426697, 0.6122739315032959, 0.5552353858947754, 0.5091001987457275, 0.4715144634246826, 0.44105711579322815, 0.41580334305763245, 0.394498348236084, 0.37632131576538086, 0.36040014028549194], "ensemble_accuracy": [0.47187501192092896, 0.5562499761581421, 0.8656250238418579, 0.8968750238418579, 0.8968750238418579, 0.903124988079071, 0.903124988079071, 0.903124988079071, 0.903124988079071, 0.918749988079071], "ensemble_val_loss": [0.6603707075119019, 0.6505307555198669, 0.6449683904647827, 0.6413775682449341, 0.638119101524353, 0.6361270546913147, 0.634853720664978, 0.6344233751296997, 0.6343066692352295, 0.6333380937576294], "ensemble_val_accuracy": [0.6000000238418579, 0.699999988079071, 0.699999988079071, 0.699999988079071, 0.6000000238418579, 0.6000000238418579, 0.6000000238418579, 0.6000000238418579, 0.6000000238418579, 0.6000000238418579], "ensemble_no_transfer_learning_ensemble_loss": [0.555628776550293, 0.39494043588638306, 0.31898343563079834, 0.2706111967563629, 0.23726089298725128, 0.21227610111236572, 0.1925451159477234, 0.1765037626028061, 0.16301114857196808, 0.1515367180109024], "ensemble_no_transfer_learning_ensemble_accuracy": [0.796875, 0.9281250238418579, 0.9375, 0.956250011920929, 0.965624988079071, 0.965624988079071, 0.965624988079071, 0.96875, 0.9750000238418579, 0.981249988079071], "ensemble_no_transfer_learning_ensemble_val_loss": [0.6969544291496277, 0.7087541818618774, 0.7449518442153931, 0.8051530122756958, 0.8848193883895874, 0.9818671941757202, 1.09149169921875, 1.2117514610290527, 1.3380156755447388, 1.4683005809783936], "ensemble_no_transfer_learning_ensemble_val_accuracy": [0.20000000298023224, 0.20000000298023224, 0.20000000298023224, 0.20000000298023224, 0.20000000298023224, 0.20000000298023224, 0.20000000298023224, 0.20000000298023224, 0.20000000298023224, 0.20000000298023224]}