{"ensemble_loss": [0.511843204498291, 0.3996368646621704, 0.3385247588157654, 0.30073192715644836, 0.2745553255081177, 0.25500112771987915, 0.2395314872264862, 0.2269010990858078, 0.21630284190177917, 0.20714612305164337], "ensemble_accuracy": [0.7945312261581421, 0.89453125, 0.9039062261581421, 0.909375011920929, 0.918749988079071, 0.921093761920929, 0.9281250238418579, 0.938281238079071, 0.94140625, 0.944531261920929], "ensemble_val_loss": [0.519963264465332, 0.4655575156211853, 0.4238881468772888, 0.39087677001953125, 0.36286914348602295, 0.33741259574890137, 0.31302446126937866, 0.2917577922344208, 0.274737685918808, 0.2612752318382263], "ensemble_val_accuracy": [0.8095238208770752, 0.8333333134651184, 0.8571428656578064, 0.8571428656578064, 0.8571428656578064, 0.8571428656578064, 0.8571428656578064, 0.8571428656578064, 0.8571428656578064, 0.8571428656578064], "ensemble_no_transfer_learning_ensemble_loss": [0.437872976064682, 0.29593923687934875, 0.23112723231315613, 0.18660995364189148, 0.1541692614555359, 0.13066168129444122, 0.11267076432704926, 0.09850219637155533, 0.08710135519504547, 0.07816527038812637], "ensemble_no_transfer_learning_ensemble_accuracy": [0.7945312261581421, 0.8890625238418579, 0.94140625, 0.971875011920929, 0.981249988079071, 0.983593761920929, 0.985156238079071, 0.98828125, 0.9906250238418579, 0.991406261920929], "ensemble_no_transfer_learning_ensemble_val_loss": [0.6811671257019043, 0.674826979637146, 0.676305890083313, 0.6851848363876343, 0.7013720273971558, 0.7246356010437012, 0.7616888284683228, 0.8120224475860596, 0.8868168592453003, 0.9174409508705139], "ensemble_no_transfer_learning_ensemble_val_accuracy": [0.523809552192688, 0.523809552192688, 0.523809552192688, 0.523809552192688, 0.523809552192688, 0.523809552192688, 0.523809552192688, 0.523809552192688, 0.523809552192688, 0.523809552192688]}