{"base_loss": [0.949380099773407, 0.5107824802398682, 0.3723173439502716, 0.30007654428482056, 0.25225844979286194, 0.2177278697490692, 0.19100457429885864, 0.17075896263122559, 0.15330585837364197, 0.138472780585289], "base_accuracy": [0.7233073115348816, 0.9087239503860474, 0.9261718988418579, 0.9390624761581421, 0.9490885138511658, 0.9566406011581421, 0.963671863079071, 0.9696614742279053, 0.9735677242279053, 0.9765625], "base_val_loss": [2.3638126850128174, 1.8675724267959595, 0.4062982201576233, 0.25315967202186584, 0.18128664791584015, 0.20332740247249603, 0.23052667081356049, 0.17834733426570892, 0.13352596759796143, 0.1381625086069107], "base_val_accuracy": [0.1882352977991104, 0.21568627655506134, 0.9529411792755127, 0.9803921580314636, 0.9843137264251709, 0.9803921580314636, 0.9803921580314636, 0.9803921580314636, 0.9843137264251709, 0.9843137264251709]}