{"ensemble_loss": [0.5479410886764526, 0.48857343196868896, 0.46437543630599976, 0.44844675064086914, 0.4361967444419861, 0.4261590540409088, 0.417587012052536, 0.4098435044288635, 0.40286019444465637, 0.3964928090572357], "ensemble_accuracy": [0.7029761672019958, 0.7635416388511658, 0.7956845164299011, 0.8122023940086365, 0.821279764175415, 0.8290178775787354, 0.8346726298332214, 0.8377976417541504, 0.8424107432365417, 0.8450892567634583], "ensemble_val_loss": [0.541354775428772, 0.4885481297969818, 0.4561091661453247, 0.4371497929096222, 0.4233259856700897, 0.41260021924972534, 0.4042140245437622, 0.3963630497455597, 0.38916563987731934, 0.382465660572052], "ensemble_val_accuracy": [0.7713004350662231, 0.8026905655860901, 0.8026905655860901, 0.7982062697410583, 0.8116592168807983, 0.8116592168807983, 0.8116592168807983, 0.8116592168807983, 0.8206278085708618, 0.8206278085708618], "ensemble_no_transfer_learning_ensemble_loss": [0.5259584784507751, 0.43732690811157227, 0.39282724261283875, 0.3645414113998413, 0.3448070287704468, 0.329811155796051, 0.31407445669174194, 0.3000958561897278, 0.28764423727989197, 0.27865108847618103], "ensemble_no_transfer_learning_ensemble_accuracy": [0.7205356955528259, 0.8011904954910278, 0.8302083611488342, 0.8479166626930237, 0.8578869104385376, 0.8659226298332214, 0.8715773820877075, 0.8813987970352173, 0.883779764175415, 0.8873512148857117], "ensemble_no_transfer_learning_ensemble_val_loss": [2.323136329650879, 4.881122589111328, 2.090484380722046, 0.6240492463111877, 0.41328495740890503, 0.45532485842704773, 0.41817548871040344, 0.42818883061408997, 0.5971591472625732, 0.45340341329574585], "ensemble_no_transfer_learning_ensemble_val_accuracy": [0.47533631324768066, 0.47533631324768066, 0.4663677215576172, 0.6502242088317871, 0.8206278085708618, 0.7309417128562927, 0.7757847309112549, 0.7578475475311279, 0.6771300435066223, 0.7668161392211914]}