{"ensemble_loss": [3.1589736938476562, 2.9512124061584473, 2.82960844039917, 2.7496492862701416, 2.692605495452881, 2.6471800804138184, 2.6076951026916504, 2.5727572441101074, 2.5420730113983154, 2.513793706893921], "ensemble_accuracy": [0.08554687350988388, 0.19218750298023224, 0.22578124701976776, 0.24531249701976776, 0.2562499940395355, 0.279296875, 0.29765623807907104, 0.3167968690395355, 0.3363281190395355, 0.35624998807907104], "ensemble_val_loss": [3.0029656887054443, 2.8477206230163574, 2.755028486251831, 2.6937906742095947, 2.648362159729004, 2.612748146057129, 2.5784311294555664, 2.5479493141174316, 2.5210535526275635, 2.497300386428833], "ensemble_val_accuracy": [0.15294118225574493, 0.1882352977991104, 0.20000000298023224, 0.20000000298023224, 0.2235294133424759, 0.25882354378700256, 0.25882354378700256, 0.25882354378700256, 0.24705882370471954, 0.29411765933036804], "ensemble_no_transfer_learning_ensemble_loss": [2.886465072631836, 2.5642685890197754, 2.3717105388641357, 2.221254348754883, 2.1047091484069824, 2.012063503265381, 1.9396536350250244, 1.8768975734710693, 1.8223527669906616, 1.7745440006256104], "ensemble_no_transfer_learning_ensemble_accuracy": [0.21914061903953552, 0.38359373807907104, 0.4945312440395355, 0.561718761920929, 0.5894531011581421, 0.610156238079071, 0.6253906488418579, 0.632031261920929, 0.6382812261581421, 0.63671875], "ensemble_no_transfer_learning_ensemble_val_loss": [3.242448091506958, 3.2451534271240234, 3.1926026344299316, 3.0755808353424072, 2.9003124237060547, 2.6947226524353027, 2.4733240604400635, 2.287416458129883, 2.1569600105285645, 2.0803940296173096], "ensemble_no_transfer_learning_ensemble_val_accuracy": [0.0470588244497776, 0.0941176488995552, 0.05882352963089943, 0.0941176488995552, 0.12941177189350128, 0.2235294133424759, 0.29411765933036804, 0.3529411852359772, 0.34117648005485535, 0.4000000059604645]}