{"ensemble_loss": [1.5483747720718384, 1.407487154006958, 1.3617390394210815, 1.3360167741775513, 1.3182557821273804, 1.3047378063201904, 1.2937660217285156, 1.284260869026184, 1.2759487628936768, 1.2684239149093628], "ensemble_accuracy": [0.3930288553237915, 0.4194711446762085, 0.42355769872665405, 0.4262019097805023, 0.4293269217014313, 0.4317307770252228, 0.4346153736114502, 0.4365384578704834, 0.4399038553237915, 0.4449519217014313], "ensemble_val_loss": [1.4378025531768799, 1.362023949623108, 1.332078456878662, 1.316921353340149, 1.308505892753601, 1.3027844429016113, 1.2994599342346191, 1.2970805168151855, 1.2956925630569458, 1.2948962450027466], "ensemble_val_accuracy": [0.4316546618938446, 0.4532374143600464, 0.4460431635379791, 0.42446044087409973, 0.40287768840789795, 0.40287768840789795, 0.40287768840789795, 0.40287768840789795, 0.40287768840789795, 0.4100719392299652], "ensemble_no_transfer_learning_ensemble_loss": [1.411891222000122, 1.2852864265441895, 1.2547435760498047, 1.2305504083633423, 1.2077587842941284, 1.1840413808822632, 1.15876305103302, 1.1325424909591675, 1.1070914268493652, 1.0802123546600342], "ensemble_no_transfer_learning_ensemble_accuracy": [0.3963942229747772, 0.4331730902194977, 0.44350960850715637, 0.4550480842590332, 0.46899038553237915, 0.48317307233810425, 0.4925480782985687, 0.49927884340286255, 0.5069711804389954, 0.5161057710647583], "ensemble_no_transfer_learning_ensemble_val_loss": [2.0604984760284424, 2.8877408504486084, 2.9897563457489014, 1.9633828401565552, 1.4722269773483276, 1.385073184967041, 1.359823226928711, 1.336521029472351, 1.3177430629730225, 1.3266335725784302], "ensemble_no_transfer_learning_ensemble_val_accuracy": [0.12230215966701508, 0.12230215966701508, 0.28776979446411133, 0.3309352397918701, 0.36690646409988403, 0.41726619005203247, 0.4460431635379791, 0.4532374143600464, 0.4532374143600464, 0.42446044087409973]}