{"baseline_loss": [1.558235764503479, 1.1783421039581299, 1.0649728775024414, 1.002362847328186, 0.9575154185295105, 0.9224570989608765, 0.8942206501960754, 0.8700916171073914, 0.8511046171188354, 0.8374118208885193], "baseline_accuracy": [0.4730357229709625, 0.6211904883384705, 0.6543750166893005, 0.6763095259666443, 0.6892856955528259, 0.6988393068313599, 0.7100595235824585, 0.716994047164917, 0.7222023606300354, 0.7248214483261108], "baseline_val_loss": [1.3253319263458252, 1.1446433067321777, 1.0619134902954102, 1.0035560131072998, 0.9663841128349304, 0.9344228506088257, 0.9125493168830872, 0.8981376886367798, 0.8710688948631287, 0.8601908683776855], "baseline_val_accuracy": [0.6080357432365417, 0.6330357193946838, 0.6419642567634583, 0.6616071462631226, 0.6669642925262451, 0.6794642806053162, 0.7017857432365417, 0.6839285492897034, 0.6901785731315613, 0.6955357193946838], "baseline_no_transfer_learning_base_loss": [1.4165550470352173, 1.1657824516296387, 1.0595026016235352, 0.9915026426315308, 0.9453098177909851, 0.9097046256065369, 0.8863898515701294, 0.8628064393997192, 0.8462488055229187, 0.8309729695320129], "baseline_no_transfer_learning_base_accuracy": [0.5135714411735535, 0.5919047594070435, 0.617976188659668, 0.6370238065719604, 0.6503869295120239, 0.6611904501914978, 0.6681845188140869, 0.6761606931686401, 0.6830059289932251, 0.6877678632736206], "baseline_no_transfer_learning_base_val_loss": [1.2403022050857544, 1.0900720357894897, 1.1024402379989624, 0.9367649555206299, 0.8698851466178894, 0.8209161162376404, 0.7940295338630676, 0.8292729258537292, 0.786017656326294, 1.051107406616211], "baseline_no_transfer_learning_base_val_accuracy": [0.5375000238418579, 0.5526785850524902, 0.5151785612106323, 0.6196428537368774, 0.6642857193946838, 0.6866071224212646, 0.7116071581840515, 0.6669642925262451, 0.7124999761581421, 0.5276785492897034]}