{"ensemble_loss": [1.728774070739746, 1.513051986694336, 1.4129629135131836, 1.3462556600570679, 1.298030138015747, 1.2595940828323364, 1.2273205518722534, 1.1995923519134521, 1.1756927967071533, 1.1546913385391235], "ensemble_accuracy": [0.46720239520072937, 0.5753571391105652, 0.6073809266090393, 0.626369059085846, 0.6407142877578735, 0.6530952453613281, 0.6639583110809326, 0.6746726036071777, 0.683571457862854, 0.6916071176528931], "ensemble_val_loss": [1.603044867515564, 1.4725221395492554, 1.3951594829559326, 1.3423490524291992, 1.3021159172058105, 1.2680127620697021, 1.2390650510787964, 1.213746190071106, 1.1924623250961304, 1.1736204624176025], "ensemble_val_accuracy": [0.5116071701049805, 0.5580357313156128, 0.5892857313156128, 0.6026785969734192, 0.6098214387893677, 0.6160714030265808, 0.6348214149475098, 0.6366071701049805, 0.6455357074737549, 0.6455357074737549], "ensemble_no_transfer_learning_ensemble_loss": [1.4009774923324585, 1.1131879091262817, 0.9941191077232361, 0.917242169380188, 0.8597776293754578, 0.8102593421936035, 0.7697789669036865, 0.7354767322540283, 0.7058932781219482, 0.67967689037323], "ensemble_no_transfer_learning_ensemble_accuracy": [0.5843750238418579, 0.681071400642395, 0.7184821367263794, 0.7448809742927551, 0.7623809576034546, 0.7754166722297668, 0.7892857193946838, 0.8036309480667114, 0.8165476322174072, 0.8268154859542847], "ensemble_no_transfer_learning_ensemble_val_loss": [1.2434364557266235, 1.198159098625183, 1.1089450120925903, 1.1383283138275146, 0.9461301565170288, 0.8838648200035095, 0.8263154029846191, 0.8141612410545349, 0.7818706035614014, 0.7787467241287231], "ensemble_no_transfer_learning_ensemble_val_accuracy": [0.5642856955528259, 0.53125, 0.5678571462631226, 0.5517857074737549, 0.6714285612106323, 0.7116071581840515, 0.7642857432365417, 0.7848214507102966, 0.8276785612106323, 0.7982142567634583]}