{"baseline_loss": [1.863542914390564, 1.3616567850112915, 1.151486873626709, 1.0198686122894287, 0.9360650777816772, 0.8664830923080444, 0.7993980646133423, 0.794207751750946, 0.753211259841919, 0.7074757814407349], "baseline_accuracy": [0.23710937798023224, 0.416015625, 0.631640613079071, 0.749218761920929, 0.792187511920929, 0.8140624761581421, 0.827343761920929, 0.844531238079071, 0.861328125, 0.879687488079071], "baseline_val_loss": [1.6148163080215454, 1.2901241779327393, 1.1232116222381592, 1.0210163593292236, 0.9490640759468079, 0.9107081890106201, 0.8667115569114685, 0.8406891822814941, 0.7931885719299316, 0.766125500202179], "baseline_val_accuracy": [0.4868420958518982, 0.5789473652839661, 0.6052631735801697, 0.6315789222717285, 0.75, 0.7631579041481018, 0.7894737124443054, 0.8026315569877625, 0.7894737124443054, 0.8026315569877625], "baseline_no_transfer_learning_base_loss": [1.3728535175323486, 1.1257379055023193, 1.0292812585830688, 0.9662157893180847, 0.915911078453064, 0.8711550831794739, 0.8330609202384949, 0.7998446226119995, 0.7686907052993774, 0.7400098443031311], "baseline_no_transfer_learning_base_accuracy": [0.5718749761581421, 0.7035156488418579, 0.741406261920929, 0.76953125, 0.7890625, 0.8148437738418579, 0.830859363079071, 0.839062511920929, 0.849609375, 0.858203113079071], "baseline_no_transfer_learning_base_val_loss": [1.7679001092910767, 1.8609386682510376, 1.7697210311889648, 1.4767018556594849, 1.1338332891464233, 0.9049035310745239, 0.7852059602737427, 0.7190358638763428, 0.6710475087165833, 0.6367717385292053], "baseline_no_transfer_learning_base_val_accuracy": [0.18421052396297455, 0.21052631735801697, 0.25, 0.3815789520740509, 0.6052631735801697, 0.8684210777282715, 0.9342105388641357, 0.9736841917037964, 0.9473684430122375, 0.9473684430122375]}