{"ensemble_loss": [0.7544217705726624, 0.4715554714202881, 0.3705148696899414, 0.3107328414916992, 0.2726666033267975, 0.24502958357334137, 0.22200223803520203, 0.2024664729833603, 0.1877811700105667, 0.17538870871067047], "ensemble_accuracy": [0.7983333468437195, 0.8732291460037231, 0.8978124856948853, 0.9151041507720947, 0.9250521063804626, 0.932812511920929, 0.9399479031562805, 0.94552081823349, 0.94921875, 0.9537500143051147], "ensemble_val_loss": [1.0075265169143677, 0.6041943430900574, 0.4229723811149597, 0.4944007992744446, 0.4646206200122833, 0.516738772392273, 0.7129872441291809, 0.5563403964042664, 0.702444851398468, 0.8470334410667419], "ensemble_val_accuracy": [0.5458860993385315, 0.8702531456947327, 0.9018987417221069, 0.8670886158943176, 0.8734177350997925, 0.8844936490058899, 0.6772152185440063, 0.8037974834442139, 0.7262658476829529, 0.672468364238739]}