{"ensemble_loss": [0.3304736018180847, 0.2282169908285141, 0.20445361733436584, 0.19110512733459473, 0.18220850825309753, 0.17546600103378296, 0.1700044423341751, 0.16555985808372498, 0.1616729497909546, 0.1581909954547882], "ensemble_accuracy": [0.9072048664093018, 0.9347222447395325, 0.9420138597488403, 0.9454861283302307, 0.9461805820465088, 0.9472222328186035, 0.9489583373069763, 0.9497395753860474, 0.9501736164093018, 0.9506944417953491], "ensemble_val_loss": [1.522505521774292, 1.675218939781189, 1.737784504890442, 1.7843408584594727, 1.823155164718628, 1.8544642925262451, 1.87717604637146, 1.8919093608856201, 1.9021340608596802, 1.9098466634750366], "ensemble_val_accuracy": [0.48138296604156494, 0.48138296604156494, 0.48138296604156494, 0.48138296604156494, 0.48138296604156494, 0.48138296604156494, 0.48138296604156494, 0.48138296604156494, 0.48138296604156494, 0.48138296604156494], "ensemble_no_transfer_learning_ensemble_loss": [0.19758127629756927, 0.14297035336494446, 0.12041927129030228, 0.10214931517839432, 0.08838263154029846, 0.07746610045433044, 0.06863627582788467, 0.06142347306013107, 0.054172318428754807, 0.04839664697647095], "ensemble_no_transfer_learning_ensemble_accuracy": [0.9435763955116272, 0.9565104246139526, 0.9650173783302307, 0.9713541865348816, 0.9767361283302307, 0.9811632037162781, 0.983593761920929, 0.9862847328186035, 0.9888020753860474, 0.9905381798744202], "ensemble_no_transfer_learning_ensemble_val_loss": [2.7149269580841064, 2.0895628929138184, 1.6337268352508545, 1.0960851907730103, 0.895838737487793, 0.8429796099662781, 0.8293607234954834, 0.7797207832336426, 0.8056656122207642, 0.8589809536933899], "ensemble_no_transfer_learning_ensemble_val_accuracy": [0.4680851101875305, 0.47074466943740845, 0.47340425848960876, 0.478723406791687, 0.48404255509376526, 0.48404255509376526, 0.5531914830207825, 0.5744680762290955, 0.5585106611251831, 0.521276593208313]}