{"ensemble_loss": [1.0799459218978882, 0.7416026592254639, 0.6012402772903442, 0.512250542640686, 0.44778698682785034, 0.39928409457206726, 0.36128756403923035, 0.33083227276802063, 0.3058120310306549, 0.2850378155708313], "ensemble_accuracy": [0.7493489384651184, 0.901171863079071, 0.971484363079071, 0.9782552123069763, 0.9807291626930237, 0.9826822876930237, 0.9841145873069763, 0.986328125, 0.9869791865348816, 0.98828125], "ensemble_val_loss": [0.957422137260437, 0.7077476382255554, 0.5398001670837402, 0.4572419822216034, 0.39721158146858215, 0.35288113355636597, 0.3182983696460724, 0.2908303737640381, 0.2682400047779083, 0.24977342784404755], "ensemble_val_accuracy": [0.8274509906768799, 0.9254902005195618, 0.9882352948188782, 0.9882352948188782, 0.9882352948188782, 0.9882352948188782, 0.9960784316062927, 0.9960784316062927, 0.9960784316062927, 0.9960784316062927], "ensemble_no_transfer_learning_ensemble_loss": [0.738066554069519, 0.33555880188941956, 0.23938176035881042, 0.18775376677513123, 0.1343774050474167, 0.0969916433095932, 0.077085942029953, 0.06300825625658035, 0.052550189197063446, 0.04450352489948273], "ensemble_no_transfer_learning_ensemble_accuracy": [0.9234374761581421, 0.9829427003860474, 0.987500011920929, 0.9897135496139526, 0.9904947876930237, 0.9923177361488342, 0.9930989742279053, 0.994140625, 0.994921863079071, 0.9959635138511658], "ensemble_no_transfer_learning_ensemble_val_loss": [1.9395205974578857, 1.2755974531173706, 0.29567116498947144, 0.15669657289981842, 0.10218070447444916, 0.08078397065401077, 0.06415507942438126, 0.05872473493218422, 0.048691798001527786, 0.047791820019483566], "ensemble_no_transfer_learning_ensemble_val_accuracy": [0.14509804546833038, 0.5882353186607361, 0.9764705896377563, 0.9960784316062927, 0.9960784316062927, 0.9960784316062927, 0.9960784316062927, 0.9960784316062927, 0.9960784316062927, 0.9960784316062927]}