{"baseline_loss": [2.0592920780181885, 1.6912178993225098, 1.5672943592071533, 1.4833226203918457, 1.4293948411941528, 1.373802900314331, 1.333012580871582, 1.2874321937561035, 1.2473191022872925, 1.2161133289337158], "baseline_accuracy": [0.3385502099990845, 0.4118596315383911, 0.43647539615631104, 0.46859630942344666, 0.4852202832698822, 0.5066854357719421, 0.5277664065361023, 0.5514856576919556, 0.569877028465271, 0.583350419998169], "baseline_val_loss": [1.9571664333343506, 1.7789247035980225, 1.7395495176315308, 1.7181453704833984, 1.68952214717865, 1.7279047966003418, 1.6590182781219482, 1.7983065843582153, 1.6932045221328735, 1.7828161716461182], "baseline_val_accuracy": [0.28637412190437317, 0.3841416537761688, 0.37105464935302734, 0.3571978509426117, 0.40569669008255005, 0.36951500177383423, 0.35411855578422546, 0.35103926062583923, 0.35950732231140137, 0.3641262650489807]}