{"base_loss": [1.678311824798584, 1.0099238157272339, 0.7136757373809814, 0.5288897156715393, 0.40429073572158813, 0.31644853949546814, 0.25252825021743774, 0.204677015542984, 0.16811217367649078, 0.13973385095596313], "base_accuracy": [0.6380306482315063, 0.8604952692985535, 0.9104363322257996, 0.9378537535667419, 0.9557193517684937, 0.9664504528045654, 0.9748820662498474, 0.9805424809455872, 0.9849056601524353, 0.9879717230796814], "base_val_loss": [1.2783327102661133, 0.5858523845672607, 0.3864035904407501, 0.2702690064907074, 0.2039181888103485, 0.16048753261566162, 0.12747588753700256, 0.10162122547626495, 0.08433178067207336, 0.07512296736240387], "base_val_accuracy": [0.8134990930557251, 0.9751332402229309, 0.9857904314994812, 0.9928951859474182, 0.9946714043617249, 0.9964476227760315, 0.9964476227760315, 0.9964476227760315, 0.9964476227760315, 0.9982237815856934]}