{"baseline_loss": [3.3216211795806885, 3.1019928455352783, 2.9397735595703125, 2.797687530517578, 2.6754393577575684, 2.5513710975646973, 2.4513561725616455, 2.3534555435180664, 2.261366844177246, 2.189809799194336], "baseline_accuracy": [0.1159157007932663, 0.2058866322040558, 0.2550871968269348, 0.2925872206687927, 0.33139535784721375, 0.3617005944252014, 0.3774709403514862, 0.41104650497436523, 0.4220930337905884, 0.44331395626068115], "baseline_val_loss": [3.377934217453003, 3.05751895904541, 2.879930257797241, 2.7771573066711426, 2.648805856704712, 2.5361533164978027, 2.4489378929138184, 2.4014716148376465, 2.4261395931243896, 2.3329825401306152], "baseline_val_accuracy": [0.05986696109175682, 0.18403548002243042, 0.2838137447834015, 0.25055432319641113, 0.33924612402915955, 0.33259424567222595, 0.32372504472732544, 0.35254988074302673, 0.2616407871246338, 0.2904656231403351]}