{"baseline_loss": [3.228285074234009, 2.506816864013672, 2.076747179031372, 1.782098650932312, 1.5801715850830078, 1.404558539390564, 1.272716760635376, 1.1599915027618408, 1.071675181388855, 1.0177586078643799], "baseline_accuracy": [0.24669569730758667, 0.4358350336551666, 0.5398053526878357, 0.6050204634666443, 0.6336065530776978, 0.6633709073066711, 0.679841160774231, 0.7012807130813599, 0.7147541046142578, 0.7237961292266846], "baseline_val_loss": [3.6239495277404785, 3.4396138191223145, 3.4417927265167236, 3.479191541671753, 3.4755094051361084, 3.630380153656006, 3.3816545009613037, 3.1884701251983643, 3.082260847091675, 3.5921077728271484], "baseline_val_accuracy": [0.0595054104924202, 0.08346213400363922, 0.1089644506573677, 0.10741885751485825, 0.09428130090236664, 0.10123647749423981, 0.10973724722862244, 0.15919628739356995, 0.17001545429229736, 0.11978361755609512]}