{"ensemble_loss": [0.437872976064682, 0.29593923687934875, 0.23112723231315613, 0.18660995364189148, 0.1541692614555359, 0.13066168129444122, 0.11267076432704926, 0.09850219637155533, 0.08710135519504547, 0.07816527038812637], "ensemble_accuracy": [0.7945312261581421, 0.8890625238418579, 0.94140625, 0.971875011920929, 0.981249988079071, 0.983593761920929, 0.985156238079071, 0.98828125, 0.9906250238418579, 0.991406261920929], "ensemble_val_loss": [0.6811671257019043, 0.674826979637146, 0.676305890083313, 0.6851848363876343, 0.7013720273971558, 0.7246356010437012, 0.7616888284683228, 0.8120224475860596, 0.8868168592453003, 0.9174409508705139], "ensemble_val_accuracy": [0.523809552192688, 0.523809552192688, 0.523809552192688, 0.523809552192688, 0.523809552192688, 0.523809552192688, 0.523809552192688, 0.523809552192688, 0.523809552192688, 0.523809552192688]}