{"ensemble_loss": [2.2014458179473877, 1.7563360929489136, 1.5280879735946655, 1.3799084424972534, 1.269425392150879, 1.1796609163284302, 1.1022106409072876, 1.0345820188522339, 0.9761747717857361, 0.9258245825767517], "ensemble_accuracy": [0.5119693279266357, 0.7854363322257996, 0.8405070900917053, 0.8720518946647644, 0.891863226890564, 0.9059551954269409, 0.9183962345123291, 0.9274764060974121, 0.9364976286888123, 0.9428655505180359], "ensemble_val_loss": [1.9927200078964233, 1.649830937385559, 1.4626717567443848, 1.3315106630325317, 1.2295763492584229, 1.1451069116592407, 1.072213053703308, 1.0097721815109253, 0.955756425857544, 0.9091722965240479], "ensemble_val_accuracy": [0.6110124588012695, 0.7939609289169312, 0.8401420712471008, 0.8650088906288147, 0.8880994915962219, 0.9094138741493225, 0.9147424697875977, 0.9236234426498413, 0.9413854479789734, 0.9609236121177673], "ensemble_no_transfer_learning_ensemble_loss": [1.395215630531311, 0.7711576819419861, 0.5500413179397583, 0.4012199342250824, 0.30870547890663147, 0.2371254563331604, 0.1772616058588028, 0.14853936433792114, 0.1112578958272934, 0.06395518034696579], "ensemble_no_transfer_learning_ensemble_accuracy": [0.8169811367988586, 0.9607900977134705, 0.9853184223175049, 0.9931603670120239, 0.9962853789329529, 0.9976415038108826, 0.9986438751220703, 0.9996462464332581, 0.9997641444206238, 0.9997641444206238], "ensemble_no_transfer_learning_ensemble_val_loss": [1.154855728149414, 0.6738831996917725, 0.5003378987312317, 0.3811657428741455, 0.31336989998817444, 0.24940092861652374, 0.2041291892528534, 0.1823199838399887, 0.1439700722694397, 0.10527888685464859], "ensemble_no_transfer_learning_ensemble_val_accuracy": [0.9218472242355347, 0.9680284261703491, 0.9769093990325928, 0.9822379946708679, 0.9786856174468994, 0.9786856174468994, 0.9786856174468994, 0.9786856174468994, 0.9786856174468994, 0.9822379946708679]}