{"ensemble_loss": [1.5599443912506104, 1.3353990316390991, 1.223012089729309, 1.1480365991592407, 1.0903757810592651, 1.0435136556625366, 1.0038166046142578, 0.9689246416091919, 0.9374431371688843, 0.9090242385864258], "ensemble_accuracy": [0.519318163394928, 0.7164772748947144, 0.7681818008422852, 0.7994318008422852, 0.8201704621315002, 0.8346590995788574, 0.8502840995788574, 0.8619318008422852, 0.871874988079071, 0.8821022510528564], "ensemble_val_loss": [1.5038871765136719, 1.3803969621658325, 1.313591480255127, 1.241119623184204, 1.1469773054122925, 1.0608853101730347, 1.0067732334136963, 0.9707671999931335, 0.9426782131195068, 0.917526125907898], "ensemble_val_accuracy": [0.44144144654273987, 0.6666666865348816, 0.6666666865348816, 0.7117117047309875, 0.7837837934494019, 0.8468468189239502, 0.8468468189239502, 0.8468468189239502, 0.8558558821678162, 0.8558558821678162], "ensemble_no_transfer_learning_ensemble_loss": [1.3040454387664795, 0.983327329158783, 0.8155014514923096, 0.6987598538398743, 0.6143844127655029, 0.5470889210700989, 0.49014654755592346, 0.4428715407848358, 0.4035775363445282, 0.37026646733283997], "ensemble_no_transfer_learning_ensemble_accuracy": [0.606249988079071, 0.8042613863945007, 0.8619318008422852, 0.903124988079071, 0.9235795736312866, 0.9397727251052856, 0.9485795497894287, 0.9585227370262146, 0.965624988079071, 0.9710227251052856], "ensemble_no_transfer_learning_ensemble_val_loss": [2.070584297180176, 2.844219923019409, 3.4121580123901367, 3.1632726192474365, 2.3466947078704834, 1.2563267946243286, 0.7607214450836182, 0.5870140194892883, 0.5179755687713623, 0.48992428183555603], "ensemble_no_transfer_learning_ensemble_val_accuracy": [0.1621621549129486, 0.1621621549129486, 0.1621621549129486, 0.1621621549129486, 0.1621621549129486, 0.4954954981803894, 0.7387387156486511, 0.9009009003639221, 0.9189189076423645, 0.954954981803894]}