{"ensemble_loss": [1.5352720022201538, 1.2806084156036377, 1.1778396368026733, 1.1119624376296997, 1.063781499862671, 1.025341272354126, 0.993292510509491, 0.9662020206451416, 0.9427841901779175, 0.922347903251648], "ensemble_accuracy": [0.5020535588264465, 0.6048511862754822, 0.6349702477455139, 0.6536309719085693, 0.6652976274490356, 0.6747618913650513, 0.6837202310562134, 0.6915773749351501, 0.697440505027771, 0.7027381062507629], "ensemble_val_loss": [1.3561680316925049, 1.2170313596725464, 1.1364351511001587, 1.080854058265686, 1.0394986867904663, 1.0054641962051392, 0.9780544638633728, 0.9537143111228943, 0.9327927827835083, 0.9148625135421753], "ensemble_val_accuracy": [0.5910714268684387, 0.6223214268684387, 0.6339285969734192, 0.6473214030265808, 0.6580356955528259, 0.6651785969734192, 0.6651785969734192, 0.675000011920929, 0.6821428537368774, 0.6875], "ensemble_no_transfer_learning_ensemble_loss": [1.2568607330322266, 0.9607058167457581, 0.8531407117843628, 0.7857779860496521, 0.7387386560440063, 0.7040603756904602, 0.6752098202705383, 0.6519148349761963, 0.631083071231842, 0.6134406328201294], "ensemble_no_transfer_learning_ensemble_accuracy": [0.5989285707473755, 0.6692857146263123, 0.6916666626930237, 0.7283630967140198, 0.7417857050895691, 0.751160740852356, 0.7599107027053833, 0.7678868770599365, 0.7767857313156128, 0.7823214530944824], "ensemble_no_transfer_learning_ensemble_val_loss": [1.0618642568588257, 0.9042374491691589, 0.8291110992431641, 0.8001813888549805, 0.8098233938217163, 0.7765910625457764, 0.7542651891708374, 0.7506369948387146, 0.7171958684921265, 0.7199678421020508], "ensemble_no_transfer_learning_ensemble_val_accuracy": [0.6089285612106323, 0.6339285969734192, 0.6785714030265808, 0.6955357193946838, 0.7205356955528259, 0.7330357432365417, 0.7428571581840515, 0.7392857074737549, 0.7446428537368774, 0.7455357313156128]}