{"baseline_loss": [3.420114040374756, 2.7647347450256348, 2.3854751586914062, 2.113996744155884, 1.9126925468444824, 1.7526053190231323, 1.6257209777832031, 1.5131109952926636, 1.4219557046890259, 1.3358572721481323], "baseline_accuracy": [0.19827063381671906, 0.3170813024044037, 0.3921875059604645, 0.4427184462547302, 0.4780188202857971, 0.5050515532493591, 0.5298543572425842, 0.5523058176040649, 0.5738925933837891, 0.5906098484992981], "baseline_val_loss": [3.0340380668640137, 2.607213258743286, 2.2530767917633057, 2.064924955368042, 1.9733338356018066, 1.7680774927139282, 1.7756590843200684, 1.6185582876205444, 1.5309784412384033, 1.5309361219406128], "baseline_val_accuracy": [0.25866788625717163, 0.3248175084590912, 0.37545621395111084, 0.40054744482040405, 0.36587589979171753, 0.46304744482040405, 0.4279197156429291, 0.42563867568969727, 0.4863138794898987, 0.45483577251434326]}