{"baseline_loss": [3.430852174758911, 3.0918779373168945, 2.930598735809326, 2.789337635040283, 2.731778383255005, 2.634258508682251, 2.5766103267669678, 2.533284902572632, 2.4714243412017822, 2.443525552749634], "baseline_accuracy": [0.04335937649011612, 0.13710936903953552, 0.20390625298023224, 0.248046875, 0.24882812798023224, 0.2890625, 0.30078125, 0.34375, 0.3746093809604645, 0.3988281190395355], "baseline_val_loss": [3.296102285385132, 3.069368362426758, 2.9185757637023926, 2.8133304119110107, 2.7514026165008545, 2.6901910305023193, 2.6296422481536865, 2.5986013412475586, 2.56073260307312, 2.5219030380249023], "baseline_val_accuracy": [0.0470588244497776, 0.23529411852359772, 0.23529411852359772, 0.3294117748737335, 0.3176470696926117, 0.364705890417099, 0.4000000059604645, 0.364705890417099, 0.3529411852359772, 0.4000000059604645], "baseline_no_transfer_learning_base_loss": [3.0173346996307373, 2.777778148651123, 2.6524240970611572, 2.5486950874328613, 2.46258282661438, 2.388124465942383, 2.324704647064209, 2.2669625282287598, 2.21260142326355, 2.163201332092285], "baseline_no_transfer_learning_base_accuracy": [0.11601562798023224, 0.22031250596046448, 0.326171875, 0.38945311307907104, 0.4261718690395355, 0.4605468809604645, 0.47968751192092896, 0.49726563692092896, 0.5074218511581421, 0.5249999761581421], "baseline_no_transfer_learning_base_val_loss": [3.3396189212799072, 3.3546149730682373, 3.260989189147949, 3.0834009647369385, 2.904897451400757, 2.7114293575286865, 2.5426080226898193, 2.370516061782837, 2.24182391166687, 2.166386127471924], "baseline_no_transfer_learning_base_val_accuracy": [0.0117647061124444, 0.0235294122248888, 0.0235294122248888, 0.0941176488995552, 0.15294118225574493, 0.24705882370471954, 0.38823530077934265, 0.4588235318660736, 0.4588235318660736, 0.4588235318660736]}