{"baseline_loss": [2.861514091491699, 2.0251569747924805, 1.679330587387085, 1.4680922031402588, 1.3210880756378174, 1.2167667150497437, 1.128605842590332, 1.0530763864517212, 1.0002362728118896, 0.9452224373817444], "baseline_accuracy": [0.30735349655151367, 0.4735719561576843, 0.5334384441375732, 0.5732937455177307, 0.6075946092605591, 0.6328635215759277, 0.6522069573402405, 0.674350917339325, 0.6877318024635315, 0.7024573683738708], "baseline_val_loss": [2.507441997528076, 2.061276912689209, 1.826784610748291, 1.6603931188583374, 1.5683820247650146, 1.5904792547225952, 1.504439115524292, 1.3755416870117188, 1.40012788772583, 1.2919985055923462], "baseline_val_accuracy": [0.40474197268486023, 0.4633193910121918, 0.4923291504383087, 0.5269176959991455, 0.5433751940727234, 0.5046024918556213, 0.5358437895774841, 0.5704323649406433, 0.5405857563018799, 0.5894002914428711]}