{"ensemble_loss": [1.9497569799423218, 1.5932754278182983, 1.4320964813232422, 1.3291131258010864, 1.2515214681625366, 1.1889408826828003, 1.1362419128417969, 1.0910720825195312, 1.0521084070205688, 1.0176860094070435], "ensemble_accuracy": [0.37465277314186096, 0.5556712746620178, 0.6170138716697693, 0.6449074149131775, 0.6732639074325562, 0.6961805820465088, 0.7150462865829468, 0.7306712865829468, 0.7418981194496155, 0.7519676089286804], "ensemble_val_loss": [1.7250977754592896, 1.5095534324645996, 1.383180022239685, 1.2958064079284668, 1.227320909500122, 1.172759771347046, 1.1248570680618286, 1.0846034288406372, 1.04942786693573, 1.0185933113098145], "ensemble_val_accuracy": [0.5454545617103577, 0.6083915829658508, 0.6223776340484619, 0.6468531489372253, 0.6608391404151917, 0.6573426723480225, 0.6643356680870056, 0.6608391404151917, 0.6748251914978027, 0.6748251914978027], "ensemble_no_transfer_learning_ensemble_loss": [1.3647007942199707, 0.9320772886276245, 0.7627388834953308, 0.6577536463737488, 0.5791882872581482, 0.5204272270202637, 0.47428640723228455, 0.43679583072662354, 0.4066350758075714, 0.3811793029308319], "ensemble_no_transfer_learning_ensemble_accuracy": [0.6302083134651184, 0.7810184955596924, 0.8275462985038757, 0.8502314686775208, 0.8684027791023254, 0.882060170173645, 0.8927083611488342, 0.8993055820465088, 0.9072916507720947, 0.9135416746139526], "ensemble_no_transfer_learning_ensemble_val_loss": [2.251310348510742, 1.1231945753097534, 0.8346604704856873, 0.7626495361328125, 0.7161102294921875, 0.6962622404098511, 0.6758132576942444, 0.6607999205589294, 0.6418336629867554, 0.620693564414978], "ensemble_no_transfer_learning_ensemble_val_accuracy": [0.21678321063518524, 0.7062937021255493, 0.751748263835907, 0.7692307829856873, 0.7692307829856873, 0.7587412595748901, 0.751748263835907, 0.7622377872467041, 0.7657342553138733, 0.7937062978744507]}