{"ensemble_loss": [1.4919109344482422, 1.275994062423706, 1.1959178447723389, 1.1442362070083618, 1.1063954830169678, 1.0769107341766357, 1.0526118278503418, 1.0319889783859253, 1.013958215713501, 0.9977566003799438], "ensemble_accuracy": [0.38942307233810425, 0.5353365540504456, 0.560817301273346, 0.5802884697914124, 0.5908653736114502, 0.5951923131942749, 0.5992788672447205, 0.6021634340286255, 0.6069711446762085, 0.6098557710647583], "ensemble_val_loss": [1.4124102592468262, 1.2944477796554565, 1.22871732711792, 1.1821249723434448, 1.1464033126831055, 1.1196662187576294, 1.0994794368743896, 1.0825899839401245, 1.0690202713012695, 1.0574486255645752], "ensemble_val_accuracy": [0.4296296238899231, 0.5111111402511597, 0.5407407283782959, 0.5629629492759705, 0.5629629492759705, 0.5629629492759705, 0.5629629492759705, 0.5629629492759705, 0.5407407283782959, 0.5555555820465088], "ensemble_no_transfer_learning_ensemble_loss": [1.22474205493927, 0.9564701318740845, 0.8717501163482666, 0.8196702003479004, 0.777714192867279, 0.7388064861297607, 0.6994596719741821, 0.6627506613731384, 0.6296384334564209, 0.5988578200340271], "ensemble_no_transfer_learning_ensemble_accuracy": [0.5334134697914124, 0.6213942170143127, 0.6538461446762085, 0.6819711327552795, 0.7055288553237915, 0.7278845906257629, 0.7502403855323792, 0.7725961804389954, 0.7908653616905212, 0.8074519038200378], "ensemble_no_transfer_learning_ensemble_val_loss": [2.107438325881958, 2.9127676486968994, 2.7021589279174805, 1.7114415168762207, 1.1210206747055054, 0.9775843024253845, 0.9573293924331665, 0.9652506709098816, 0.9656591415405273, 0.9672439098358154], "ensemble_no_transfer_learning_ensemble_val_accuracy": [0.17037037014961243, 0.17037037014961243, 0.34074074029922485, 0.3481481373310089, 0.5333333611488342, 0.6518518328666687, 0.6814814805984497, 0.6666666865348816, 0.6222222447395325, 0.6370370388031006]}