{"baseline_loss": [3.171020269393921, 2.7803287506103516, 2.471616744995117, 2.207361936569214, 1.9915653467178345, 1.8173271417617798, 1.6764684915542603, 1.5519994497299194, 1.4615190029144287, 1.3619482517242432], "baseline_accuracy": [0.161342591047287, 0.2919146716594696, 0.36425265669822693, 0.42409059405326843, 0.4743882417678833, 0.5114087462425232, 0.5435019731521606, 0.5724702477455139, 0.5910218358039856, 0.6186507940292358], "baseline_val_loss": [2.9812135696411133, 2.6986427307128906, 2.5012736320495605, 2.3794782161712646, 4.086975574493408, 2.2252769470214844, 2.0674071311950684, 2.1527750492095947, 2.3473806381225586, 2.8987820148468018], "baseline_val_accuracy": [0.21624314785003662, 0.2526158392429352, 0.2919780910015106, 0.28599900007247925, 0.14250124990940094, 0.32934728264808655, 0.3736920654773712, 0.3383159041404724, 0.29397109150886536, 0.30792227387428284]}