{"base_loss": [1.9046356678009033, 1.8490409851074219, 1.8101091384887695, 1.7306007146835327, 1.6203628778457642, 1.5141878128051758, 1.4416974782943726, 1.4111764430999756, 1.3810234069824219, 1.354079246520996], "base_accuracy": [0.2109375, 0.2601562440395355, 0.2925781309604645, 0.3466796875, 0.3775390684604645, 0.4281249940395355, 0.4703125059604645, 0.4847656190395355, 0.4917968809604645, 0.5082031488418579], "base_val_loss": [1.9507534503936768, 2.1031036376953125, 2.0403025150299072, 1.8371624946594238, 3.5683631896972656, 3.9176576137542725, 1.5556143522262573, 2.4469542503356934, 2.4550342559814453, 1.6733413934707642], "base_val_accuracy": [0.2269938588142395, 0.1840490847826004, 0.1779141128063202, 0.33128833770751953, 0.11042945086956024, 0.11042945086956024, 0.3987730145454407, 0.11042945086956024, 0.12883435189723969, 0.2822085916996002]}