{"baseline_loss": [2.8646352291107178, 2.1661036014556885, 1.783006191253662, 1.531663417816162, 1.3535858392715454, 1.2244147062301636, 1.1161487102508545, 1.0299997329711914, 0.9546660780906677, 0.8936567306518555], "baseline_accuracy": [0.2979416251182556, 0.44062501192092896, 0.5127993822097778, 0.5589259266853333, 0.5928892493247986, 0.6226983666419983, 0.6457335352897644, 0.663772463798523, 0.688622772693634, 0.7061190009117126], "baseline_val_loss": [2.4650886058807373, 2.0217742919921875, 1.764545202255249, 1.6046086549758911, 1.5544838905334473, 1.5071288347244263, 1.3743438720703125, 1.2704797983169556, 1.2514221668243408, 1.2649297714233398], "baseline_val_accuracy": [0.3465011417865753, 0.3876975178718567, 0.43397292494773865, 0.44695258140563965, 0.44243791699409485, 0.42889389395713806, 0.4757336378097534, 0.45090293884277344, 0.4920993149280548, 0.481376975774765]}