{"baseline_loss": [2.8590447902679443, 2.3721883296966553, 2.0665194988250732, 1.8466897010803223, 1.6705210208892822, 1.5283422470092773, 1.4206302165985107, 1.3239989280700684, 1.2421594858169556, 1.177562952041626], "baseline_accuracy": [0.26486486196517944, 0.4527449309825897, 0.5441300868988037, 0.5961570739746094, 0.6470439434051514, 0.665033757686615, 0.6892313957214355, 0.6953969597816467, 0.7110641598701477, 0.7213259935379028], "baseline_val_loss": [2.640955686569214, 2.257751703262329, 1.98899245262146, 1.8217235803604126, 1.6724228858947754, 1.5434850454330444, 1.4678020477294922, 1.3968924283981323, 1.3269411325454712, 1.2783759832382202], "baseline_val_accuracy": [0.2957746386528015, 0.5236876010894775, 0.5505762100219727, 0.5544174313545227, 0.620998740196228, 0.6363636255264282, 0.6325224041938782, 0.6530089378356934, 0.6440460681915283, 0.6504481434822083]}