{"ensemble_loss": [0.31774771213531494, 0.14936116337776184, 0.11377810686826706, 0.09404239058494568, 0.08031404763460159, 0.07010278850793839, 0.06219630688428879, 0.0557328537106514, 0.05029023438692093, 0.04560603201389313], "ensemble_accuracy": [0.9156249761581421, 0.9701704382896423, 0.9801136255264282, 0.9869318008422852, 0.9903408885002136, 0.9931818246841431, 0.9951704740524292, 0.9974431991577148, 0.9980113506317139, 0.9982954263687134], "ensemble_val_loss": [0.257465124130249, 0.1574147492647171, 0.12225724756717682, 0.1079375147819519, 0.09769367426633835, 0.08696617931127548, 0.07740066200494766, 0.07004514336585999, 0.06450949609279633, 0.05985042452812195], "ensemble_val_accuracy": [0.9734513163566589, 0.9734513163566589, 0.9734513163566589, 0.9734513163566589, 0.9734513163566589, 0.9734513163566589, 0.9734513163566589, 0.982300877571106, 0.982300877571106, 0.982300877571106], "ensemble_no_transfer_learning_ensemble_loss": [0.1544073075056076, 0.0699973776936531, 0.04485831782221794, 0.032615870237350464, 0.025899916887283325, 0.021264098584651947, 0.01795317232608795, 0.015538151375949383, 0.013547160662710667, 0.012091230601072311], "ensemble_no_transfer_learning_ensemble_accuracy": [0.9482954740524292, 0.9866477251052856, 0.9934659004211426, 0.9954545497894287, 0.996306836605072, 0.9974431991577148, 0.9977272748947144, 0.9980113506317139, 0.9980113506317139, 0.9982954263687134], "ensemble_no_transfer_learning_ensemble_val_loss": [0.8269100785255432, 0.9526337385177612, 0.51447993516922, 0.2544071078300476, 0.25543662905693054, 0.06897721439599991, 0.047769661992788315, 0.025520887225866318, 0.06441107392311096, 0.046718817204236984], "ensemble_no_transfer_learning_ensemble_val_accuracy": [0.4247787594795227, 0.4247787594795227, 0.778761088848114, 0.9469026327133179, 0.8318583965301514, 1.0, 1.0, 1.0, 0.991150438785553, 1.0]}