{"base_loss": [1.3291926383972168, 1.0810432434082031, 0.9815917015075684, 0.9202342629432678, 0.874117910861969, 0.8343096375465393, 0.798068106174469, 0.7635445594787598, 0.7319717407226562, 0.7027341723442078], "base_accuracy": [0.5072115659713745, 0.6132211685180664, 0.643750011920929, 0.6682692170143127, 0.6862980723381042, 0.701442301273346, 0.7153846025466919, 0.7286057472229004, 0.7435095906257629, 0.7586538195610046], "base_val_loss": [2.027667999267578, 2.8717124462127686, 3.6400113105773926, 2.3533430099487305, 1.2012346982955933, 0.9724070429801941, 0.957023024559021, 0.9580985903739929, 0.9680797457695007, 0.935904324054718], "base_val_accuracy": [0.2222222238779068, 0.15555556118488312, 0.15555556118488312, 0.25925925374031067, 0.4444444477558136, 0.5555555820465088, 0.5407407283782959, 0.5629629492759705, 0.5777778029441833, 0.5629629492759705]}