{"ensemble_loss": [1.918039321899414, 1.5504121780395508, 1.437049150466919, 1.3727917671203613, 1.328997015953064, 1.2956815958023071, 1.2691351175308228, 1.248677372932434, 1.2330877780914307, 1.2208622694015503], "ensemble_accuracy": [0.5070104598999023, 0.5929173827171326, 0.6220581531524658, 0.6381272077560425, 0.648540198802948, 0.6559613943099976, 0.6614176034927368, 0.6656860709190369, 0.6696380972862244, 0.6726964712142944], "ensemble_val_loss": [1.6368741989135742, 1.483605980873108, 1.4113380908966064, 1.3669058084487915, 1.3351070880889893, 1.3097419738769531, 1.2897170782089233, 1.2749879360198975, 1.263945460319519, 1.255332350730896], "ensemble_val_accuracy": [0.574833333492279, 0.5983333587646484, 0.6200000047683716, 0.6321666836738586, 0.6341666579246521, 0.6413333415985107, 0.6474999785423279, 0.6506666541099548, 0.653166651725769, 0.656000018119812], "ensemble_no_transfer_learning_ensemble_loss": [1.3655750751495361, 0.9975712299346924, 0.8669338822364807, 0.7673030495643616, 0.6950298547744751, 0.6405965685844421, 0.6027227640151978, 0.5745058655738831, 0.5528639554977417, 0.5281798839569092], "ensemble_no_transfer_learning_ensemble_accuracy": [0.6218361258506775, 0.708775520324707, 0.7455928325653076, 0.7820159792900085, 0.8201931715011597, 0.8403752446174622, 0.8591141104698181, 0.8731682896614075, 0.883375883102417, 0.8908636569976807], "ensemble_no_transfer_learning_ensemble_val_loss": [1.1574501991271973, 1.0545819997787476, 1.0396454334259033, 1.004292368888855, 0.9677093625068665, 0.9263671636581421, 0.9291395545005798, 0.9416182637214661, 0.9486569166183472, 0.9089126586914062], "ensemble_no_transfer_learning_ensemble_val_accuracy": [0.6610000133514404, 0.6786666512489319, 0.6823333501815796, 0.7045000195503235, 0.7229999899864197, 0.7361666560173035, 0.73416668176651, 0.7366666793823242, 0.7423333525657654, 0.7574999928474426]}