{"ensemble_loss": [1.3520361185073853, 1.2308144569396973, 1.132053256034851, 1.0567625761032104, 0.9991738796234131, 0.9531199932098389, 0.9148369431495667, 0.8820781707763672, 0.8532724380493164, 0.8274582624435425], "ensemble_accuracy": [0.28958332538604736, 0.590624988079071, 0.6729166507720947, 0.703125, 0.7364583611488342, 0.7677083611488342, 0.7895833253860474, 0.8218749761581421, 0.8427083492279053, 0.8583333492279053], "ensemble_val_loss": [1.363263726234436, 1.2957522869110107, 1.2368990182876587, 1.181793212890625, 1.1300914287567139, 1.0840944051742554, 1.04401433467865, 1.0087189674377441, 0.9777980446815491, 0.9505577087402344], "ensemble_val_accuracy": [0.5, 0.5, 0.6071428656578064, 0.6071428656578064, 0.6071428656578064, 0.6785714030265808, 0.7857142686843872, 0.8214285969734192, 0.8214285969734192, 0.8214285969734192], "ensemble_no_transfer_learning_ensemble_loss": [1.1022869348526, 0.8386361598968506, 0.6997973322868347, 0.5989360809326172, 0.5195198059082031, 0.4530968964099884, 0.3967475891113281, 0.34885674715042114, 0.3077754080295563, 0.27216607332229614], "ensemble_no_transfer_learning_ensemble_accuracy": [0.5958333611488342, 0.7447916865348816, 0.8656250238418579, 0.9156249761581421, 0.953125, 0.965624988079071, 0.9760416746139526, 0.9833333492279053, 0.9906250238418579, 0.9916666746139526], "ensemble_no_transfer_learning_ensemble_val_loss": [1.3585453033447266, 1.3489466905593872, 1.4109069108963013, 1.5110386610031128, 1.616984486579895, 1.6855895519256592, 1.6839244365692139, 1.608843445777893, 1.4833630323410034, 1.352715253829956], "ensemble_no_transfer_learning_ensemble_val_accuracy": [0.3928571343421936, 0.25, 0.25, 0.25, 0.25, 0.25, 0.25, 0.25, 0.25, 0.5714285969734192]}