{"ensemble_loss": [1.0149381160736084, 0.728681206703186, 0.6222538352012634, 0.5560624003410339, 0.5086454749107361, 0.47330808639526367, 0.4442298412322998, 0.42032963037490845, 0.39973029494285583, 0.3818809986114502], "ensemble_accuracy": [0.7298460006713867, 0.828396737575531, 0.85326087474823, 0.868614137172699, 0.8793025612831116, 0.886956512928009, 0.894293487071991, 0.8994565010070801, 0.9040307998657227, 0.907880425453186], "ensemble_val_loss": [0.8647189140319824, 0.6749365925788879, 0.5846225023269653, 0.5292722582817078, 0.4894728660583496, 0.45986732840538025, 0.4357045590877533, 0.4148487448692322, 0.39477673172950745, 0.37895557284355164], "ensemble_val_accuracy": [0.8483606576919556, 0.8674863576889038, 0.8770492076873779, 0.8907103538513184, 0.8907103538513184, 0.8948087692260742, 0.9002732038497925, 0.9043715596199036, 0.9166666865348816, 0.9234972596168518], "ensemble_no_transfer_learning_ensemble_loss": [0.7378706932067871, 0.46300172805786133, 0.3748224377632141, 0.3105430603027344, 0.2689187228679657, 0.2401062399148941, 0.21750368177890778, 0.2010507583618164, 0.18606215715408325, 0.17468343675136566], "ensemble_no_transfer_learning_ensemble_accuracy": [0.7973278760910034, 0.87160325050354, 0.8974184989929199, 0.9153985381126404, 0.925815224647522, 0.9352355003356934, 0.9418478012084961, 0.946467399597168, 0.9504981637001038, 0.9541213512420654], "ensemble_no_transfer_learning_ensemble_val_loss": [0.8466665744781494, 0.6624917387962341, 0.4736667573451996, 0.385827898979187, 0.3265068531036377, 0.3904208540916443, 0.392098605632782, 0.3882061541080475, 0.42673659324645996, 0.5476025938987732], "ensemble_no_transfer_learning_ensemble_val_accuracy": [0.6420764923095703, 0.8510928750038147, 0.8715847134590149, 0.9016393423080444, 0.9166666865348816, 0.9071038365364075, 0.9275956153869629, 0.8934426307678223, 0.9084699749946594, 0.8333333134651184]}