{"base_loss": [0.9198848009109497, 0.7558713555335999, 0.6750856041908264, 0.6115316152572632, 0.5615365505218506, 0.5182456374168396, 0.4777517318725586, 0.4433012306690216, 0.4143507778644562, 0.38847774267196655], "base_accuracy": [0.625, 0.7412499785423279, 0.7893750071525574, 0.8306249976158142, 0.8606250286102295, 0.8793749809265137, 0.8918750286102295, 0.8993750214576721, 0.9024999737739563, 0.9068750143051147], "base_val_loss": [1.0937902927398682, 1.1299285888671875, 1.2494081258773804, 1.4238321781158447, 1.6477453708648682, 1.8572726249694824, 2.0819242000579834, 2.274822235107422, 2.395023822784424, 2.296356678009033], "base_val_accuracy": [0.3207547068595886, 0.3396226465702057, 0.3396226465702057, 0.3396226465702057, 0.3396226465702057, 0.3396226465702057, 0.3396226465702057, 0.3396226465702057, 0.3396226465702057, 0.3396226465702057]}