{"baseline_loss": [4.137641906738281, 3.8610267639160156, 3.7273762226104736, 3.6100080013275146, 3.5354909896850586, 3.434537410736084, 3.3601694107055664, 3.30785870552063, 3.240102767944336, 3.1941373348236084], "baseline_accuracy": [0.059913791716098785, 0.09321120381355286, 0.11961206793785095, 0.15959051251411438, 0.1729525923728943, 0.2330818921327591, 0.28674569725990295, 0.30344828963279724, 0.3585129380226135, 0.38782328367233276], "baseline_val_loss": [3.9637255668640137, 3.744358777999878, 3.6267764568328857, 3.541922092437744, 3.4652628898620605, 3.4000203609466553, 3.3331565856933594, 3.271106243133545, 3.2288944721221924, 3.1975977420806885], "baseline_val_accuracy": [0.08666666597127914, 0.14000000059604645, 0.15666666626930237, 0.1733333319425583, 0.23000000417232513, 0.25333333015441895, 0.30000001192092896, 0.33666667342185974, 0.3566666543483734, 0.3799999952316284], "baseline_no_transfer_learning_base_loss": [3.8206710815429688, 3.5145416259765625, 3.3157763481140137, 3.122467279434204, 2.9366259574890137, 2.762902021408081, 2.601039409637451, 2.4566407203674316, 2.3244853019714355, 2.203200101852417], "baseline_no_transfer_learning_base_accuracy": [0.10721983015537262, 0.2080819010734558, 0.30937498807907104, 0.39245688915252686, 0.4626077711582184, 0.5150862336158752, 0.5598060488700867, 0.5929957032203674, 0.6251077651977539, 0.6506465673446655], "baseline_no_transfer_learning_base_val_loss": [4.216344356536865, 3.8041415214538574, 3.3271284103393555, 3.1030452251434326, 2.9723455905914307, 2.8158507347106934, 2.789391040802002, 2.4600157737731934, 2.3463637828826904, 2.268214464187622], "baseline_no_transfer_learning_base_val_accuracy": [0.009999999776482582, 0.05666666850447655, 0.23333333432674408, 0.3866666555404663, 0.47333332896232605, 0.4399999976158142, 0.3233333230018616, 0.6466666460037231, 0.6933333277702332, 0.6366666555404663]}