{"baseline_loss": [3.2949442863464355, 3.0893442630767822, 2.9620416164398193, 2.859528064727783, 2.769535541534424, 2.6995818614959717, 2.6305065155029297, 2.578927516937256, 2.5388588905334473, 2.513704538345337], "baseline_accuracy": [0.03007812425494194, 0.08632812649011612, 0.16445311903953552, 0.20546874403953552, 0.23125000298023224, 0.2542968690395355, 0.30781251192092896, 0.35546875, 0.3714843690395355, 0.35468751192092896], "baseline_val_loss": [3.251103639602661, 3.133301258087158, 3.0118775367736816, 2.924715042114258, 2.8502914905548096, 2.7956724166870117, 2.7282774448394775, 2.678687572479248, 2.6295478343963623, 2.5971107482910156], "baseline_val_accuracy": [0.0117647061124444, 0.0470588244497776, 0.0941176488995552, 0.0941176488995552, 0.0941176488995552, 0.1411764770746231, 0.1411764770746231, 0.2235294133424759, 0.25882354378700256, 0.23529411852359772], "baseline_no_transfer_learning_base_loss": [3.0173346996307373, 2.777778148651123, 2.6524240970611572, 2.5486950874328613, 2.46258282661438, 2.388124465942383, 2.324704647064209, 2.2669625282287598, 2.21260142326355, 2.163201332092285], "baseline_no_transfer_learning_base_accuracy": [0.11601562798023224, 0.22031250596046448, 0.326171875, 0.38945311307907104, 0.4261718690395355, 0.4605468809604645, 0.47968751192092896, 0.49726563692092896, 0.5074218511581421, 0.5249999761581421], "baseline_no_transfer_learning_base_val_loss": [3.3396189212799072, 3.3546149730682373, 3.260989189147949, 3.0834009647369385, 2.904897451400757, 2.7114293575286865, 2.5426080226898193, 2.370516061782837, 2.24182391166687, 2.166386127471924], "baseline_no_transfer_learning_base_val_accuracy": [0.0117647061124444, 0.0235294122248888, 0.0235294122248888, 0.0941176488995552, 0.15294118225574493, 0.24705882370471954, 0.38823530077934265, 0.4588235318660736, 0.4588235318660736, 0.4588235318660736]}