{"ensemble_loss": [0.6686835289001465, 0.6013503074645996, 0.5544723272323608, 0.5198796987533569, 0.4932122826576233, 0.4718404710292816, 0.45424333214759827, 0.43923529982566833, 0.4260338842868805, 0.4141714572906494], "ensemble_accuracy": [0.6812499761581421, 0.84375, 0.8531249761581421, 0.856249988079071, 0.856249988079071, 0.856249988079071, 0.856249988079071, 0.8531249761581421, 0.859375, 0.862500011920929], "ensemble_val_loss": [0.6590012907981873, 0.5989432334899902, 0.5563953518867493, 0.5247671008110046, 0.497044175863266, 0.47260814905166626, 0.45191940665245056, 0.4336821138858795, 0.41743797063827515, 0.4024074077606201], "ensemble_val_accuracy": [0.6000000238418579, 0.8999999761581421, 0.699999988079071, 0.800000011920929, 0.699999988079071, 0.699999988079071, 0.699999988079071, 0.8999999761581421, 0.8999999761581421, 0.8999999761581421], "ensemble_no_transfer_learning_ensemble_loss": [0.6032501459121704, 0.4835074543952942, 0.4281371235847473, 0.3885437846183777, 0.3583157956600189, 0.33304423093795776, 0.31115472316741943, 0.2913520336151123, 0.2735554575920105, 0.2567926049232483], "ensemble_no_transfer_learning_ensemble_accuracy": [0.7406250238418579, 0.840624988079071, 0.8531249761581421, 0.862500011920929, 0.8656250238418579, 0.8687499761581421, 0.8812500238418579, 0.887499988079071, 0.918749988079071, 0.949999988079071], "ensemble_no_transfer_learning_ensemble_val_loss": [0.6896588206291199, 0.6887790560722351, 0.6908825635910034, 0.6965237855911255, 0.7060239911079407, 0.720249593257904, 0.7395542860031128, 0.7633622884750366, 0.7923137545585632, 0.8251971006393433], "ensemble_no_transfer_learning_ensemble_val_accuracy": [0.5, 0.5, 0.5, 0.5, 0.5, 0.5, 0.5, 0.5, 0.5, 0.5]}