{"baseline_loss": [2.76588773727417, 2.110445976257324, 1.724668025970459, 1.4341737031936646, 1.228104591369629, 1.054697036743164, 0.9475744366645813, 0.8399807214736938, 0.7572983503341675, 0.6954657435417175], "baseline_accuracy": [0.3301854431629181, 0.5687156319618225, 0.6619848608970642, 0.7237637639045715, 0.7406250238418579, 0.7733173370361328, 0.7878090739250183, 0.8062499761581421, 0.8218406438827515, 0.8254807591438293], "baseline_val_loss": [2.697495222091675, 2.275033950805664, 2.0101747512817383, 1.8240379095077515, 1.5655970573425293, 1.583911657333374, 1.4076472520828247, 1.3350849151611328, 1.2310227155685425, 1.1018083095550537], "baseline_val_accuracy": [0.34823283553123474, 0.4272349178791046, 0.5862785577774048, 0.5758835673332214, 0.6060290932655334, 0.5488565564155579, 0.6049895882606506, 0.6683991551399231, 0.6486486196517944, 0.692307710647583]}