{"baseline_loss": [0.549266517162323, 0.41497907042503357, 0.35713258385658264, 0.30896276235580444, 0.27821555733680725, 0.2522411346435547, 0.23635751008987427, 0.2179844230413437, 0.20233739912509918, 0.18867917358875275], "baseline_accuracy": [0.8167613744735718, 0.9048295617103577, 0.9292613863945007, 0.953125, 0.956818163394928, 0.9636363387107849, 0.9613636136054993, 0.965056836605072, 0.972443163394928, 0.9715909361839294], "baseline_val_loss": [0.5211626291275024, 0.41364777088165283, 0.34171628952026367, 0.30639100074768066, 0.2785492539405823, 0.24747076630592346, 0.2181943655014038, 0.19882778823375702, 0.18705497682094574, 0.1699698269367218], "baseline_val_accuracy": [0.8318583965301514, 0.9469026327133179, 0.9646017551422119, 0.9292035102844238, 0.9292035102844238, 0.9734513163566589, 0.9646017551422119, 0.9734513163566589, 0.991150438785553, 0.9734513163566589], "baseline_no_transfer_learning_base_loss": [0.512615442276001, 0.36838898062705994, 0.2958240807056427, 0.2525385320186615, 0.22301143407821655, 0.20166058838367462, 0.19032837450504303, 0.17333859205245972, 0.15846377611160278, 0.1492415815591812], "baseline_no_transfer_learning_base_accuracy": [0.7801136374473572, 0.8860795497894287, 0.9048295617103577, 0.9147727489471436, 0.9269886612892151, 0.9318181872367859, 0.9380682110786438, 0.9454545378684998, 0.9517045617103577, 0.9559659361839294], "baseline_no_transfer_learning_base_val_loss": [0.7023122906684875, 1.0846198797225952, 1.4312729835510254, 1.2224342823028564, 0.6063660979270935, 0.18884879350662231, 0.11005604267120361, 0.09033532440662384, 0.0807555615901947, 0.08922507613897324], "baseline_no_transfer_learning_base_val_accuracy": [0.5752212405204773, 0.5752212405204773, 0.5752212405204773, 0.5752212405204773, 0.6991150379180908, 0.9115044474601746, 0.982300877571106, 1.0, 0.982300877571106, 1.0]}