{"baseline_loss": [0.6215928792953491, 0.5822153687477112, 0.49749475717544556, 0.390739768743515, 0.39343300461769104, 0.35115379095077515, 0.3465035557746887, 0.29410040378570557, 0.27407145500183105, 0.2690311372280121], "baseline_accuracy": [0.6031249761581421, 0.668749988079071, 0.731249988079071, 0.84375, 0.8187500238418579, 0.840624988079071, 0.8500000238418579, 0.9312499761581421, 0.921875, 0.9312499761581421], "baseline_val_loss": [2.8095028400421143, 2.9885196685791016, 3.061131238937378, 2.976106882095337, 3.0002026557922363, 2.822619915008545, 2.6488327980041504, 2.561192035675049, 2.4023525714874268, 2.2360308170318604], "baseline_val_accuracy": [0.30000001192092896, 0.30000001192092896, 0.30000001192092896, 0.30000001192092896, 0.30000001192092896, 0.30000001192092896, 0.30000001192092896, 0.30000001192092896, 0.30000001192092896, 0.30000001192092896], "baseline_no_transfer_learning_base_loss": [0.6494287252426147, 0.5487576127052307, 0.5088346600532532, 0.4834257662296295, 0.46166664361953735, 0.4419889450073242, 0.42527514696121216, 0.40989693999290466, 0.39536234736442566, 0.3806610405445099], "baseline_no_transfer_learning_base_accuracy": [0.637499988079071, 0.8343750238418579, 0.831250011920929, 0.828125, 0.846875011920929, 0.8656250238418579, 0.8687499761581421, 0.875, 0.887499988079071, 0.8968750238418579], "baseline_no_transfer_learning_base_val_loss": [0.6910736560821533, 0.6942914724349976, 0.6985785961151123, 0.7028845548629761, 0.7070368528366089, 0.7112953662872314, 0.7152680158615112, 0.718176543712616, 0.720162570476532, 0.7232550978660583], "baseline_no_transfer_learning_base_val_accuracy": [0.5, 0.5, 0.5, 0.5, 0.5, 0.5, 0.5, 0.5, 0.5, 0.5]}