{"ensemble_loss": [2.056271553039551, 1.8160830736160278, 1.7121508121490479, 1.6454269886016846, 1.5964375734329224, 1.5567576885223389, 1.5224063396453857, 1.4917880296707153, 1.464051604270935, 1.4398173093795776], "ensemble_accuracy": [0.34973958134651184, 0.4919270873069763, 0.521484375, 0.5365885496139526, 0.5424479246139526, 0.5505208373069763, 0.5583333373069763, 0.569140613079071, 0.5760416388511658, 0.583984375], "ensemble_val_loss": [1.9410237073898315, 1.8045227527618408, 1.7232024669647217, 1.668526291847229, 1.6264606714248657, 1.5917704105377197, 1.5609827041625977, 1.5332608222961426, 1.5082200765609741, 1.4860938787460327], "ensemble_val_accuracy": [0.46799999475479126, 0.5519999861717224, 0.5879999995231628, 0.5879999995231628, 0.5879999995231628, 0.5960000157356262, 0.5960000157356262, 0.6119999885559082, 0.6200000047683716, 0.6200000047683716], "ensemble_no_transfer_learning_ensemble_loss": [1.77700936794281, 1.466632604598999, 1.322777509689331, 1.2245303392410278, 1.1456636190414429, 1.0789563655853271, 1.020406723022461, 0.9681044816970825, 0.9207610487937927, 0.8777690529823303], "ensemble_no_transfer_learning_ensemble_accuracy": [0.44869792461395264, 0.5923177003860474, 0.6440104246139526, 0.680859386920929, 0.7035156488418579, 0.7264322638511658, 0.7457031011581421, 0.7654947638511658, 0.7833333611488342, 0.795703113079071], "ensemble_no_transfer_learning_ensemble_val_loss": [2.293830633163452, 1.821649193763733, 1.3966234922409058, 1.2568244934082031, 1.1778587102890015, 1.1184593439102173, 1.0771207809448242, 1.0379986763000488, 1.0013216733932495, 0.979033350944519], "ensemble_no_transfer_learning_ensemble_val_accuracy": [0.17599999904632568, 0.30799999833106995, 0.5440000295639038, 0.6399999856948853, 0.6840000152587891, 0.6959999799728394, 0.6959999799728394, 0.699999988079071, 0.7360000014305115, 0.7279999852180481]}