{"baseline_loss": [0.620599627494812, 0.39680829644203186, 0.3058137893676758, 0.28207486867904663, 0.24625591933727264, 0.2241426259279251, 0.2019416093826294, 0.17850473523139954, 0.17629586160182953, 0.16560253500938416], "baseline_accuracy": [0.608593761920929, 0.832812488079071, 0.9039062261581421, 0.907031238079071, 0.9281250238418579, 0.9398437738418579, 0.9515625238418579, 0.9671875238418579, 0.9624999761581421, 0.965624988079071], "baseline_val_loss": [0.5949233174324036, 0.5112926959991455, 0.4604948163032532, 0.40788164734840393, 0.36587366461753845, 0.3470979332923889, 0.32424911856651306, 0.31711718440055847, 0.2965802550315857, 0.28038260340690613], "baseline_val_accuracy": [0.6190476417541504, 0.6904761791229248, 0.7142857313156128, 0.7142857313156128, 0.8571428656578064, 0.8571428656578064, 0.9285714030265808, 0.9285714030265808, 0.9285714030265808, 0.9523809552192688], "baseline_no_transfer_learning_base_loss": [0.4466065764427185, 0.32795506715774536, 0.27538537979125977, 0.23783738911151886, 0.2094666212797165, 0.1870916187763214, 0.16916249692440033, 0.15405192971229553, 0.14084568619728088, 0.12990833818912506], "baseline_no_transfer_learning_base_accuracy": [0.8109375238418579, 0.8812500238418579, 0.90234375, 0.930468738079071, 0.94140625, 0.952343761920929, 0.9632812738418579, 0.9664062261581421, 0.9671875238418579, 0.967968761920929], "baseline_no_transfer_learning_base_val_loss": [0.7054126858711243, 0.7342985272407532, 0.7891607880592346, 0.8800821900367737, 1.0107438564300537, 1.1519855260849, 1.2820837497711182, 1.4062739610671997, 1.4817793369293213, 1.5082429647445679], "baseline_no_transfer_learning_base_val_accuracy": [0.4285714328289032, 0.4285714328289032, 0.4285714328289032, 0.4285714328289032, 0.4285714328289032, 0.4285714328289032, 0.4285714328289032, 0.4285714328289032, 0.4285714328289032, 0.4285714328289032]}