{"ensemble_loss": [1.5805766582489014, 1.449243187904358, 1.375380516052246, 1.310177206993103, 1.2484554052352905, 1.1888798475265503, 1.1314529180526733, 1.0764864683151245, 1.0246790647506714, 0.9756312370300293], "ensemble_accuracy": [0.3668749928474426, 0.47312501072883606, 0.5168750286102295, 0.5606250166893005, 0.6056249737739563, 0.6337500214576721, 0.6606249809265137, 0.6962500214576721, 0.7206249833106995, 0.7443749904632568], "ensemble_val_loss": [1.8191664218902588, 2.0888442993164062, 2.5471584796905518, 2.9648735523223877, 3.2049942016601562, 3.2376904487609863, 3.109545946121216, 2.8986780643463135, 2.6733016967773438, 2.478236675262451], "ensemble_val_accuracy": [0.18000000715255737, 0.18000000715255737, 0.18000000715255737, 0.14000000059604645, 0.18000000715255737, 0.18000000715255737, 0.14000000059604645, 0.11999999731779099, 0.11999999731779099, 0.14000000059604645]}