{"ensemble_loss": [0.7681776285171509, 0.5861681699752808, 0.5302687287330627, 0.49884161353111267, 0.47749653458595276, 0.4619612991809845, 0.4500119090080261, 0.4404081106185913, 0.43248870968818665, 0.425842821598053], "ensemble_accuracy": [0.8058333396911621, 0.8297916650772095, 0.8322916626930237, 0.8343750238418579, 0.8352083563804626, 0.8352083563804626, 0.8381249904632568, 0.8389583230018616, 0.8397916555404663, 0.8410416841506958], "ensemble_val_loss": [0.7076592445373535, 0.5934965014457703, 0.5275260806083679, 0.4796243906021118, 0.44757726788520813, 0.4249602258205414, 0.4096900522708893, 0.39842844009399414, 0.3897762894630432, 0.38328608870506287], "ensemble_val_accuracy": [0.8223684430122375, 0.8223684430122375, 0.8421052694320679, 0.8486841917037964, 0.8355262875556946, 0.8684210777282715, 0.8684210777282715, 0.875, 0.875, 0.875], "ensemble_no_transfer_learning_ensemble_loss": [0.5894902348518372, 0.43180596828460693, 0.40537524223327637, 0.3921155035495758, 0.3798846900463104, 0.3711332380771637, 0.36319997906684875, 0.3575860857963562, 0.3522176742553711, 0.3474684953689575], "ensemble_no_transfer_learning_ensemble_accuracy": [0.809583306312561, 0.8349999785423279, 0.8422916531562805, 0.8443750143051147, 0.8475000262260437, 0.8489583134651184, 0.8522916436195374, 0.8518750071525574, 0.8543750047683716, 0.8554166555404663], "ensemble_no_transfer_learning_ensemble_val_loss": [1.552090048789978, 1.9915958642959595, 1.971142053604126, 0.9606067538261414, 0.3896520137786865, 0.33786913752555847, 0.31312277913093567, 0.32681700587272644, 0.3339604139328003, 0.33465778827667236], "ensemble_no_transfer_learning_ensemble_val_accuracy": [0.32894736528396606, 0.32894736528396606, 0.7171052694320679, 0.7171052694320679, 0.8552631735801697, 0.9013158082962036, 0.875, 0.9013158082962036, 0.9013158082962036, 0.8552631735801697]}