{"baseline_loss": [3.4082298278808594, 2.6322853565216064, 2.1740102767944336, 1.8721637725830078, 1.6697815656661987, 1.5166995525360107, 1.3853949308395386, 1.29409921169281, 1.2090080976486206, 1.1290165185928345], "baseline_accuracy": [0.2285892814397812, 0.40123215317726135, 0.48762500286102295, 0.539946436882019, 0.5799106955528259, 0.6108928322792053, 0.6342499852180481, 0.6514285802841187, 0.6737499833106995, 0.687874972820282], "baseline_val_loss": [3.7193374633789062, 3.5655179023742676, 3.5815412998199463, 3.5819098949432373, 3.7656588554382324, 3.664752244949341, 3.351243019104004, 3.2577128410339355, 4.254989147186279, 3.989675760269165], "baseline_val_accuracy": [0.10704679787158966, 0.07907477021217346, 0.07961269468069077, 0.0855298563838005, 0.0704679936170578, 0.05217859148979187, 0.08929532021284103, 0.10220548510551453, 0.0559440553188324, 0.05970952287316322]}