{"baseline_loss": [3.093174457550049, 2.324047088623047, 1.9662904739379883, 1.737188696861267, 1.5738861560821533, 1.447167992591858, 1.3426960706710815, 1.2504023313522339, 1.177089810371399, 1.1148326396942139], "baseline_accuracy": [0.2250533252954483, 0.3704884946346283, 0.43828925490379333, 0.4805247485637665, 0.5129052996635437, 0.540966272354126, 0.5635345578193665, 0.5818792581558228, 0.5987948179244995, 0.616574227809906], "baseline_val_loss": [2.6307737827301025, 2.158552646636963, 1.9435611963272095, 1.7407855987548828, 1.6328060626983643, 1.9133532047271729, 1.5143427848815918, 1.3105500936508179, 1.294826626777649, 1.2315568923950195], "baseline_val_accuracy": [0.28264355659484863, 0.36252808570861816, 0.38081488013267517, 0.4424125850200653, 0.4295797348022461, 0.3468078374862671, 0.47449469566345215, 0.5040102601051331, 0.48155277967453003, 0.5344882607460022]}