{"ensemble_loss": [1.22474205493927, 0.9564701318740845, 0.8717501163482666, 0.8196702003479004, 0.777714192867279, 0.7388064861297607, 0.6994596719741821, 0.6627506613731384, 0.6296384334564209, 0.5988578200340271], "ensemble_accuracy": [0.5334134697914124, 0.6213942170143127, 0.6538461446762085, 0.6819711327552795, 0.7055288553237915, 0.7278845906257629, 0.7502403855323792, 0.7725961804389954, 0.7908653616905212, 0.8074519038200378], "ensemble_val_loss": [2.107438325881958, 2.9127676486968994, 2.7021589279174805, 1.7114415168762207, 1.1210206747055054, 0.9775843024253845, 0.9573293924331665, 0.9652506709098816, 0.9656591415405273, 0.9672439098358154], "ensemble_val_accuracy": [0.17037037014961243, 0.17037037014961243, 0.34074074029922485, 0.3481481373310089, 0.5333333611488342, 0.6518518328666687, 0.6814814805984497, 0.6666666865348816, 0.6222222447395325, 0.6370370388031006]}