{"base_loss": [0.759936511516571, 0.6558852195739746, 0.6381908059120178, 0.6300451755523682, 0.6232311129570007, 0.6169620752334595, 0.6112638115882874, 0.6063663959503174, 0.6016093492507935, 0.5957568287849426], "base_accuracy": [0.6677884459495544, 0.707932710647583, 0.7134615182876587, 0.7141826748847961, 0.7185096144676208, 0.7225961685180664, 0.7254807949066162, 0.7307692170143127, 0.7353365421295166, 0.7396634817123413], "base_val_loss": [1.358550786972046, 2.09930682182312, 2.0838913917541504, 1.0675323009490967, 0.6218448877334595, 0.5886173248291016, 0.6059490442276001, 0.6048688292503357, 0.6129924654960632, 0.6241052150726318], "base_val_accuracy": [0.5827338099479675, 0.22302158176898956, 0.22302158176898956, 0.5827338099479675, 0.7122302055358887, 0.7482014298439026, 0.7553957104682922, 0.7482014298439026, 0.7482014298439026, 0.7482014298439026]}