{"ensemble_loss": [0.6859235167503357, 0.671162486076355, 0.6599836945533752, 0.6477874517440796, 0.6348901987075806, 0.6193071603775024, 0.6040254235267639, 0.5875284075737, 0.5719324946403503, 0.5549306273460388], "ensemble_accuracy": [0.542187511920929, 0.6031249761581421, 0.635937511920929, 0.66796875, 0.7007812261581421, 0.7281249761581421, 0.764843761920929, 0.7875000238418579, 0.8031250238418579, 0.8187500238418579], "ensemble_val_loss": [0.6983357071876526, 0.7261214256286621, 0.7787877321243286, 0.8337377309799194, 0.8889296650886536, 0.9181900024414062, 0.9325005412101746, 0.9023802280426025, 0.829980731010437, 0.7964382171630859], "ensemble_val_accuracy": [0.46875, 0.46875, 0.46875, 0.46875, 0.46875, 0.46875, 0.46875, 0.46875, 0.46875, 0.46875]}