{"baseline_loss": [3.7442471981048584, 3.5093584060668945, 3.338345766067505, 3.179647922515869, 3.0005152225494385, 2.835721254348755, 2.6700167655944824, 2.5300214290618896, 2.400489091873169, 2.283433675765991], "baseline_accuracy": [0.08187499642372131, 0.14386029541492462, 0.2036764770746231, 0.26551470160484314, 0.31117647886276245, 0.34312498569488525, 0.37988969683647156, 0.40761029720306396, 0.4194117784500122, 0.43761029839515686], "baseline_val_loss": [3.663215398788452, 3.471644639968872, 3.31645131111145, 3.170670747756958, 3.039008855819702, 2.8993403911590576, 4.537299633026123, 3.8432722091674805, 2.76194429397583, 2.6068546772003174], "baseline_val_accuracy": [0.09433962404727936, 0.14872364699840546, 0.1920088827610016, 0.3052164316177368, 0.26082131266593933, 0.2930077612400055, 0.15760266780853271, 0.14206437766551971, 0.23973363637924194, 0.2519422769546509]}