{"ensemble_loss": [1.8431874513626099, 1.7115509510040283, 1.6343194246292114, 1.5795661211013794, 1.5352205038070679, 1.4985969066619873, 1.4659817218780518, 1.436339020729065, 1.4095995426177979, 1.3849258422851562], "ensemble_accuracy": [0.39097222685813904, 0.7079861164093018, 0.7638888955116272, 0.7836805582046509, 0.7972221970558167, 0.8034722208976746, 0.8111110925674438, 0.8159722089767456, 0.8204861283302307, 0.8270833492279053], "ensemble_val_loss": [1.8829410076141357, 1.8180180788040161, 1.7431511878967285, 1.6732032299041748, 1.6063259840011597, 1.545817494392395, 1.4967849254608154, 1.458250880241394, 1.426815152168274, 1.400466799736023], "ensemble_val_accuracy": [0.1818181872367859, 0.1818181872367859, 0.23863635957241058, 0.375, 0.4431818127632141, 0.6363636255264282, 0.7272727489471436, 0.7727272510528564, 0.7727272510528564, 0.7727272510528564], "ensemble_no_transfer_learning_ensemble_loss": [1.7655351161956787, 1.4996248483657837, 1.3159844875335693, 1.178698182106018, 1.0745636224746704, 0.9934541583061218, 0.9283491373062134, 0.8719636797904968, 0.8231335878372192, 0.7804866433143616], "ensemble_no_transfer_learning_ensemble_accuracy": [0.5836805701255798, 0.7954860925674438, 0.8513888716697693, 0.8663194179534912, 0.8815972208976746, 0.8958333134651184, 0.9065971970558167, 0.9163194298744202, 0.9211805462837219, 0.9274305701255798], "ensemble_no_transfer_learning_ensemble_val_loss": [2.0181996822357178, 2.547579050064087, 3.3905563354492188, 3.8247230052948, 3.8512535095214844, 3.4150278568267822, 2.2509591579437256, 1.4579297304153442, 1.0729225873947144, 0.9247722029685974], "ensemble_no_transfer_learning_ensemble_val_accuracy": [0.11363636702299118, 0.11363636702299118, 0.11363636702299118, 0.11363636702299118, 0.11363636702299118, 0.3068181872367859, 0.3068181872367859, 0.3636363744735718, 0.7045454382896423, 0.8863636255264282]}