{"baseline_loss": [3.8671481609344482, 3.201738119125366, 2.7556092739105225, 2.3735532760620117, 2.0375585556030273, 1.7609379291534424, 1.5264742374420166, 1.3289823532104492, 1.170623540878296, 1.0143029689788818], "baseline_accuracy": [0.11117981374263763, 0.28450867533683777, 0.4271557629108429, 0.5616644620895386, 0.6420955657958984, 0.7061998844146729, 0.7473930716514587, 0.7817847728729248, 0.8091410398483276, 0.8357620239257812], "baseline_val_loss": [3.558967351913452, 3.0926108360290527, 2.6909632682800293, 2.440234661102295, 2.485973834991455, 1.916363000869751, 2.2444636821746826, 1.615815281867981, 3.360994577407837, 1.4398384094238281], "baseline_val_accuracy": [0.14753273129463196, 0.2638469338417053, 0.3902316093444824, 0.4264853894710541, 0.3106747269630432, 0.6369587182998657, 0.39174219965934753, 0.6132930517196655, 0.23313193023204803, 0.6465256810188293]}