{"ensemble_loss": [3.129973888397217, 2.9342494010925293, 2.8234543800354004, 2.7446606159210205, 2.6836187839508057, 2.6325345039367676, 2.5901389122009277, 2.5534749031066895, 2.519632339477539, 2.4886460304260254], "ensemble_accuracy": [0.17499999701976776, 0.3324218690395355, 0.3941406309604645, 0.43476563692092896, 0.46601563692092896, 0.48710936307907104, 0.48828125, 0.4957031309604645, 0.4984374940395355, 0.5003906488418579], "ensemble_val_loss": [3.1059763431549072, 2.9569530487060547, 2.870698928833008, 2.8097712993621826, 2.7614870071411133, 2.7204062938690186, 2.6819019317626953, 2.6493113040924072, 2.6200034618377686, 2.59340763092041], "ensemble_val_accuracy": [0.10588235408067703, 0.29411765933036804, 0.30588236451148987, 0.364705890417099, 0.42352941632270813, 0.43529412150382996, 0.42352941632270813, 0.4588235318660736, 0.4588235318660736, 0.47058823704719543], "ensemble_no_transfer_learning_ensemble_loss": [2.8735320568084717, 2.528289318084717, 2.3361144065856934, 2.199237108230591, 2.0917842388153076, 2.0020270347595215, 1.9266703128814697, 1.8607715368270874, 1.802037239074707, 1.7509586811065674], "ensemble_no_transfer_learning_ensemble_accuracy": [0.29179686307907104, 0.48828125, 0.595703125, 0.6519531011581421, 0.68359375, 0.703125, 0.7132812738418579, 0.7191406488418579, 0.723437488079071, 0.7289062738418579], "ensemble_no_transfer_learning_ensemble_val_loss": [3.250145673751831, 3.231710910797119, 3.167309522628784, 3.0341923236846924, 2.8408315181732178, 2.609342336654663, 2.384725332260132, 2.2043962478637695, 2.0775997638702393, 1.9860728979110718], "ensemble_no_transfer_learning_ensemble_val_accuracy": [0.03529411926865578, 0.03529411926865578, 0.05882352963089943, 0.11764705926179886, 0.16470588743686676, 0.1882352977991104, 0.43529412150382996, 0.5058823823928833, 0.5882353186607361, 0.5764706134796143]}