{"ensemble_loss": [1.512163758277893, 1.268599510192871, 1.174340844154358, 1.112560510635376, 1.0651153326034546, 1.027223825454712, 0.996232807636261, 0.9702957272529602, 0.9478735327720642, 0.9281814694404602], "ensemble_accuracy": [0.5673214197158813, 0.6660714149475098, 0.6919940710067749, 0.7045833468437195, 0.7141071557998657, 0.7213392853736877, 0.7270833253860474, 0.733779788017273, 0.7397024035453796, 0.7432143092155457], "ensemble_val_loss": [1.326241374015808, 1.1984702348709106, 1.1249561309814453, 1.0729461908340454, 1.0327696800231934, 0.9989447593688965, 0.9710507988929749, 0.9490104913711548, 0.9290032386779785, 0.9110626578330994], "ensemble_val_accuracy": [0.675000011920929, 0.7124999761581421, 0.7267857193946838, 0.7348214387893677, 0.7410714030265808, 0.7437499761581421, 0.7473214268684387, 0.7508928775787354, 0.7580357193946838, 0.7580357193946838], "ensemble_no_transfer_learning_ensemble_loss": [1.2964543104171753, 0.9897148013114929, 0.8645106554031372, 0.7884657382965088, 0.7330067753791809, 0.6934770941734314, 0.6610836982727051, 0.6280226111412048, 0.596389889717102, 0.5748763084411621], "ensemble_no_transfer_learning_ensemble_accuracy": [0.6286904811859131, 0.7138988375663757, 0.7454166412353516, 0.7621726393699646, 0.774821400642395, 0.7848809361457825, 0.7919047474861145, 0.7964285612106323, 0.8036012053489685, 0.8086012005805969], "ensemble_no_transfer_learning_ensemble_val_loss": [1.120294213294983, 0.9514550566673279, 0.8893821239471436, 0.8172245621681213, 0.7964819669723511, 0.8017638325691223, 0.7731982469558716, 0.7170507907867432, 0.718488872051239, 0.7001901865005493], "ensemble_no_transfer_learning_ensemble_val_accuracy": [0.6892856955528259, 0.7267857193946838, 0.7473214268684387, 0.7642857432365417, 0.7598214149475098, 0.7723214030265808, 0.7741071581840515, 0.7821428775787354, 0.7839285731315613, 0.7830356955528259]}