{"ensemble_loss": [2.279789447784424, 1.9749488830566406, 1.8371450901031494, 1.746168613433838, 1.6783710718154907, 1.624767780303955, 1.5799611806869507, 1.5411399602890015, 1.506463646888733, 1.4748713970184326], "ensemble_accuracy": [0.2345394790172577, 0.421875, 0.4993421137332916, 0.5462170839309692, 0.5799342393875122, 0.6055921316146851, 0.6268092393875122, 0.640625, 0.6542763113975525, 0.6657894849777222], "ensemble_val_loss": [2.104060173034668, 1.9343076944351196, 1.8340625762939453, 1.7626259326934814, 1.7091913223266602, 1.66668701171875, 1.6311620473861694, 1.600617527961731, 1.5732126235961914, 1.5482332706451416], "ensemble_val_accuracy": [0.31794872879981995, 0.3692307770252228, 0.4615384638309479, 0.49743589758872986, 0.5333333611488342, 0.5589743852615356, 0.5846154093742371, 0.5948718190193176, 0.5846154093742371, 0.6051282286643982], "ensemble_no_transfer_learning_ensemble_loss": [1.9100587368011475, 1.5646107196807861, 1.391108512878418, 1.2646450996398926, 1.1618599891662598, 1.0772581100463867, 1.0059903860092163, 0.9450781345367432, 0.8922557830810547, 0.8458293676376343], "ensemble_no_transfer_learning_ensemble_accuracy": [0.49884867668151855, 0.6402960419654846, 0.703125, 0.7480263113975525, 0.7754934430122375, 0.7991776466369629, 0.8180921077728271, 0.8343750238418579, 0.8503289222717285, 0.8641447424888611], "ensemble_no_transfer_learning_ensemble_val_loss": [2.470407247543335, 2.1138248443603516, 1.5628867149353027, 1.3212635517120361, 1.2319287061691284, 1.1772102117538452, 1.1309236288070679, 1.0899693965911865, 1.0544164180755615, 1.0245004892349243], "ensemble_no_transfer_learning_ensemble_val_accuracy": [0.15897436439990997, 0.20000000298023224, 0.5641025900840759, 0.6769230961799622, 0.6871795058250427, 0.6410256624221802, 0.6512820720672607, 0.6410256624221802, 0.656410276889801, 0.6615384817123413]}