{"ensemble_loss": [1.6138708591461182, 1.410320520401001, 1.2928751707077026, 1.2163857221603394, 1.1603642702102661, 1.117704153060913, 1.083059310913086, 1.0545308589935303, 1.0297389030456543, 1.008091688156128], "ensemble_accuracy": [0.3265624940395355, 0.563671886920929, 0.6734374761581421, 0.7027343511581421, 0.7144531011581421, 0.733593761920929, 0.7632812261581421, 0.775390625, 0.787890613079071, 0.798046886920929], "ensemble_val_loss": [1.5320870876312256, 1.4029875993728638, 1.314324975013733, 1.2520697116851807, 1.205126166343689, 1.1669496297836304, 1.134688377380371, 1.1083186864852905, 1.0854582786560059, 1.0661782026290894], "ensemble_val_accuracy": [0.3815789520740509, 0.46052631735801697, 0.6052631735801697, 0.6447368264198303, 0.6447368264198303, 0.6447368264198303, 0.6447368264198303, 0.7105262875556946, 0.7105262875556946, 0.7236841917037964], "ensemble_no_transfer_learning_ensemble_loss": [1.3260618448257446, 1.0336850881576538, 0.9085816144943237, 0.8227262496948242, 0.7528737187385559, 0.6960453987121582, 0.6472914814949036, 0.6041523814201355, 0.5655425190925598, 0.5301769971847534], "ensemble_no_transfer_learning_ensemble_accuracy": [0.6527343988418579, 0.813671886920929, 0.849609375, 0.876953125, 0.897656261920929, 0.909375011920929, 0.91796875, 0.9292968511581421, 0.9410156011581421, 0.9488281011581421], "ensemble_no_transfer_learning_ensemble_val_loss": [1.785996675491333, 1.8852310180664062, 1.8588200807571411, 1.6426528692245483, 1.3421435356140137, 1.093278408050537, 0.9294966459274292, 0.8344804644584656, 0.778456449508667, 0.7393743395805359], "ensemble_no_transfer_learning_ensemble_val_accuracy": [0.10526315867900848, 0.1184210553765297, 0.17105263471603394, 0.2368421107530594, 0.4736842215061188, 0.6447368264198303, 0.8421052694320679, 0.8684210777282715, 0.8421052694320679, 0.8815789222717285]}