{"ensemble_loss": [0.4575614929199219, 0.25020548701286316, 0.16258005797863007, 0.12053392082452774, 0.09547798335552216, 0.08002828061580658, 0.07013823837041855, 0.06207040324807167, 0.056793712079524994, 0.051676589995622635], "ensemble_accuracy": [0.840624988079071, 0.9593750238418579, 0.9764204621315002, 0.9823863506317139, 0.9838067889213562, 0.9863636493682861, 0.9883522987365723, 0.9894886612892151, 0.9900568127632141, 0.9911931753158569], "ensemble_val_loss": [0.8069722652435303, 1.1913145780563354, 1.005368947982788, 0.5843445062637329, 0.36149027943611145, 0.3267916738986969, 0.24383486807346344, 0.17769816517829895, 0.1326313316822052, 0.14329218864440918], "ensemble_val_accuracy": [0.4336283206939697, 0.4336283206939697, 0.4336283206939697, 0.6725663542747498, 0.9026548862457275, 0.7964601516723633, 0.9026548862457275, 0.9115044474601746, 0.9292035102844238, 0.9380530714988708]}