{"base_loss": [1.313435673713684, 1.0387531518936157, 0.8916774988174438, 0.7569659352302551, 0.6457189321517944, 0.56548672914505, 0.5031864047050476, 0.4549693465232849, 0.4156416356563568, 0.38378384709358215], "base_accuracy": [0.5571022629737854, 0.7329545617103577, 0.7994318008422852, 0.855681836605072, 0.8838068246841431, 0.9002841114997864, 0.9147727489471436, 0.9244318008422852, 0.9318181872367859, 0.9369317889213562], "base_val_loss": [1.9644416570663452, 2.461822032928467, 3.218587875366211, 4.1297101974487305, 3.301527500152588, 1.686981439590454, 0.7356428503990173, 0.5334212779998779, 0.450971394777298, 0.4726330637931824], "base_val_accuracy": [0.19819819927215576, 0.23423422873020172, 0.171171173453331, 0.171171173453331, 0.171171173453331, 0.27927929162979126, 0.8018018007278442, 0.8648648858070374, 0.9099099040031433, 0.837837815284729]}