{"ensemble_loss": [3.034437656402588, 2.8062071800231934, 2.706848621368408, 2.641702175140381, 2.5924594402313232, 2.551774740219116, 2.516606330871582, 2.4855308532714844, 2.457453727722168, 2.4315884113311768], "ensemble_accuracy": [0.1384943127632141, 0.26193180680274963, 0.30511364340782166, 0.33039772510528564, 0.34474432468414307, 0.35681816935539246, 0.3683238625526428, 0.3758522868156433, 0.38778409361839294, 0.3970170319080353], "ensemble_val_loss": [2.9650185108184814, 2.854297161102295, 2.7989320755004883, 2.7602524757385254, 2.7300901412963867, 2.7042810916900635, 2.682512044906616, 2.663515567779541, 2.644990921020508, 2.627279043197632], "ensemble_val_accuracy": [0.13215859234333038, 0.2290748953819275, 0.2290748953819275, 0.18942731618881226, 0.18942731618881226, 0.1938326060771942, 0.21145375072956085, 0.23348017036914825, 0.24229075014591217, 0.2599118947982788], "ensemble_no_transfer_learning_ensemble_loss": [2.781193971633911, 2.499882936477661, 2.3478615283966064, 2.2298057079315186, 2.133629560470581, 2.0525882244110107, 1.9818490743637085, 1.9181798696517944, 1.8598307371139526, 1.8074140548706055], "ensemble_no_transfer_learning_ensemble_accuracy": [0.24346591532230377, 0.36619317531585693, 0.4215908944606781, 0.46164771914482117, 0.4900568127632141, 0.5224431753158569, 0.5430397987365723, 0.5643466114997864, 0.5832386612892151, 0.5987215638160706], "ensemble_no_transfer_learning_ensemble_val_loss": [3.2682301998138428, 3.013359785079956, 2.568755865097046, 2.4608752727508545, 2.402860164642334, 2.3524765968322754, 2.321742296218872, 2.2971785068511963, 2.2682363986968994, 2.248025894165039], "ensemble_no_transfer_learning_ensemble_val_accuracy": [0.07048457860946655, 0.07929515093564987, 0.24229075014591217, 0.3876652121543884, 0.38325992226600647, 0.36563876271247864, 0.3876652121543884, 0.36563876271247864, 0.3876652121543884, 0.38325992226600647]}