{"baseline_loss": [2.740074396133423, 2.097099542617798, 1.7869054079055786, 1.6261032819747925, 1.4968470335006714, 1.4158306121826172, 1.3621746301651, 1.2870696783065796, 1.2225919961929321, 1.2019280195236206], "baseline_accuracy": [0.12763157486915588, 0.3123355209827423, 0.4424342215061188, 0.5144736766815186, 0.5680921077728271, 0.6134868264198303, 0.6402960419654846, 0.6769737005233765, 0.6983552575111389, 0.6911184191703796], "baseline_val_loss": [2.4280340671539307, 1.9562702178955078, 1.733560562133789, 1.604313611984253, 1.513053059577942, 1.4257770776748657, 1.3708232641220093, 1.3259522914886475, 1.2806793451309204, 1.2430580854415894], "baseline_val_accuracy": [0.12820513546466827, 0.34358975291252136, 0.446153849363327, 0.5435897707939148, 0.6000000238418579, 0.6666666865348816, 0.6717948913574219, 0.7025641202926636, 0.692307710647583, 0.6974359154701233], "baseline_no_transfer_learning_base_loss": [2.0145843029022217, 1.69620680809021, 1.5399219989776611, 1.426602840423584, 1.331632375717163, 1.2493865489959717, 1.17817223072052, 1.1155146360397339, 1.0592997074127197, 1.008098840713501], "baseline_no_transfer_learning_base_accuracy": [0.3616776168346405, 0.5098684430122375, 0.5713815689086914, 0.6194078922271729, 0.6574013233184814, 0.6865131855010986, 0.7090460658073425, 0.7291118502616882, 0.7467105388641357, 0.7634868621826172], "baseline_no_transfer_learning_base_val_loss": [2.6674771308898926, 2.2282869815826416, 1.6603654623031616, 1.4413632154464722, 1.3526321649551392, 1.2826484441757202, 1.2242090702056885, 1.1778913736343384, 1.1262545585632324, 1.1036999225616455], "baseline_no_transfer_learning_base_val_accuracy": [0.08717948943376541, 0.16410256922245026, 0.4205128252506256, 0.40512821078300476, 0.4307692348957062, 0.5128205418586731, 0.5487179756164551, 0.5846154093742371, 0.6000000238418579, 0.6051282286643982]}