{"ensemble_loss": [1.854975938796997, 1.7131929397583008, 1.6397182941436768, 1.5880564451217651, 1.545881986618042, 1.5091885328292847, 1.476957082748413, 1.448195219039917, 1.422641634941101, 1.3990886211395264], "ensemble_accuracy": [0.2614583373069763, 0.4756944477558136, 0.5246527791023254, 0.5454860925674438, 0.5822916626930237, 0.6222222447395325, 0.6572916507720947, 0.6829861402511597, 0.7111111283302307, 0.731249988079071], "ensemble_val_loss": [1.9794560670852661, 1.8327480554580688, 1.761556625366211, 1.6994719505310059, 1.6483604907989502, 1.6017813682556152, 1.5605298280715942, 1.5226891040802002, 1.4923533201217651, 1.4627827405929565], "ensemble_val_accuracy": [0.21590909361839294, 0.27272728085517883, 0.3181818127632141, 0.4204545319080353, 0.5454545617103577, 0.5681818127632141, 0.6022727489471436, 0.625, 0.6590909361839294, 0.7159090638160706], "ensemble_no_transfer_learning_ensemble_loss": [1.7655351161956787, 1.4996248483657837, 1.3159844875335693, 1.178698182106018, 1.0745636224746704, 0.9934541583061218, 0.9283491373062134, 0.8719636797904968, 0.8231335878372192, 0.7804866433143616], "ensemble_no_transfer_learning_ensemble_accuracy": [0.5836805701255798, 0.7954860925674438, 0.8513888716697693, 0.8663194179534912, 0.8815972208976746, 0.8958333134651184, 0.9065971970558167, 0.9163194298744202, 0.9211805462837219, 0.9274305701255798], "ensemble_no_transfer_learning_ensemble_val_loss": [2.0181996822357178, 2.547579050064087, 3.3905563354492188, 3.8247230052948, 3.8512535095214844, 3.4150278568267822, 2.2509591579437256, 1.4579297304153442, 1.0729225873947144, 0.9247722029685974], "ensemble_no_transfer_learning_ensemble_val_accuracy": [0.11363636702299118, 0.11363636702299118, 0.11363636702299118, 0.11363636702299118, 0.11363636702299118, 0.3068181872367859, 0.3068181872367859, 0.3636363744735718, 0.7045454382896423, 0.8863636255264282]}