{"baseline_loss": [1.969912052154541, 1.6414730548858643, 1.4944393634796143, 1.407953143119812, 1.329000473022461, 1.2909691333770752, 1.2395435571670532, 1.2103780508041382, 1.1858298778533936, 1.1484428644180298], "baseline_accuracy": [0.35078126192092896, 0.5286458134651184, 0.6076822876930237, 0.6479166746139526, 0.6774739623069763, 0.6826822757720947, 0.694531261920929, 0.7069010138511658, 0.7016927003860474, 0.7180989384651184], "baseline_val_loss": [1.8136701583862305, 1.6282238960266113, 1.555424690246582, 1.4969860315322876, 1.4427354335784912, 1.396659255027771, 1.3736140727996826, 1.3466057777404785, 1.323855996131897, 1.3037431240081787], "baseline_val_accuracy": [0.4560000002384186, 0.6320000290870667, 0.6359999775886536, 0.6759999990463257, 0.6800000071525574, 0.6800000071525574, 0.6840000152587891, 0.6880000233650208, 0.6959999799728394, 0.7039999961853027], "baseline_no_transfer_learning_base_loss": [1.828906536102295, 1.5731316804885864, 1.436004638671875, 1.3363884687423706, 1.2553335428237915, 1.1889984607696533, 1.1329004764556885, 1.0843985080718994, 1.04054856300354, 1.0013434886932373], "baseline_no_transfer_learning_base_accuracy": [0.4378906190395355, 0.5740885138511658, 0.6170572638511658, 0.6471354365348816, 0.6678385138511658, 0.6837239861488342, 0.6983072757720947, 0.7104166746139526, 0.7216145992279053, 0.7325521111488342], "baseline_no_transfer_learning_base_val_loss": [2.4589927196502686, 2.075615644454956, 1.688940167427063, 1.5702868700027466, 1.5130932331085205, 1.448939561843872, 1.4128949642181396, 1.3599834442138672, 1.3410024642944336, 1.3313424587249756], "baseline_no_transfer_learning_base_val_accuracy": [0.07999999821186066, 0.25600001215934753, 0.5, 0.5720000267028809, 0.5920000076293945, 0.6439999938011169, 0.6359999775886536, 0.6800000071525574, 0.6639999747276306, 0.6679999828338623]}