{"ensemble_loss": [1.7655351161956787, 1.4996248483657837, 1.3159844875335693, 1.178698182106018, 1.0745636224746704, 0.9934541583061218, 0.9283491373062134, 0.8719636797904968, 0.8231335878372192, 0.7804866433143616], "ensemble_accuracy": [0.5836805701255798, 0.7954860925674438, 0.8513888716697693, 0.8663194179534912, 0.8815972208976746, 0.8958333134651184, 0.9065971970558167, 0.9163194298744202, 0.9211805462837219, 0.9274305701255798], "ensemble_val_loss": [2.0181996822357178, 2.547579050064087, 3.3905563354492188, 3.8247230052948, 3.8512535095214844, 3.4150278568267822, 2.2509591579437256, 1.4579297304153442, 1.0729225873947144, 0.9247722029685974], "ensemble_val_accuracy": [0.11363636702299118, 0.11363636702299118, 0.11363636702299118, 0.11363636702299118, 0.11363636702299118, 0.3068181872367859, 0.3068181872367859, 0.3636363744735718, 0.7045454382896423, 0.8863636255264282]}