{"base_loss": [0.6454904675483704, 0.6043694615364075, 0.5700715780258179, 0.5485090613365173, 0.5329864025115967, 0.5207129716873169, 0.5098004341125488, 0.5005235075950623, 0.49278903007507324, 0.48663511872291565], "base_accuracy": [0.6234375238418579, 0.659375011920929, 0.7034375071525574, 0.7225000262260437, 0.7428125143051147, 0.7528125047683716, 0.7584375143051147, 0.762499988079071, 0.7653124928474426, 0.7718750238418579], "base_val_loss": [0.7222639918327332, 0.7625805735588074, 0.717305064201355, 0.6775293946266174, 0.6819781064987183, 0.7061073780059814, 0.7221256494522095, 0.711993932723999, 0.7446935176849365, 0.771786093711853], "base_val_accuracy": [0.446601927280426, 0.4563106894493103, 0.5631067752838135, 0.582524299621582, 0.5631067752838135, 0.6310679316520691, 0.6116504669189453, 0.6407766938209534, 0.6116504669189453, 0.6213592290878296]}