{"ensemble_loss": [0.6748456954956055, 0.6085435152053833, 0.5762044787406921, 0.5547373294830322, 0.5390860438346863, 0.5267928242683411, 0.516651451587677, 0.5079573392868042, 0.5003826022148132, 0.49369528889656067], "ensemble_accuracy": [0.5540178418159485, 0.6625000238418579, 0.6915178298950195, 0.7093750238418579, 0.7200892567634583, 0.7299107313156128, 0.7361606955528259, 0.7446428537368774, 0.75, 0.7571428418159485], "ensemble_val_loss": [0.713708221912384, 0.6487285494804382, 0.6072876453399658, 0.5845310091972351, 0.5701094269752502, 0.5598808526992798, 0.5505602955818176, 0.5409182906150818, 0.5316284894943237, 0.523560643196106], "ensemble_val_accuracy": [0.4153846204280853, 0.6000000238418579, 0.7076923251152039, 0.8153846263885498, 0.8153846263885498, 0.8153846263885498, 0.8153846263885498, 0.8153846263885498, 0.8153846263885498, 0.8153846263885498], "ensemble_no_transfer_learning_ensemble_loss": [0.6131124496459961, 0.5464285612106323, 0.5201355218887329, 0.5027027726173401, 0.4889684319496155, 0.4771018326282501, 0.46668827533721924, 0.45739391446113586, 0.44994622468948364, 0.4427402913570404], "ensemble_no_transfer_learning_ensemble_accuracy": [0.6660714149475098, 0.7183035612106323, 0.7334821224212646, 0.7504464387893677, 0.7575892806053162, 0.7629464268684387, 0.768750011920929, 0.7772321701049805, 0.7790178656578064, 0.78125], "ensemble_no_transfer_learning_ensemble_val_loss": [0.6816651821136475, 0.6945560574531555, 0.7134396433830261, 0.7088679671287537, 0.6989877223968506, 0.6762819886207581, 0.6289306879043579, 0.5686098337173462, 0.5215089917182922, 0.4778371751308441], "ensemble_no_transfer_learning_ensemble_val_accuracy": [0.5846154093742371, 0.5846154093742371, 0.5846154093742371, 0.5846154093742371, 0.5846154093742371, 0.5230769515037537, 0.6000000238418579, 0.800000011920929, 0.8307692408561707, 0.8153846263885498]}