{"baseline_loss": [1.83889901638031, 1.2203648090362549, 0.9745178818702698, 0.8328600525856018, 0.7438493967056274, 0.6717063188552856, 0.6328935027122498, 0.5922967791557312, 0.559226393699646, 0.5405207276344299], "baseline_accuracy": [0.5126644968986511, 0.6670846939086914, 0.7091282606124878, 0.7289268374443054, 0.7438322305679321, 0.7570518255233765, 0.7628289461135864, 0.7701274752616882, 0.7812294363975525, 0.783902108669281], "baseline_val_loss": [1.8953781127929688, 1.6055113077163696, 1.4588191509246826, 1.3731406927108765, 1.1922130584716797, 1.105971336364746, 1.205702781677246, 1.0998919010162354, 1.0273799896240234, 1.0385642051696777], "baseline_val_accuracy": [0.40507110953330994, 0.5170068144798279, 0.5355596542358398, 0.5194805264472961, 0.6116264462471008, 0.6561533808708191, 0.5782312750816345, 0.6017315983772278, 0.6394557952880859, 0.6376004815101624]}