{"ensemble_loss": [3.4309773445129395, 3.231321096420288, 3.108222484588623, 3.0114903450012207, 2.934443712234497, 2.8702356815338135, 2.8157081604003906, 2.7681660652160645, 2.7255005836486816, 2.686455011367798], "ensemble_accuracy": [0.09375, 0.18815790116786957, 0.2518092095851898, 0.30065789818763733, 0.3523026406764984, 0.39654606580734253, 0.42796051502227783, 0.45230263471603394, 0.4728618562221527, 0.4863486886024475], "ensemble_val_loss": [3.440798044204712, 3.2755656242370605, 3.149379253387451, 3.0482981204986572, 2.970137357711792, 2.9037859439849854, 2.849440813064575, 2.8036770820617676, 2.760910749435425, 2.7236695289611816], "ensemble_val_accuracy": [0.10204081982374191, 0.13775509595870972, 0.16836734116077423, 0.2602040767669678, 0.2857142984867096, 0.31122449040412903, 0.34183672070503235, 0.37244898080825806, 0.41326531767845154, 0.4285714328289032], "ensemble_no_transfer_learning_ensemble_loss": [3.238640308380127, 2.7735772132873535, 2.5190560817718506, 2.347221612930298, 2.210543394088745, 2.0954651832580566, 1.9970601797103882, 1.9150017499923706, 1.8470916748046875, 1.7895957231521606], "ensemble_no_transfer_learning_ensemble_accuracy": [0.2233552634716034, 0.40312498807907104, 0.5159539580345154, 0.5753289461135864, 0.6064144968986511, 0.6279605031013489, 0.6432566046714783, 0.6565789580345154, 0.6671052575111389, 0.6759868264198303], "ensemble_no_transfer_learning_ensemble_val_loss": [4.357049465179443, 6.809826850891113, 3.670905590057373, 2.3857922554016113, 2.154825210571289, 2.031052350997925, 1.9385751485824585, 1.8556733131408691, 1.8142176866531372, 1.7786686420440674], "ensemble_no_transfer_learning_ensemble_val_accuracy": [0.015306122601032257, 0.015306122601032257, 0.08163265138864517, 0.5102040767669678, 0.5969387888908386, 0.7091836929321289, 0.6530612111091614, 0.668367326259613, 0.668367326259613, 0.6785714030265808]}