{"ensemble_loss": [1.7679251432418823, 1.5623791217803955, 1.4508622884750366, 1.3903765678405762, 1.3533480167388916, 1.327527403831482, 1.3095629215240479, 1.2959579229354858, 1.284778118133545, 1.274100422859192], "ensemble_accuracy": [0.25988176465034485, 0.3263513445854187, 0.3526182472705841, 0.36714527010917664, 0.37694257497787476, 0.38369932770729065, 0.3856419026851654, 0.388766884803772, 0.39459457993507385, 0.3962837755680084], "ensemble_val_loss": [2.1217041015625, 1.5552581548690796, 1.5015408992767334, 1.4238063097000122, 1.4048902988433838, 1.368155598640442, 1.389527440071106, 1.3687777519226074, 1.392247200012207, 1.375607967376709], "ensemble_val_accuracy": [0.16966581344604492, 0.30077120661735535, 0.31619536876678467, 0.32647815346717834, 0.311053991317749, 0.3239074647426605, 0.285347044467926, 0.2724935710430145, 0.259640097618103, 0.259640097618103]}