{"baseline_loss": [3.0933773517608643, 2.557410717010498, 2.2364838123321533, 1.9992706775665283, 1.8303993940353394, 1.6951768398284912, 1.5873602628707886, 1.4912701845169067, 1.4207435846328735, 1.3468973636627197], "baseline_accuracy": [0.2096569538116455, 0.32875940203666687, 0.39377349615097046, 0.4403665363788605, 0.4714285731315613, 0.4930451214313507, 0.5113956928253174, 0.5301457047462463, 0.5475329160690308, 0.5613017082214355], "baseline_val_loss": [3.2394299507141113, 3.0820155143737793, 2.709779739379883, 2.6531612873077393, 2.5825140476226807, 2.54325532913208, 2.4807286262512207, 2.2846739292144775, 2.330893039703369, 2.1969263553619385], "baseline_val_accuracy": [0.133991539478302, 0.16572637856006622, 0.22002820670604706, 0.21297602355480194, 0.25317347049713135, 0.22355429828166962, 0.23765867948532104, 0.29337093234062195, 0.2433004230260849, 0.2884344160556793]}