{"ensemble_loss": [0.5715372562408447, 0.42311784625053406, 0.3473040759563446, 0.2978443205356598, 0.2614254951477051, 0.23365391790866852, 0.21189509332180023, 0.19435922801494598, 0.18004606664180756, 0.16812577843666077], "ensemble_accuracy": [0.6683035492897034, 0.8357142806053162, 0.8848214149475098, 0.9165178537368774, 0.9339285492897034, 0.9482142925262451, 0.9558035731315613, 0.9624999761581421, 0.9665178656578064, 0.96875], "ensemble_val_loss": [0.5603374242782593, 0.46545034646987915, 0.409273624420166, 0.36215510964393616, 0.3164675533771515, 0.2730642855167389, 0.23284946382045746, 0.2007010579109192, 0.17816652357578278, 0.16335685551166534], "ensemble_val_accuracy": [0.6716417670249939, 0.7761194109916687, 0.8805969953536987, 0.8805969953536987, 0.89552241563797, 0.9253731369972229, 0.9253731369972229, 0.9253731369972229, 0.9253731369972229, 0.9402984976768494], "ensemble_no_transfer_learning_ensemble_loss": [0.35472550988197327, 0.17241297662258148, 0.12015484273433685, 0.09368287026882172, 0.07681320607662201, 0.0649900808930397, 0.05618257820606232, 0.049249645322561264, 0.043686967343091965, 0.039061274379491806], "ensemble_no_transfer_learning_ensemble_accuracy": [0.8763392567634583, 0.9611607193946838, 0.9767857193946838, 0.984375, 0.9892857074737549, 0.9897321462631226, 0.9933035969734192, 0.9941964149475098, 0.9955357313156128, 0.9959821701049805], "ensemble_no_transfer_learning_ensemble_val_loss": [0.6965808272361755, 0.8220135569572449, 1.0027629137039185, 1.043310284614563, 0.8497276306152344, 0.5661970973014832, 0.3428933322429657, 0.19931931793689728, 0.11845691502094269, 0.07850934565067291], "ensemble_no_transfer_learning_ensemble_val_accuracy": [0.5522388219833374, 0.5522388219833374, 0.5522388219833374, 0.5522388219833374, 0.5522388219833374, 0.5522388219833374, 0.8059701323509216, 0.9552238583564758, 0.9701492786407471, 0.9701492786407471]}