{"ensemble_loss": [0.708669126033783, 0.6654869318008423, 0.6489176750183105, 0.6384161710739136, 0.630453884601593, 0.6241261959075928, 0.6187635660171509, 0.6140198111534119, 0.609740138053894, 0.6057122945785522], "ensemble_accuracy": [0.507031261920929, 0.58984375, 0.692187488079071, 0.7046874761581421, 0.717968761920929, 0.733593761920929, 0.73828125, 0.7476562261581421, 0.754687488079071, 0.76171875], "ensemble_val_loss": [0.6825306415557861, 0.6846252679824829, 0.6677687168121338, 0.6566034555435181, 0.6510858535766602, 0.6491039991378784, 0.6495790481567383, 0.6502804160118103, 0.6503178477287292, 0.6493277549743652], "ensemble_val_accuracy": [0.53125, 0.53125, 0.625, 0.625, 0.625, 0.59375, 0.5625, 0.53125, 0.5625, 0.5625], "ensemble_no_transfer_learning_ensemble_loss": [0.6859235167503357, 0.671162486076355, 0.6599836945533752, 0.6477874517440796, 0.6348901987075806, 0.6193071603775024, 0.6040254235267639, 0.5875284075737, 0.5719324946403503, 0.5549306273460388], "ensemble_no_transfer_learning_ensemble_accuracy": [0.542187511920929, 0.6031249761581421, 0.635937511920929, 0.66796875, 0.7007812261581421, 0.7281249761581421, 0.764843761920929, 0.7875000238418579, 0.8031250238418579, 0.8187500238418579], "ensemble_no_transfer_learning_ensemble_val_loss": [0.6983357071876526, 0.7261214256286621, 0.7787877321243286, 0.8337377309799194, 0.8889296650886536, 0.9181900024414062, 0.9325005412101746, 0.9023802280426025, 0.829980731010437, 0.7964382171630859], "ensemble_no_transfer_learning_ensemble_val_accuracy": [0.46875, 0.46875, 0.46875, 0.46875, 0.46875, 0.46875, 0.46875, 0.46875, 0.46875, 0.46875]}