{"ensemble_loss": [0.3452712893486023, 0.17598357796669006, 0.1356952041387558, 0.11316145956516266, 0.09766527265310287, 0.08577896654605865, 0.07628224045038223, 0.06840499490499496, 0.06179509684443474, 0.05612641200423241], "ensemble_accuracy": [0.8553977012634277, 0.9431818127632141, 0.9644886255264282, 0.9758522510528564, 0.9818181991577148, 0.988068163394928, 0.9911931753158569, 0.9928977489471436, 0.9937499761581421, 0.9943181872367859], "ensemble_val_loss": [0.276014119386673, 0.12268337607383728, 0.08632537722587585, 0.07175322622060776, 0.06100328266620636, 0.05324503779411316, 0.047012872993946075, 0.04215744137763977, 0.03805167227983475, 0.034610550850629807], "ensemble_val_accuracy": [1.0, 1.0, 1.0, 1.0, 1.0, 1.0, 1.0, 1.0, 1.0, 1.0], "ensemble_no_transfer_learning_ensemble_loss": [0.1544073075056076, 0.0699973776936531, 0.04485831782221794, 0.032615870237350464, 0.025899916887283325, 0.021264098584651947, 0.01795317232608795, 0.015538151375949383, 0.013547160662710667, 0.012091230601072311], "ensemble_no_transfer_learning_ensemble_accuracy": [0.9482954740524292, 0.9866477251052856, 0.9934659004211426, 0.9954545497894287, 0.996306836605072, 0.9974431991577148, 0.9977272748947144, 0.9980113506317139, 0.9980113506317139, 0.9982954263687134], "ensemble_no_transfer_learning_ensemble_val_loss": [0.8269100785255432, 0.9526337385177612, 0.51447993516922, 0.2544071078300476, 0.25543662905693054, 0.06897721439599991, 0.047769661992788315, 0.025520887225866318, 0.06441107392311096, 0.046718817204236984], "ensemble_no_transfer_learning_ensemble_val_accuracy": [0.4247787594795227, 0.4247787594795227, 0.778761088848114, 0.9469026327133179, 0.8318583965301514, 1.0, 1.0, 1.0, 0.991150438785553, 1.0]}