{"ensemble_loss": [3.4297306537628174, 3.169250249862671, 3.046165704727173, 2.9583852291107178, 2.88832688331604, 2.8286421298980713, 2.7761099338531494, 2.7283215522766113, 2.68432354927063, 2.6440999507904053], "ensemble_accuracy": [0.071381576359272, 0.20032894611358643, 0.2972039580345154, 0.3592105209827423, 0.40296053886413574, 0.4259868562221527, 0.4402960538864136, 0.4527960419654846, 0.46546053886413574, 0.4733552634716034], "ensemble_val_loss": [3.3763105869293213, 3.140444755554199, 3.0204927921295166, 2.937575101852417, 2.8762106895446777, 2.8226940631866455, 2.7770042419433594, 2.7345426082611084, 2.6954874992370605, 2.6582436561584473], "ensemble_val_accuracy": [0.1428571492433548, 0.2448979616165161, 0.3163265287876129, 0.3469387888908386, 0.3571428656578064, 0.3877550959587097, 0.3571428656578064, 0.3622449040412903, 0.4030612111091614, 0.4030612111091614], "ensemble_no_transfer_learning_ensemble_loss": [3.238640308380127, 2.7735772132873535, 2.5190560817718506, 2.347221612930298, 2.210543394088745, 2.0954651832580566, 1.9970601797103882, 1.9150017499923706, 1.8470916748046875, 1.7895957231521606], "ensemble_no_transfer_learning_ensemble_accuracy": [0.2233552634716034, 0.40312498807907104, 0.5159539580345154, 0.5753289461135864, 0.6064144968986511, 0.6279605031013489, 0.6432566046714783, 0.6565789580345154, 0.6671052575111389, 0.6759868264198303], "ensemble_no_transfer_learning_ensemble_val_loss": [4.357049465179443, 6.809826850891113, 3.670905590057373, 2.3857922554016113, 2.154825210571289, 2.031052350997925, 1.9385751485824585, 1.8556733131408691, 1.8142176866531372, 1.7786686420440674], "ensemble_no_transfer_learning_ensemble_val_accuracy": [0.015306122601032257, 0.015306122601032257, 0.08163265138864517, 0.5102040767669678, 0.5969387888908386, 0.7091836929321289, 0.6530612111091614, 0.668367326259613, 0.668367326259613, 0.6785714030265808]}