{"ensemble_loss": [1.3655750751495361, 0.9975712299346924, 0.8669338822364807, 0.7673030495643616, 0.6950298547744751, 0.6405965685844421, 0.6027227640151978, 0.5745058655738831, 0.5528639554977417, 0.5281798839569092], "ensemble_accuracy": [0.6218361258506775, 0.708775520324707, 0.7455928325653076, 0.7820159792900085, 0.8201931715011597, 0.8403752446174622, 0.8591141104698181, 0.8731682896614075, 0.883375883102417, 0.8908636569976807], "ensemble_val_loss": [1.1574501991271973, 1.0545819997787476, 1.0396454334259033, 1.004292368888855, 0.9677093625068665, 0.9263671636581421, 0.9291395545005798, 0.9416182637214661, 0.9486569166183472, 0.9089126586914062], "ensemble_val_accuracy": [0.6610000133514404, 0.6786666512489319, 0.6823333501815796, 0.7045000195503235, 0.7229999899864197, 0.7361666560173035, 0.73416668176651, 0.7366666793823242, 0.7423333525657654, 0.7574999928474426]}