{"ensemble_loss": [1.656635046005249, 1.436151385307312, 1.3125132322311401, 1.2311670780181885, 1.1716642379760742, 1.1277042627334595, 1.092462182044983, 1.0621376037597656, 1.0363308191299438, 1.0132676362991333], "ensemble_accuracy": [0.3125, 0.611328125, 0.737500011920929, 0.783984363079071, 0.80859375, 0.833203136920929, 0.8492187261581421, 0.858203113079071, 0.860156238079071, 0.868359386920929], "ensemble_val_loss": [1.6133816242218018, 1.474939227104187, 1.3713608980178833, 1.2956002950668335, 1.240792155265808, 1.195736289024353, 1.1565409898757935, 1.123498797416687, 1.0954760313034058, 1.070360541343689], "ensemble_val_accuracy": [0.2368421107530594, 0.5131579041481018, 0.6052631735801697, 0.7368420958518982, 0.7763158082962036, 0.7894737124443054, 0.7894737124443054, 0.7894737124443054, 0.8157894611358643, 0.8157894611358643], "ensemble_no_transfer_learning_ensemble_loss": [1.3260618448257446, 1.0336850881576538, 0.9085816144943237, 0.8227262496948242, 0.7528737187385559, 0.6960453987121582, 0.6472914814949036, 0.6041523814201355, 0.5655425190925598, 0.5301769971847534], "ensemble_no_transfer_learning_ensemble_accuracy": [0.6527343988418579, 0.813671886920929, 0.849609375, 0.876953125, 0.897656261920929, 0.909375011920929, 0.91796875, 0.9292968511581421, 0.9410156011581421, 0.9488281011581421], "ensemble_no_transfer_learning_ensemble_val_loss": [1.785996675491333, 1.8852310180664062, 1.8588200807571411, 1.6426528692245483, 1.3421435356140137, 1.093278408050537, 0.9294966459274292, 0.8344804644584656, 0.778456449508667, 0.7393743395805359], "ensemble_no_transfer_learning_ensemble_val_accuracy": [0.10526315867900848, 0.1184210553765297, 0.17105263471603394, 0.2368421107530594, 0.4736842215061188, 0.6447368264198303, 0.8421052694320679, 0.8684210777282715, 0.8421052694320679, 0.8815789222717285]}