{"baseline_loss": [3.5181515216827393, 3.1140315532684326, 2.825786828994751, 2.5962917804718018, 2.4104316234588623, 2.2618134021759033, 2.0904626846313477, 1.9769582748413086, 1.8664653301239014, 1.7514755725860596], "baseline_accuracy": [0.1519230753183365, 0.3018028736114502, 0.38461539149284363, 0.4384615421295166, 0.4873197078704834, 0.5171874761581421, 0.5404447317123413, 0.5602163672447205, 0.5827524065971375, 0.5981971025466919], "baseline_val_loss": [3.5764505863189697, 3.1334354877471924, 2.9132065773010254, 2.7506775856018066, 2.6328885555267334, 2.4645299911499023, 2.3937976360321045, 2.205718517303467, 2.197077989578247, 2.1216866970062256], "baseline_val_accuracy": [0.09800363332033157, 0.23593465983867645, 0.26678764820098877, 0.29401087760925293, 0.3593466281890869, 0.39564427733421326, 0.34845733642578125, 0.4410163462162018, 0.4246824085712433, 0.3702359199523926]}