{"baseline_loss": [3.19583797454834, 2.617981433868408, 2.249023914337158, 1.9777615070343018, 1.7736235857009888, 1.6233794689178467, 1.4973341226577759, 1.3918464183807373, 1.3066468238830566, 1.2270346879959106], "baseline_accuracy": [0.2544407844543457, 0.4022791385650635, 0.4823073446750641, 0.5291118621826172, 0.5744596123695374, 0.5952067375183105, 0.6267387270927429, 0.6453712582588196, 0.6641212701797485, 0.6812264919281006], "baseline_val_loss": [2.846992015838623, 2.4479334354400635, 2.1280717849731445, 1.9169142246246338, 1.7269387245178223, 1.6672474145889282, 1.5178265571594238, 1.4428112506866455, 1.3561726808547974, 1.360815167427063], "baseline_val_accuracy": [0.3644067943096161, 0.42796608805656433, 0.5197740197181702, 0.5451977252960205, 0.5741525292396545, 0.5670903921127319, 0.6151130199432373, 0.5974576473236084, 0.6228813529014587, 0.6405367255210876]}