{"ensemble_loss": [1.5839409828186035, 1.5448216199874878, 1.5188629627227783, 1.4972083568572998, 1.4785475730895996, 1.462238073348999, 1.4474948644638062, 1.4341938495635986, 1.4226009845733643, 1.4123533964157104], "ensemble_accuracy": [0.33607953786849976, 0.40909090638160706, 0.4414772689342499, 0.4488636255264282, 0.45653408765792847, 0.462784081697464, 0.4678977131843567, 0.4727272689342499, 0.4744318127632141, 0.47670453786849976], "ensemble_val_loss": [1.5866011381149292, 1.5687679052352905, 1.5566486120224, 1.544607400894165, 1.5332286357879639, 1.5212843418121338, 1.5107005834579468, 1.5010230541229248, 1.493229866027832, 1.4869996309280396], "ensemble_val_accuracy": [0.24137930572032928, 0.25, 0.2586206793785095, 0.2844827473163605, 0.26724138855934143, 0.3017241358757019, 0.2931034564971924, 0.3103448152542114, 0.31896552443504333, 0.31896552443504333], "ensemble_no_transfer_learning_ensemble_loss": [1.5499236583709717, 1.4754561185836792, 1.423364520072937, 1.3838486671447754, 1.3489547967910767, 1.318991780281067, 1.2941272258758545, 1.2721339464187622, 1.2506967782974243, 1.2339317798614502], "ensemble_no_transfer_learning_ensemble_accuracy": [0.334090918302536, 0.4210227131843567, 0.46193182468414307, 0.47698864340782166, 0.49744316935539246, 0.5144886374473572, 0.5269886255264282, 0.5377840995788574, 0.550568163394928, 0.5599431991577148], "ensemble_no_transfer_learning_ensemble_val_loss": [1.644498586654663, 1.8305524587631226, 1.9322412014007568, 1.9132250547409058, 1.7545371055603027, 1.548932671546936, 1.4489805698394775, 1.3911356925964355, 1.3395731449127197, 1.3586699962615967], "ensemble_no_transfer_learning_ensemble_val_accuracy": [0.21551723778247833, 0.21551723778247833, 0.21551723778247833, 0.21551723778247833, 0.3103448152542114, 0.32758620381355286, 0.4137931168079376, 0.38793104887008667, 0.4051724076271057, 0.4051724076271057]}