{"baseline_loss": [2.370671510696411, 1.8628571033477783, 1.64232337474823, 1.5041488409042358, 1.427780270576477, 1.3676937818527222, 1.2914209365844727, 1.2489906549453735, 1.2156171798706055, 1.1700776815414429], "baseline_accuracy": [0.18421052396297455, 0.43914473056793213, 0.5332236886024475, 0.5957236886024475, 0.6291118264198303, 0.6667762994766235, 0.7026315927505493, 0.7189144492149353, 0.7274671196937561, 0.7384868264198303], "baseline_val_loss": [2.0485920906066895, 1.6957218647003174, 1.5042874813079834, 1.3801110982894897, 1.2918617725372314, 1.2267712354660034, 1.1829297542572021, 1.1511013507843018, 1.113379955291748, 1.09285569190979], "baseline_val_accuracy": [0.31794872879981995, 0.4923076927661896, 0.5589743852615356, 0.620512843132019, 0.6615384817123413, 0.7128205299377441, 0.7128205299377441, 0.7487179636955261, 0.7333333492279053, 0.7538461685180664], "baseline_no_transfer_learning_base_loss": [1.999413251876831, 1.7001235485076904, 1.5538803339004517, 1.4480208158493042, 1.3608916997909546, 1.2869160175323486, 1.2217541933059692, 1.1624892950057983, 1.1084165573120117, 1.0584198236465454], "baseline_no_transfer_learning_base_accuracy": [0.3968749940395355, 0.5307565927505493, 0.5896381735801697, 0.6246710419654846, 0.6539473533630371, 0.675822377204895, 0.6944078803062439, 0.7143092155456543, 0.7294408082962036, 0.7450658082962036], "baseline_no_transfer_learning_base_val_loss": [2.5042853355407715, 2.177177906036377, 1.6693096160888672, 1.3932055234909058, 1.2807180881500244, 1.20474112033844, 1.1442430019378662, 1.0954891443252563, 1.0522630214691162, 1.0099459886550903], "baseline_no_transfer_learning_base_val_accuracy": [0.08717948943376541, 0.2410256415605545, 0.4307692348957062, 0.6256410479545593, 0.6717948913574219, 0.7179487347602844, 0.7076923251152039, 0.7025641202926636, 0.7487179636955261, 0.7487179636955261]}