{"baseline_loss": [1.609681248664856, 1.5468357801437378, 1.5163719654083252, 1.4928631782531738, 1.4759842157363892, 1.4555046558380127, 1.4392361640930176, 1.4312732219696045, 1.4197826385498047, 1.407667875289917], "baseline_accuracy": [0.23806817829608917, 0.3292613625526428, 0.37840908765792847, 0.4065341055393219, 0.427840918302536, 0.43465909361839294, 0.44431817531585693, 0.4571022689342499, 0.4542613625526428, 0.4644886255264282], "baseline_val_loss": [1.5890518426895142, 1.529503345489502, 1.5114248991012573, 1.490535020828247, 1.4865822792053223, 1.4669578075408936, 1.448326826095581, 1.4411616325378418, 1.4466969966888428, 1.4376211166381836], "baseline_val_accuracy": [0.1982758641242981, 0.37068966031074524, 0.38793104887008667, 0.3534482717514038, 0.42241379618644714, 0.4482758641242981, 0.43103447556495667, 0.5, 0.5258620977401733, 0.4568965435028076], "baseline_no_transfer_learning_base_loss": [1.5731528997421265, 1.5232752561569214, 1.4812531471252441, 1.4441580772399902, 1.4119528532028198, 1.383152961730957, 1.3578901290893555, 1.3376718759536743, 1.3200172185897827, 1.3024998903274536], "baseline_no_transfer_learning_base_accuracy": [0.2772727310657501, 0.3269886374473572, 0.3806818127632141, 0.42017045617103577, 0.44062501192092896, 0.45625001192092896, 0.46136364340782166, 0.47585228085517883, 0.4897727370262146, 0.4985795319080353], "baseline_no_transfer_learning_base_val_loss": [1.637361764907837, 1.7728118896484375, 1.8856719732284546, 1.9563102722167969, 1.764367938041687, 1.5955095291137695, 1.512486457824707, 1.5060346126556396, 1.5567703247070312, 1.4757301807403564], "baseline_no_transfer_learning_base_val_accuracy": [0.26724138855934143, 0.1982758641242981, 0.1551724076271057, 0.1551724076271057, 0.1551724076271057, 0.1982758641242981, 0.32758620381355286, 0.36206895112991333, 0.3534482717514038, 0.38793104887008667]}