{"base_loss": [0.6392734050750732, 0.54085773229599, 0.48674270510673523, 0.456076979637146, 0.4321688413619995, 0.4123525321483612, 0.40080374479293823, 0.3881380259990692, 0.37996000051498413, 0.3673322796821594], "base_accuracy": [0.6543154716491699, 0.7566964030265808, 0.7830356955528259, 0.7938988208770752, 0.8117559552192688, 0.8209821581840515, 0.8261904716491699, 0.8339285850524902, 0.8370535969734192, 0.8441964387893677], "base_val_loss": [2.272426128387451, 5.808565139770508, 2.4889938831329346, 0.5649141073226929, 0.3915467858314514, 0.3657964766025543, 0.42620617151260376, 0.6388243436813354, 0.4581001102924347, 0.6050882935523987], "base_val_accuracy": [0.5515695214271545, 0.5515695214271545, 0.5515695214271545, 0.6547085046768188, 0.8609865307807922, 0.8565022349357605, 0.7847533822059631, 0.6681614518165588, 0.7623318433761597, 0.6995515823364258]}