{"ensemble_loss": [0.5827980637550354, 0.4336792528629303, 0.35961589217185974, 0.3129507303237915, 0.27988922595977783, 0.2547682821750641, 0.23468232154846191, 0.21816523373126984, 0.20420144498348236, 0.19229643046855927], "ensemble_accuracy": [0.7102678418159485, 0.8741071224212646, 0.9058035612106323, 0.9205357432365417, 0.9299107193946838, 0.9401785731315613, 0.9459821581840515, 0.9473214149475098, 0.9535714387893677, 0.9593750238418579], "ensemble_val_loss": [0.5049834251403809, 0.42935246229171753, 0.3861355185508728, 0.35143885016441345, 0.31969571113586426, 0.29087579250335693, 0.2673903703689575, 0.2489343285560608, 0.23438723385334015, 0.2231125682592392], "ensemble_val_accuracy": [0.8208954930305481, 0.8208954930305481, 0.8507462739944458, 0.8507462739944458, 0.8507462739944458, 0.8507462739944458, 0.8805969953536987, 0.8805969953536987, 0.8805969953536987, 0.8805969953536987], "ensemble_no_transfer_learning_ensemble_loss": [0.35472550988197327, 0.17241297662258148, 0.12015484273433685, 0.09368287026882172, 0.07681320607662201, 0.0649900808930397, 0.05618257820606232, 0.049249645322561264, 0.043686967343091965, 0.039061274379491806], "ensemble_no_transfer_learning_ensemble_accuracy": [0.8763392567634583, 0.9611607193946838, 0.9767857193946838, 0.984375, 0.9892857074737549, 0.9897321462631226, 0.9933035969734192, 0.9941964149475098, 0.9955357313156128, 0.9959821701049805], "ensemble_no_transfer_learning_ensemble_val_loss": [0.6965808272361755, 0.8220135569572449, 1.0027629137039185, 1.043310284614563, 0.8497276306152344, 0.5661970973014832, 0.3428933322429657, 0.19931931793689728, 0.11845691502094269, 0.07850934565067291], "ensemble_no_transfer_learning_ensemble_val_accuracy": [0.5522388219833374, 0.5522388219833374, 0.5522388219833374, 0.5522388219833374, 0.5522388219833374, 0.5522388219833374, 0.8059701323509216, 0.9552238583564758, 0.9701492786407471, 0.9701492786407471]}