{"ensemble_loss": [0.5673012137413025, 0.5046384930610657, 0.47563448548316956, 0.4555284380912781, 0.4399087429046631, 0.4271632134914398, 0.4163297414779663, 0.40709424018859863, 0.3989035189151764, 0.391513466835022], "ensemble_accuracy": [0.686904788017273, 0.7322916388511658, 0.7696428298950195, 0.791815459728241, 0.803720235824585, 0.8129464387893677, 0.8186011910438538, 0.8257440328598022, 0.8316964507102966, 0.8352678418159485], "ensemble_val_loss": [0.6338023543357849, 0.5999835133552551, 0.5689835548400879, 0.5495332479476929, 0.5330274701118469, 0.5194399952888489, 0.508262574672699, 0.4990921914577484, 0.4906236529350281, 0.48270276188850403], "ensemble_val_accuracy": [0.6502242088317871, 0.7399103045463562, 0.7354260087013245, 0.7443946003913879, 0.7578475475311279, 0.7892376780509949, 0.7757847309112549, 0.7757847309112549, 0.7937219738960266, 0.8071748614311218], "ensemble_no_transfer_learning_ensemble_loss": [0.5259584784507751, 0.43732690811157227, 0.39282724261283875, 0.3645414113998413, 0.3448070287704468, 0.329811155796051, 0.31407445669174194, 0.3000958561897278, 0.28764423727989197, 0.27865108847618103], "ensemble_no_transfer_learning_ensemble_accuracy": [0.7205356955528259, 0.8011904954910278, 0.8302083611488342, 0.8479166626930237, 0.8578869104385376, 0.8659226298332214, 0.8715773820877075, 0.8813987970352173, 0.883779764175415, 0.8873512148857117], "ensemble_no_transfer_learning_ensemble_val_loss": [2.323136329650879, 4.881122589111328, 2.090484380722046, 0.6240492463111877, 0.41328495740890503, 0.45532485842704773, 0.41817548871040344, 0.42818883061408997, 0.5971591472625732, 0.45340341329574585], "ensemble_no_transfer_learning_ensemble_val_accuracy": [0.47533631324768066, 0.47533631324768066, 0.4663677215576172, 0.6502242088317871, 0.8206278085708618, 0.7309417128562927, 0.7757847309112549, 0.7578475475311279, 0.6771300435066223, 0.7668161392211914]}