{"baseline_loss": [2.2620689868927, 1.7713674306869507, 1.5699009895324707, 1.448512315750122, 1.3694641590118408, 1.2999517917633057, 1.25071382522583, 1.2158185243606567, 1.154749870300293, 1.133194088935852], "baseline_accuracy": [0.21348683536052704, 0.4422697424888611, 0.5902960300445557, 0.6628289222717285, 0.6983552575111389, 0.7105262875556946, 0.7274671196937561, 0.7286184430122375, 0.7550987005233765, 0.7523026466369629], "baseline_val_loss": [2.146775484085083, 1.804132342338562, 1.6056698560714722, 1.502267837524414, 1.4192326068878174, 1.375247597694397, 1.316964030265808, 1.2794855833053589, 1.2511762380599976, 1.2325297594070435], "baseline_val_accuracy": [0.2153846174478531, 0.4153846204280853, 0.4871794879436493, 0.5794872045516968, 0.6307692527770996, 0.6153846383094788, 0.6410256624221802, 0.6461538672447205, 0.6666666865348816, 0.6769230961799622], "baseline_no_transfer_learning_base_loss": [2.0194661617279053, 1.6573829650878906, 1.4930493831634521, 1.38026762008667, 1.28926682472229, 1.2118644714355469, 1.144668698310852, 1.0844799280166626, 1.0300401449203491, 0.980728805065155], "baseline_no_transfer_learning_base_accuracy": [0.3912828862667084, 0.5485197305679321, 0.6055921316146851, 0.643750011920929, 0.6710526347160339, 0.6899670958518982, 0.7105262875556946, 0.7307565808296204, 0.7450658082962036, 0.7559210658073425], "baseline_no_transfer_learning_base_val_loss": [2.5675604343414307, 2.1846861839294434, 1.6142964363098145, 1.3640402555465698, 1.2537376880645752, 1.1832733154296875, 1.1342185735702515, 1.0829517841339111, 1.0455703735351562, 1.0068007707595825], "baseline_no_transfer_learning_base_val_accuracy": [0.10256410390138626, 0.20512820780277252, 0.49743589758872986, 0.5897436141967773, 0.6256410479545593, 0.6358974575996399, 0.6615384817123413, 0.6820513010025024, 0.7025641202926636, 0.7179487347602844]}