{"ensemble_loss": [1.6771297454833984, 1.4460192918777466, 1.35067617893219, 1.289785623550415, 1.2441692352294922, 1.2084850072860718, 1.1789941787719727, 1.1539536714553833, 1.1321362257003784, 1.112785816192627], "ensemble_accuracy": [0.4808928668498993, 0.6007440686225891, 0.6335119009017944, 0.6530059576034546, 0.6673809289932251, 0.6790178418159485, 0.6880059242248535, 0.696279764175415, 0.7039880752563477, 0.7112500071525574], "ensemble_val_loss": [1.49274742603302, 1.3546284437179565, 1.2813810110092163, 1.2288621664047241, 1.1893764734268188, 1.1583462953567505, 1.133065104484558, 1.1113755702972412, 1.091878056526184, 1.075229287147522], "ensemble_val_accuracy": [0.5589285492897034, 0.6035714149475098, 0.6482142806053162, 0.6741071343421936, 0.6848214268684387, 0.6875, 0.6946428418159485, 0.6964285969734192, 0.7044642567634583, 0.7080357074737549], "ensemble_no_transfer_learning_ensemble_loss": [1.4009774923324585, 1.1131879091262817, 0.9941191077232361, 0.917242169380188, 0.8597776293754578, 0.8102593421936035, 0.7697789669036865, 0.7354767322540283, 0.7058932781219482, 0.67967689037323], "ensemble_no_transfer_learning_ensemble_accuracy": [0.5843750238418579, 0.681071400642395, 0.7184821367263794, 0.7448809742927551, 0.7623809576034546, 0.7754166722297668, 0.7892857193946838, 0.8036309480667114, 0.8165476322174072, 0.8268154859542847], "ensemble_no_transfer_learning_ensemble_val_loss": [1.2434364557266235, 1.198159098625183, 1.1089450120925903, 1.1383283138275146, 0.9461301565170288, 0.8838648200035095, 0.8263154029846191, 0.8141612410545349, 0.7818706035614014, 0.7787467241287231], "ensemble_no_transfer_learning_ensemble_val_accuracy": [0.5642856955528259, 0.53125, 0.5678571462631226, 0.5517857074737549, 0.6714285612106323, 0.7116071581840515, 0.7642857432365417, 0.7848214507102966, 0.8276785612106323, 0.7982142567634583]}