{"base_loss": [0.4454582631587982, 0.24258938431739807, 0.17738427221775055, 0.1441469043493271, 0.12298743426799774, 0.10734642297029495, 0.0962040051817894, 0.08675696700811386, 0.07909601926803589, 0.07247282564640045], "base_accuracy": [0.8107143044471741, 0.9258928298950195, 0.9477678537368774, 0.9607142806053162, 0.9669643044471741, 0.9714285731315613, 0.9723214507102966, 0.9776785969734192, 0.9808035492897034, 0.9821428656578064], "base_val_loss": [0.6428073644638062, 0.6123653054237366, 0.5860714316368103, 0.5168654918670654, 0.4262431859970093, 0.3603435456752777, 0.2506522834300995, 0.1399211436510086, 0.08442891389131546, 0.061835601925849915], "base_val_accuracy": [0.6865671873092651, 0.6865671873092651, 0.6865671873092651, 0.6865671873092651, 0.9104477763175964, 0.9104477763175964, 0.9104477763175964, 0.9552238583564758, 0.9701492786407471, 1.0]}