{"baseline_loss": [2.7083163261413574, 2.0430808067321777, 1.718680500984192, 1.5080934762954712, 1.363865852355957, 1.2452808618545532, 1.1573591232299805, 1.0818678140640259, 1.0260430574417114, 0.9688817262649536], "baseline_accuracy": [0.2981139123439789, 0.43640902638435364, 0.497540682554245, 0.5343934893608093, 0.5610761642456055, 0.5843010544776917, 0.605436384677887, 0.6276072263717651, 0.6385539770126343, 0.6621856689453125], "baseline_val_loss": [2.3309075832366943, 1.9478862285614014, 1.6792386770248413, 1.5357680320739746, 1.4378501176834106, 1.3710752725601196, 1.2891523838043213, 1.2528572082519531, 1.2106150388717651, 1.1942857503890991], "baseline_val_accuracy": [0.3298167586326599, 0.41476956009864807, 0.4636313021183014, 0.4602998197078705, 0.44586339592933655, 0.4564130902290344, 0.4875069260597229, 0.4736257493495941, 0.5013881325721741, 0.4919489026069641]}