{"baseline_loss": [4.203124523162842, 3.7055578231811523, 3.357065200805664, 3.0394439697265625, 2.762934446334839, 2.518747329711914, 2.3116159439086914, 2.1189587116241455, 1.96815824508667, 1.8268229961395264], "baseline_accuracy": [0.07488567382097244, 0.18235518038272858, 0.28734755516052246, 0.369283527135849, 0.4296112656593323, 0.4958079159259796, 0.5448170900344849, 0.5775533318519592, 0.6104421019554138, 0.6269817352294922], "baseline_val_loss": [3.915318489074707, 3.55167818069458, 3.239478826522827, 2.9378433227539062, 2.723314046859741, 2.5104851722717285, 2.3108646869659424, 2.215195655822754, 2.049821138381958, 1.976886510848999], "baseline_val_accuracy": [0.09342560917139053, 0.22491349279880524, 0.30103805661201477, 0.3863898515701294, 0.40599769353866577, 0.439446359872818, 0.48558247089385986, 0.5051903128623962, 0.5397923588752747, 0.5144175291061401]}