{"ensemble_loss": [3.767843723297119, 3.553361654281616, 3.448326826095581, 3.373281478881836, 3.311988592147827, 3.257507562637329, 3.209836483001709, 3.166743516921997, 3.126965284347534, 3.090780019760132], "ensemble_accuracy": [0.08110795170068741, 0.1697443127632141, 0.1958806812763214, 0.21860794723033905, 0.24928976595401764, 0.27656251192092896, 0.2995738685131073, 0.3194602131843567, 0.3404829502105713, 0.3580965995788574], "ensemble_val_loss": [3.7207558155059814, 3.5624430179595947, 3.464390516281128, 3.402839183807373, 3.3492774963378906, 3.304415702819824, 3.2627737522125244, 3.2256243228912354, 3.1922857761383057, 3.1606760025024414], "ensemble_val_accuracy": [0.12334802001714706, 0.1409691572189331, 0.1850220263004303, 0.15859030187129974, 0.1629955917596817, 0.1629955917596817, 0.17621144652366638, 0.1850220263004303, 0.19823788106441498, 0.2731277644634247], "ensemble_no_transfer_learning_ensemble_loss": [3.421241283416748, 3.026172161102295, 2.7934634685516357, 2.617121934890747, 2.4768738746643066, 2.362036943435669, 2.2661287784576416, 2.1843647956848145, 2.1136558055877686, 2.051454782485962], "ensemble_no_transfer_learning_ensemble_accuracy": [0.18593749403953552, 0.3392045497894287, 0.42769885063171387, 0.4970170557498932, 0.5539772510528564, 0.5924715995788574, 0.629119336605072, 0.6545454263687134, 0.6717329621315002, 0.6875], "ensemble_no_transfer_learning_ensemble_val_loss": [3.9926552772521973, 3.6906116008758545, 3.045971393585205, 2.8336246013641357, 2.725161075592041, 2.6490907669067383, 2.5959439277648926, 2.5471813678741455, 2.516930103302002, 2.4778542518615723], "ensemble_no_transfer_learning_ensemble_val_accuracy": [0.017621144652366638, 0.035242289304733276, 0.1850220263004303, 0.28634360432624817, 0.34361234307289124, 0.3480176329612732, 0.36563876271247864, 0.39647576212882996, 0.40969163179397583, 0.4361233413219452]}