{"baseline_loss": [4.227822303771973, 3.663114309310913, 3.261399745941162, 2.9256794452667236, 2.6473171710968018, 2.4021289348602295, 2.18072247505188, 1.9946134090423584, 1.8233096599578857, 1.6718634366989136], "baseline_accuracy": [0.072530597448349, 0.1734265685081482, 0.2756774425506592, 0.38883304595947266, 0.4622814655303955, 0.5267919301986694, 0.5837412476539612, 0.6302447319030762, 0.658566415309906, 0.6860139966011047], "baseline_val_loss": [3.970780372619629, 3.583329200744629, 3.3195929527282715, 3.688157558441162, 2.7617995738983154, 2.504566192626953, 3.031015396118164, 5.339748382568359, 6.9633684158325195, 2.0250589847564697], "baseline_val_accuracy": [0.11791831254959106, 0.19038207828998566, 0.22068510949611664, 0.11660078912973404, 0.34650856256484985, 0.47233203053474426, 0.21080368757247925, 0.12582345306873322, 0.1409749686717987, 0.4789196252822876]}