{"baseline_loss": [3.015895128250122, 2.4747214317321777, 2.144880771636963, 1.924891471862793, 1.7632542848587036, 1.6311864852905273, 1.5369819402694702, 1.4539072513580322, 1.3777703046798706, 1.322463870048523], "baseline_accuracy": [0.23467987775802612, 0.3287157118320465, 0.3854230046272278, 0.4274199604988098, 0.4542301893234253, 0.47658154368400574, 0.4981516897678375, 0.5077934265136719, 0.5211508870124817, 0.5324695110321045], "baseline_val_loss": [2.668360710144043, 2.285646438598633, 2.006391763687134, 1.8548054695129395, 1.7587671279907227, 1.6401197910308838, 1.5143158435821533, 1.5303748846054077, 1.4257028102874756, 1.4729390144348145], "baseline_val_accuracy": [0.2706896662712097, 0.3178160786628723, 0.39022988080978394, 0.3971264362335205, 0.3770115077495575, 0.41494253277778625, 0.42241379618644714, 0.431609183549881, 0.42241379618644714, 0.4051724076271057]}