{"ensemble_loss": [1.9529775381088257, 1.5624927282333374, 1.4270211458206177, 1.350537896156311, 1.3017020225524902, 1.2675772905349731, 1.242324948310852, 1.222529649734497, 1.2064075469970703, 1.1932884454727173], "ensemble_accuracy": [0.5147979855537415, 0.6009657979011536, 0.6251720786094666, 0.6374555826187134, 0.6508104205131531, 0.6601076722145081, 0.6667351126670837, 0.671875, 0.6761545538902283, 0.6801342964172363], "ensemble_val_loss": [1.63825261592865, 1.4612319469451904, 1.3708264827728271, 1.3184422254562378, 1.283324956893921, 1.2589564323425293, 1.2406903505325317, 1.2260205745697021, 1.2140772342681885, 1.2043756246566772], "ensemble_val_accuracy": [0.5706666707992554, 0.6048333048820496, 0.6221666932106018, 0.6301666498184204, 0.6399999856948853, 0.6480000019073486, 0.6536666750907898, 0.6596666574478149, 0.6616666913032532, 0.6656666398048401], "ensemble_no_transfer_learning_ensemble_loss": [1.3655750751495361, 0.9975712299346924, 0.8669338822364807, 0.7673030495643616, 0.6950298547744751, 0.6405965685844421, 0.6027227640151978, 0.5745058655738831, 0.5528639554977417, 0.5281798839569092], "ensemble_no_transfer_learning_ensemble_accuracy": [0.6218361258506775, 0.708775520324707, 0.7455928325653076, 0.7820159792900085, 0.8201931715011597, 0.8403752446174622, 0.8591141104698181, 0.8731682896614075, 0.883375883102417, 0.8908636569976807], "ensemble_no_transfer_learning_ensemble_val_loss": [1.1574501991271973, 1.0545819997787476, 1.0396454334259033, 1.004292368888855, 0.9677093625068665, 0.9263671636581421, 0.9291395545005798, 0.9416182637214661, 0.9486569166183472, 0.9089126586914062], "ensemble_no_transfer_learning_ensemble_val_accuracy": [0.6610000133514404, 0.6786666512489319, 0.6823333501815796, 0.7045000195503235, 0.7229999899864197, 0.7361666560173035, 0.73416668176651, 0.7366666793823242, 0.7423333525657654, 0.7574999928474426]}