{"baseline_loss": [1.9547184705734253, 1.616631269454956, 1.4928553104400635, 1.4184941053390503, 1.3519792556762695, 1.3062902688980103, 1.249831199645996, 1.2069698572158813, 1.1698030233383179, 1.1396410465240479], "baseline_accuracy": [0.34941086173057556, 0.4366290867328644, 0.4631659984588623, 0.4884989857673645, 0.5101690292358398, 0.5273565649986267, 0.5478227734565735, 0.5624743700027466, 0.5756403803825378, 0.5865778923034668], "baseline_val_loss": [1.8243181705474854, 1.6838431358337402, 1.81564199924469, 1.6771094799041748, 1.615649700164795, 1.707165002822876, 1.781916856765747, 1.6649620532989502, 1.6894735097885132, 1.7725671529769897], "baseline_val_accuracy": [0.3163580298423767, 0.3433642089366913, 0.27623456716537476, 0.35956791043281555, 0.30709877610206604, 0.33179011940956116, 0.3155864179134369, 0.3341049253940582, 0.34259259700775146, 0.3233024775981903]}