{"baseline_loss": [2.967334270477295, 2.135789394378662, 1.7672927379608154, 1.5564831495285034, 1.407326579093933, 1.3020464181900024, 1.2168257236480713, 1.1417957544326782, 1.0775421857833862, 1.030877947807312], "baseline_accuracy": [0.27138033509254456, 0.4197942912578583, 0.48059046268463135, 0.517533004283905, 0.5508087277412415, 0.5764211416244507, 0.6005339026451111, 0.6219613552093506, 0.6421718001365662, 0.6580402255058289], "baseline_val_loss": [2.544968366622925, 2.128539562225342, 1.874284029006958, 1.7444407939910889, 1.6274093389511108, 1.5502309799194336, 1.529226541519165, 1.5078157186508179, 1.6241172552108765, 1.568399429321289], "baseline_val_accuracy": [0.3284533619880676, 0.3785123825073242, 0.4179456830024719, 0.4236127436161041, 0.4316410720348358, 0.44935065507888794, 0.4484061300754547, 0.4460448622703552, 0.4363636374473572, 0.430696576833725]}