{"baseline_loss": [1.1132527589797974, 0.7753204107284546, 0.6833815574645996, 0.617469847202301, 0.5761615037918091, 0.5450464487075806, 0.5238280296325684, 0.5083280801773071, 0.49265405535697937, 0.4778599739074707], "baseline_accuracy": [0.4537828862667084, 0.7287828922271729, 0.7807565927505493, 0.8041118383407593, 0.8108552694320679, 0.8286184072494507, 0.8345394730567932, 0.835197389125824, 0.8370065689086914, 0.8460526466369629], "baseline_val_loss": [1.1044305562973022, 0.9842873215675354, 0.8578581809997559, 0.8439067006111145, 0.7493707537651062, 0.7182658314704895, 0.707153856754303, 0.6538388729095459, 0.6543566584587097, 0.6675505638122559], "baseline_val_accuracy": [0.4285714328289032, 0.5510203838348389, 0.6326530575752258, 0.6071428656578064, 0.6377550959587097, 0.6377550959587097, 0.6734693646430969, 0.704081654548645, 0.6989796161651611, 0.6836734414100647], "baseline_no_transfer_learning_base_loss": [0.8050063848495483, 0.598145604133606, 0.5327810049057007, 0.4894574284553528, 0.4557574987411499, 0.4281405508518219, 0.4040054976940155, 0.38239264488220215, 0.36263352632522583, 0.3447491228580475], "baseline_no_transfer_learning_base_accuracy": [0.7220394611358643, 0.8065789341926575, 0.8276315927505493, 0.8402960300445557, 0.8506578803062439, 0.8587170839309692, 0.8651315569877625, 0.8756579160690308, 0.8822368383407593, 0.8883223533630371], "baseline_no_transfer_learning_base_val_loss": [1.4443421363830566, 0.9903774857521057, 0.6766906380653381, 0.5840309858322144, 0.5389860272407532, 0.5146961808204651, 0.49968117475509644, 0.4827602505683899, 0.47510677576065063, 0.4468817710876465], "baseline_no_transfer_learning_base_val_accuracy": [0.29591837525367737, 0.4897959232330322, 0.7653061151504517, 0.8163265585899353, 0.831632673740387, 0.8265306353569031, 0.831632673740387, 0.8367347121238708, 0.8520408272743225, 0.8520408272743225]}