{"baseline_loss": [2.4953622817993164, 1.794298768043518, 1.4847691059112549, 1.2882899045944214, 1.153864860534668, 1.0575846433639526, 0.9775494337081909, 0.9129694700241089, 0.8634600639343262, 0.8233000040054321], "baseline_accuracy": [0.3492273986339569, 0.49821263551712036, 0.5670318007469177, 0.604116678237915, 0.6337292194366455, 0.655235230922699, 0.6751037836074829, 0.69163978099823, 0.7030557990074158, 0.7160285711288452], "baseline_val_loss": [2.0450551509857178, 1.6332470178604126, 1.4504690170288086, 1.3639153242111206, 1.2070730924606323, 1.1412265300750732, 1.0650914907455444, 1.0181562900543213, 1.1056432723999023, 0.959772527217865], "baseline_val_accuracy": [0.41107267141342163, 0.5103806257247925, 0.5332179665565491, 0.537024199962616, 0.5757785439491272, 0.5923875570297241, 0.6117647290229797, 0.6266435980796814, 0.5944636464118958, 0.633217990398407]}