{"baseline_loss": [2.0918164253234863, 1.6465578079223633, 1.5007522106170654, 1.422594428062439, 1.3574525117874146, 1.3037989139556885, 1.2566425800323486, 1.2339234352111816, 1.211652398109436, 1.1871459484100342], "baseline_accuracy": [0.3528293967247009, 0.451731413602829, 0.4689611494541168, 0.48015204071998596, 0.5007601380348206, 0.5132601261138916, 0.5294763445854187, 0.5387669205665588, 0.549662172794342, 0.5584881901741028], "baseline_val_loss": [1.9173102378845215, 1.67023766040802, 1.6148014068603516, 1.5323576927185059, 1.4907938241958618, 1.4495823383331299, 1.5074045658111572, 1.4506198167800903, 1.4581284523010254, 1.4929933547973633], "baseline_val_accuracy": [0.29516538977622986, 0.39694657921791077, 0.37277352809906006, 0.4134860038757324, 0.3982188403606415, 0.42875316739082336, 0.38167938590049744, 0.40712466835975647, 0.4096692204475403, 0.39567428827285767]}