{"base_loss": [0.6574674248695374, 0.4733264148235321, 0.42315128445625305, 0.4020013213157654, 0.3869894742965698, 0.3755705654621124, 0.3671068251132965, 0.35966700315475464, 0.35292375087738037, 0.3484373390674591], "base_accuracy": [0.7954166531562805, 0.8418750166893005, 0.8485416769981384, 0.8547916412353516, 0.8577083349227905, 0.8612499833106995, 0.8637499809265137, 0.8637499809265137, 0.8668749928474426, 0.8708333373069763], "base_val_loss": [1.8849645853042603, 3.8778398036956787, 5.4725236892700195, 3.2801930904388428, 0.7080900073051453, 0.35957595705986023, 0.4001167416572571, 0.3987477123737335, 0.32019323110580444, 0.34463953971862793], "base_val_accuracy": [0.31578946113586426, 0.28947368264198303, 0.28947368264198303, 0.28947368264198303, 0.7236841917037964, 0.8947368264198303, 0.8881579041481018, 0.8881579041481018, 0.8815789222717285, 0.8815789222717285]}