{"ensemble_loss": [3.049855947494507, 2.8480513095855713, 2.7583911418914795, 2.6978647708892822, 2.649789333343506, 2.60957670211792, 2.5748162269592285, 2.543783187866211, 2.5158181190490723, 2.490354537963867], "ensemble_accuracy": [0.1538352221250534, 0.22741477191448212, 0.25284090638160706, 0.27301135659217834, 0.2982954680919647, 0.32045453786849976, 0.33579546213150024, 0.34985795617103577, 0.3609375059604645, 0.373153418302536], "ensemble_val_loss": [2.953017234802246, 2.835371494293213, 2.7638611793518066, 2.721572160720825, 2.693247079849243, 2.6699106693267822, 2.6474201679229736, 2.6265296936035156, 2.608700752258301, 2.593200445175171], "ensemble_val_accuracy": [0.16740088164806366, 0.2378854602575302, 0.24229075014591217, 0.25550660490989685, 0.27753305435180664, 0.27753305435180664, 0.2819383144378662, 0.28634360432624817, 0.28634360432624817, 0.28634360432624817], "ensemble_no_transfer_learning_ensemble_loss": [2.781193971633911, 2.499882936477661, 2.3478615283966064, 2.2298057079315186, 2.133629560470581, 2.0525882244110107, 1.9818490743637085, 1.9181798696517944, 1.8598307371139526, 1.8074140548706055], "ensemble_no_transfer_learning_ensemble_accuracy": [0.24346591532230377, 0.36619317531585693, 0.4215908944606781, 0.46164771914482117, 0.4900568127632141, 0.5224431753158569, 0.5430397987365723, 0.5643466114997864, 0.5832386612892151, 0.5987215638160706], "ensemble_no_transfer_learning_ensemble_val_loss": [3.2682301998138428, 3.013359785079956, 2.568755865097046, 2.4608752727508545, 2.402860164642334, 2.3524765968322754, 2.321742296218872, 2.2971785068511963, 2.2682363986968994, 2.248025894165039], "ensemble_no_transfer_learning_ensemble_val_accuracy": [0.07048457860946655, 0.07929515093564987, 0.24229075014591217, 0.3876652121543884, 0.38325992226600647, 0.36563876271247864, 0.3876652121543884, 0.36563876271247864, 0.3876652121543884, 0.38325992226600647]}