{"ensemble_loss": [1.861353874206543, 1.7034151554107666, 1.636915683746338, 1.5923229455947876, 1.5576082468032837, 1.5294593572616577, 1.5056886672973633, 1.4850391149520874, 1.4669735431671143, 1.451033115386963], "ensemble_accuracy": [0.24163851141929626, 0.2741554081439972, 0.2912162244319916, 0.30202701687812805, 0.31418919563293457, 0.32533782720565796, 0.33530405163764954, 0.3425675630569458, 0.3489864766597748, 0.35506758093833923], "ensemble_val_loss": [1.7838397026062012, 1.6836620569229126, 1.626724362373352, 1.5857857465744019, 1.5547255277633667, 1.5298237800598145, 1.5093811750411987, 1.4902617931365967, 1.4737508296966553, 1.4593952894210815], "ensemble_val_accuracy": [0.2724935710430145, 0.2802056670188904, 0.29048842191696167, 0.30077120661735535, 0.32647815346717834, 0.33933162689208984, 0.3341902196407318, 0.33933162689208984, 0.3187660574913025, 0.34190231561660767], "ensemble_no_transfer_learning_ensemble_loss": [1.7679251432418823, 1.5623791217803955, 1.4508622884750366, 1.3903765678405762, 1.3533480167388916, 1.327527403831482, 1.3095629215240479, 1.2959579229354858, 1.284778118133545, 1.274100422859192], "ensemble_no_transfer_learning_ensemble_accuracy": [0.25988176465034485, 0.3263513445854187, 0.3526182472705841, 0.36714527010917664, 0.37694257497787476, 0.38369932770729065, 0.3856419026851654, 0.388766884803772, 0.39459457993507385, 0.3962837755680084], "ensemble_no_transfer_learning_ensemble_val_loss": [2.1217041015625, 1.5552581548690796, 1.5015408992767334, 1.4238063097000122, 1.4048902988433838, 1.368155598640442, 1.389527440071106, 1.3687777519226074, 1.392247200012207, 1.375607967376709], "ensemble_no_transfer_learning_ensemble_val_accuracy": [0.16966581344604492, 0.30077120661735535, 0.31619536876678467, 0.32647815346717834, 0.311053991317749, 0.3239074647426605, 0.285347044467926, 0.2724935710430145, 0.259640097618103, 0.259640097618103]}