{"ensemble_loss": [0.6004319787025452, 0.5508247017860413, 0.527816653251648, 0.5109472274780273, 0.49735549092292786, 0.4859509766101837, 0.47585251927375793, 0.4666232168674469, 0.45751866698265076, 0.4480563700199127], "ensemble_accuracy": [0.6880456209182739, 0.7514384984970093, 0.7728670835494995, 0.7848710417747498, 0.7933035492897034, 0.8005456328392029, 0.8069940209388733, 0.8114087581634521, 0.8154265880584717, 0.8184027671813965], "ensemble_val_loss": [0.5937013030052185, 0.5608175992965698, 0.5381216406822205, 0.5225844383239746, 0.5102729797363281, 0.5000880360603333, 0.4908934533596039, 0.48255541920661926, 0.4729796350002289, 0.46353352069854736], "ensemble_val_accuracy": [0.693233072757721, 0.7203007340431213, 0.7473683953285217, 0.7593985199928284, 0.7654135227203369, 0.7699248194694519, 0.7684210538864136, 0.7789473533630371, 0.790977418422699, 0.8015037775039673], "ensemble_no_transfer_learning_ensemble_loss": [0.559331476688385, 0.4716755151748657, 0.43188413977622986, 0.40508610010147095, 0.38180187344551086, 0.36424705386161804, 0.3476233184337616, 0.3354262113571167, 0.3225037455558777, 0.31227147579193115], "ensemble_no_transfer_learning_ensemble_accuracy": [0.7186011672019958, 0.7884920835494995, 0.8102678656578064, 0.8219742178916931, 0.8339285850524902, 0.8430555462837219, 0.8496527671813965, 0.8562995791435242, 0.8614087104797363, 0.8663194179534912], "ensemble_no_transfer_learning_ensemble_val_loss": [0.8918898701667786, 0.5409526824951172, 0.4986356198787689, 0.49090075492858887, 0.5028955936431885, 0.44491592049598694, 0.4288914203643799, 0.45053744316101074, 0.4315126836299896, 0.4646812975406647], "ensemble_no_transfer_learning_ensemble_val_accuracy": [0.523308277130127, 0.718796968460083, 0.7518796920776367, 0.7609022259712219, 0.7263157963752747, 0.8135338425636292, 0.8330827355384827, 0.7864661812782288, 0.8285714387893677, 0.7609022259712219]}