{"base_loss": [1.6397626399993896, 1.5033414363861084, 1.4434387683868408, 1.402917742729187, 1.3710604906082153, 1.3421202898025513, 1.3171273469924927, 1.2939127683639526, 1.274051308631897, 1.2544957399368286], "base_accuracy": [0.375, 0.4521634578704834, 0.47932693362236023, 0.49447116255760193, 0.503125011920929, 0.5153846144676208, 0.5262019038200378, 0.5322115421295166, 0.5478365421295166, 0.5528846383094788], "base_val_loss": [2.0610883235931396, 2.387571334838867, 2.4305057525634766, 1.9271992444992065, 1.5228259563446045, 1.4095555543899536, 1.4296000003814697, 1.4588778018951416, 1.45575749874115, 1.4652202129364014], "base_val_accuracy": [0.11627907305955887, 0.11627907305955887, 0.12403100728988647, 0.21705426275730133, 0.3720930218696594, 0.40310078859329224, 0.3798449635505676, 0.3798449635505676, 0.3720930218696594, 0.3643410801887512]}