{"ensemble_loss": [1.5817912817001343, 1.541493535041809, 1.5164775848388672, 1.4973094463348389, 1.4819635152816772, 1.469082236289978, 1.4578696489334106, 1.4480056762695312, 1.4390883445739746, 1.4309757947921753], "ensemble_accuracy": [0.32017046213150024, 0.3704545497894287, 0.3852272629737854, 0.39375001192092896, 0.4011363685131073, 0.4153409004211426, 0.42443183064460754, 0.4309659004211426, 0.43920454382896423, 0.44573864340782166], "ensemble_val_loss": [1.5526432991027832, 1.5180635452270508, 1.4907243251800537, 1.4673858880996704, 1.4433037042617798, 1.4237719774246216, 1.4085158109664917, 1.3958367109298706, 1.3860565423965454, 1.377069354057312], "ensemble_val_accuracy": [0.37931033968925476, 0.4137931168079376, 0.4655172526836395, 0.42241379618644714, 0.4051724076271057, 0.4051724076271057, 0.42241379618644714, 0.42241379618644714, 0.4396551847457886, 0.4396551847457886], "ensemble_no_transfer_learning_ensemble_loss": [1.5499236583709717, 1.4754561185836792, 1.423364520072937, 1.3838486671447754, 1.3489547967910767, 1.318991780281067, 1.2941272258758545, 1.2721339464187622, 1.2506967782974243, 1.2339317798614502], "ensemble_no_transfer_learning_ensemble_accuracy": [0.334090918302536, 0.4210227131843567, 0.46193182468414307, 0.47698864340782166, 0.49744316935539246, 0.5144886374473572, 0.5269886255264282, 0.5377840995788574, 0.550568163394928, 0.5599431991577148], "ensemble_no_transfer_learning_ensemble_val_loss": [1.644498586654663, 1.8305524587631226, 1.9322412014007568, 1.9132250547409058, 1.7545371055603027, 1.548932671546936, 1.4489805698394775, 1.3911356925964355, 1.3395731449127197, 1.3586699962615967], "ensemble_no_transfer_learning_ensemble_val_accuracy": [0.21551723778247833, 0.21551723778247833, 0.21551723778247833, 0.21551723778247833, 0.3103448152542114, 0.32758620381355286, 0.4137931168079376, 0.38793104887008667, 0.4051724076271057, 0.4051724076271057]}