{"ensemble_loss": [0.35283660888671875, 0.1330733746290207, 0.07218936085700989, 0.049742624163627625, 0.03702767938375473, 0.02911975607275963, 0.024126410484313965, 0.020726008340716362, 0.01759469509124756, 0.015512080863118172], "ensemble_accuracy": [0.909943163394928, 0.9877840876579285, 0.9937499761581421, 0.9957386255264282, 0.996874988079071, 0.9982954263687134, 0.9988636374473572, 0.9997159242630005, 1.0, 1.0], "ensemble_val_loss": [0.6970514059066772, 0.9160999655723572, 1.6109228134155273, 2.2464656829833984, 1.2821310758590698, 0.21969999372959137, 0.036445893347263336, 0.01713668927550316, 0.011827370151877403, 0.010098358616232872], "ensemble_val_accuracy": [0.5752212405204773, 0.40707963705062866, 0.40707963705062866, 0.40707963705062866, 0.4159291982650757, 0.9646017551422119, 1.0, 1.0, 1.0, 1.0]}