{"base_loss": [0.6716721057891846, 0.6517587304115295, 0.643802285194397, 0.6366459131240845, 0.6283959746360779, 0.6188831329345703, 0.6077036261558533, 0.5951245427131653, 0.5847171545028687, 0.5726388692855835], "base_accuracy": [0.5815625190734863, 0.6146875023841858, 0.629687488079071, 0.6393749713897705, 0.6528124809265137, 0.6681249737739563, 0.6734374761581421, 0.6884375214576721, 0.7003124952316284, 0.7049999833106995], "base_val_loss": [0.707072377204895, 0.6791673898696899, 0.6476104855537415, 0.6340190768241882, 0.6155805587768555, 0.6002645492553711, 0.5840349793434143, 0.5639222264289856, 0.5431252717971802, 0.614955484867096], "base_val_accuracy": [0.49514561891555786, 0.553398072719574, 0.6990291476249695, 0.6601941585540771, 0.7572815418243408, 0.7572815418243408, 0.737864077091217, 0.7184466123580933, 0.8252426981925964, 0.6116504669189453]}