{"baseline_loss": [2.496683120727539, 2.123582363128662, 1.9116787910461426, 1.7836369276046753, 1.7030630111694336, 1.6273655891418457, 1.5682779550552368, 1.526371955871582, 1.4831629991531372, 1.4574211835861206], "baseline_accuracy": [0.15148025751113892, 0.2945723831653595, 0.4504934251308441, 0.5062500238418579, 0.5417762994766235, 0.5902960300445557, 0.6011512875556946, 0.6225329041481018, 0.637499988079071, 0.6513158082962036], "baseline_val_loss": [2.349259853363037, 1.9831569194793701, 1.8039119243621826, 1.7019367218017578, 1.6300462484359741, 1.5785202980041504, 1.5287078619003296, 1.4883280992507935, 1.4535428285598755, 1.4295110702514648], "baseline_val_accuracy": [0.17435897886753082, 0.3897435963153839, 0.46666666865348816, 0.49743589758872986, 0.528205156326294, 0.5641025900840759, 0.5589743852615356, 0.5846154093742371, 0.6153846383094788, 0.6051282286643982], "baseline_no_transfer_learning_base_loss": [2.0194661617279053, 1.6573829650878906, 1.4930493831634521, 1.38026762008667, 1.28926682472229, 1.2118644714355469, 1.144668698310852, 1.0844799280166626, 1.0300401449203491, 0.980728805065155], "baseline_no_transfer_learning_base_accuracy": [0.3912828862667084, 0.5485197305679321, 0.6055921316146851, 0.643750011920929, 0.6710526347160339, 0.6899670958518982, 0.7105262875556946, 0.7307565808296204, 0.7450658082962036, 0.7559210658073425], "baseline_no_transfer_learning_base_val_loss": [2.5675604343414307, 2.1846861839294434, 1.6142964363098145, 1.3640402555465698, 1.2537376880645752, 1.1832733154296875, 1.1342185735702515, 1.0829517841339111, 1.0455703735351562, 1.0068007707595825], "baseline_no_transfer_learning_base_val_accuracy": [0.10256410390138626, 0.20512820780277252, 0.49743589758872986, 0.5897436141967773, 0.6256410479545593, 0.6358974575996399, 0.6615384817123413, 0.6820513010025024, 0.7025641202926636, 0.7179487347602844]}