{"ensemble_loss": [1.1082706451416016, 0.7239829301834106, 0.5788074135780334, 0.48764604330062866, 0.4247211217880249, 0.3777521550655365, 0.34133750200271606, 0.3116908073425293, 0.2867034375667572, 0.26545870304107666], "ensemble_accuracy": [0.8255208134651184, 0.9708333611488342, 0.9778645634651184, 0.9825521111488342, 0.9848958253860474, 0.9869791865348816, 0.9885416626930237, 0.9899739623069763, 0.9919270873069763, 0.9924479126930237], "ensemble_val_loss": [0.9932088255882263, 0.6964595317840576, 0.533022403717041, 0.44447779655456543, 0.38576167821884155, 0.3419889509677887, 0.3079296350479126, 0.2807883620262146, 0.2581029236316681, 0.2388126701116562], "ensemble_val_accuracy": [0.7803921699523926, 0.9254902005195618, 0.9529411792755127, 0.9686274528503418, 0.9764705896377563, 0.9843137264251709, 0.9843137264251709, 0.9843137264251709, 0.9843137264251709, 0.9843137264251709], "ensemble_no_transfer_learning_ensemble_loss": [0.738066554069519, 0.33555880188941956, 0.23938176035881042, 0.18775376677513123, 0.1343774050474167, 0.0969916433095932, 0.077085942029953, 0.06300825625658035, 0.052550189197063446, 0.04450352489948273], "ensemble_no_transfer_learning_ensemble_accuracy": [0.9234374761581421, 0.9829427003860474, 0.987500011920929, 0.9897135496139526, 0.9904947876930237, 0.9923177361488342, 0.9930989742279053, 0.994140625, 0.994921863079071, 0.9959635138511658], "ensemble_no_transfer_learning_ensemble_val_loss": [1.9395205974578857, 1.2755974531173706, 0.29567116498947144, 0.15669657289981842, 0.10218070447444916, 0.08078397065401077, 0.06415507942438126, 0.05872473493218422, 0.048691798001527786, 0.047791820019483566], "ensemble_no_transfer_learning_ensemble_val_accuracy": [0.14509804546833038, 0.5882353186607361, 0.9764705896377563, 0.9960784316062927, 0.9960784316062927, 0.9960784316062927, 0.9960784316062927, 0.9960784316062927, 0.9960784316062927, 0.9960784316062927]}