{"baseline_loss": [0.5241588354110718, 0.39852768182754517, 0.31990477442741394, 0.272487610578537, 0.22362001240253448, 0.22228114306926727, 0.19895629584789276, 0.18919667601585388, 0.17068758606910706, 0.14524605870246887], "baseline_accuracy": [0.71875, 0.9007812738418579, 0.940625011920929, 0.9359375238418579, 0.94921875, 0.944531261920929, 0.948437511920929, 0.967968761920929, 0.9624999761581421, 0.9781249761581421], "baseline_val_loss": [0.4194985330104828, 0.38261038064956665, 0.34470486640930176, 0.32367587089538574, 0.30604925751686096, 0.2865423560142517, 0.268729567527771, 0.25491639971733093, 0.24476537108421326, 0.23487450182437897], "baseline_val_accuracy": [0.8571428656578064, 0.8571428656578064, 0.8571428656578064, 0.8571428656578064, 0.8571428656578064, 0.8571428656578064, 0.8571428656578064, 0.8809523582458496, 0.8809523582458496, 0.8809523582458496], "baseline_no_transfer_learning_base_loss": [0.4466065764427185, 0.32795506715774536, 0.27538537979125977, 0.23783738911151886, 0.2094666212797165, 0.1870916187763214, 0.16916249692440033, 0.15405192971229553, 0.14084568619728088, 0.12990833818912506], "baseline_no_transfer_learning_base_accuracy": [0.8109375238418579, 0.8812500238418579, 0.90234375, 0.930468738079071, 0.94140625, 0.952343761920929, 0.9632812738418579, 0.9664062261581421, 0.9671875238418579, 0.967968761920929], "baseline_no_transfer_learning_base_val_loss": [0.7054126858711243, 0.7342985272407532, 0.7891607880592346, 0.8800821900367737, 1.0107438564300537, 1.1519855260849, 1.2820837497711182, 1.4062739610671997, 1.4817793369293213, 1.5082429647445679], "baseline_no_transfer_learning_base_val_accuracy": [0.4285714328289032, 0.4285714328289032, 0.4285714328289032, 0.4285714328289032, 0.4285714328289032, 0.4285714328289032, 0.4285714328289032, 0.4285714328289032, 0.4285714328289032, 0.4285714328289032]}