{"baseline_loss": [2.0563273429870605, 1.6064046621322632, 1.4428292512893677, 1.3556588888168335, 1.2918598651885986, 1.2401999235153198, 1.1840746402740479, 1.1403717994689941, 1.1048072576522827, 1.061997413635254], "baseline_accuracy": [0.38163110613822937, 0.47957316040992737, 0.5170223712921143, 0.5371696949005127, 0.5593242049217224, 0.5794207453727722, 0.6022611856460571, 0.6230691075325012, 0.6391260027885437, 0.6635924577713013], "baseline_val_loss": [1.7843875885009766, 1.5852853059768677, 1.543526291847229, 1.4552669525146484, 1.571725845336914, 1.4411437511444092, 1.441439151763916, 1.4200271368026733, 1.6067273616790771, 1.4472750425338745], "baseline_val_accuracy": [0.4253048896789551, 0.45350611209869385, 0.4695121943950653, 0.4908536672592163, 0.4283536672592163, 0.4771341383457184, 0.4489329159259796, 0.5053353905677795, 0.44435974955558777, 0.45426830649375916]}