{"baseline_loss": [3.6861257553100586, 3.325345039367676, 3.146937608718872, 3.007429599761963, 2.906771421432495, 2.8183908462524414, 2.73858904838562, 2.672003984451294, 2.610426664352417, 2.5678486824035645], "baseline_accuracy": [0.07631579041481018, 0.11233552545309067, 0.14358553290367126, 0.22138157486915588, 0.2853618562221527, 0.30509868264198303, 0.32944080233573914, 0.35131579637527466, 0.37615132331848145, 0.38930919766426086], "baseline_val_loss": [3.6487369537353516, 3.286646604537964, 3.1028592586517334, 2.9798309803009033, 2.860323190689087, 2.7699990272521973, 2.680665969848633, 2.624824285507202, 2.5634925365448, 2.5020077228546143], "baseline_val_accuracy": [0.025510204955935478, 0.06632652878761292, 0.11734694242477417, 0.22959183156490326, 0.30612245202064514, 0.3265306055545807, 0.37244898080825806, 0.37244898080825806, 0.38265305757522583, 0.4642857015132904], "baseline_no_transfer_learning_base_loss": [3.3911972045898438, 3.046973705291748, 2.861112594604492, 2.705688714981079, 2.5709972381591797, 2.455458879470825, 2.3460347652435303, 2.2434167861938477, 2.1490509510040283, 2.063483238220215], "baseline_no_transfer_learning_base_accuracy": [0.12006578594446182, 0.247861847281456, 0.316447377204895, 0.3745065927505493, 0.41825658082962036, 0.44967105984687805, 0.4777960479259491, 0.5023026466369629, 0.5251644849777222, 0.5476973652839661], "baseline_no_transfer_learning_base_val_loss": [4.7717461585998535, 8.511860847473145, 3.8179619312286377, 2.815992593765259, 2.666386604309082, 2.576580286026001, 2.5356457233428955, 2.4307241439819336, 2.3945956230163574, 2.362295150756836], "baseline_no_transfer_learning_base_val_accuracy": [0.015306122601032257, 0.015306122601032257, 0.020408162847161293, 0.4234693944454193, 0.36734694242477417, 0.3928571343421936, 0.2806122303009033, 0.3520408272743225, 0.3163265287876129, 0.31122449040412903]}