{"ensemble_loss": [0.6563780903816223, 0.5824587345123291, 0.5502313375473022, 0.5287407636642456, 0.5124746561050415, 0.4990195631980896, 0.4875001609325409, 0.47736719250679016, 0.4683934450149536, 0.4604107439517975], "ensemble_accuracy": [0.5870535969734192, 0.6767857074737549, 0.7147321701049805, 0.7370535731315613, 0.7540178298950195, 0.7678571343421936, 0.7749999761581421, 0.7816964387893677, 0.7875000238418579, 0.7973214387893677], "ensemble_val_loss": [0.7594737410545349, 0.7393197417259216, 0.7056518793106079, 0.6834874153137207, 0.6710971593856812, 0.663982093334198, 0.659813642501831, 0.6550707221031189, 0.6483668684959412, 0.6437358260154724], "ensemble_val_accuracy": [0.3692307770252228, 0.4153846204280853, 0.5076923370361328, 0.6000000238418579, 0.6153846383094788, 0.6769230961799622, 0.692307710647583, 0.7230769395828247, 0.7230769395828247, 0.7384615540504456], "ensemble_no_transfer_learning_ensemble_loss": [0.6131124496459961, 0.5464285612106323, 0.5201355218887329, 0.5027027726173401, 0.4889684319496155, 0.4771018326282501, 0.46668827533721924, 0.45739391446113586, 0.44994622468948364, 0.4427402913570404], "ensemble_no_transfer_learning_ensemble_accuracy": [0.6660714149475098, 0.7183035612106323, 0.7334821224212646, 0.7504464387893677, 0.7575892806053162, 0.7629464268684387, 0.768750011920929, 0.7772321701049805, 0.7790178656578064, 0.78125], "ensemble_no_transfer_learning_ensemble_val_loss": [0.6816651821136475, 0.6945560574531555, 0.7134396433830261, 0.7088679671287537, 0.6989877223968506, 0.6762819886207581, 0.6289306879043579, 0.5686098337173462, 0.5215089917182922, 0.4778371751308441], "ensemble_no_transfer_learning_ensemble_val_accuracy": [0.5846154093742371, 0.5846154093742371, 0.5846154093742371, 0.5846154093742371, 0.5846154093742371, 0.5230769515037537, 0.6000000238418579, 0.800000011920929, 0.8307692408561707, 0.8153846263885498]}