{"baseline_loss": [3.7931876182556152, 2.9818289279937744, 2.5224547386169434, 2.1831564903259277, 1.910205364227295, 1.690215826034546, 1.5093835592269897, 1.3550974130630493, 1.2213350534439087, 1.0975433588027954], "baseline_accuracy": [0.15439285337924957, 0.339428573846817, 0.46741071343421936, 0.5513214468955994, 0.6133214235305786, 0.6596249938011169, 0.6945000290870667, 0.725857138633728, 0.7533214092254639, 0.7791964411735535], "baseline_val_loss": [3.3028059005737305, 2.7655184268951416, 2.461632251739502, 2.1772217750549316, 1.971362590789795, 1.9210221767425537, 1.6836652755737305, 1.6428000926971436, 1.5585050582885742, 1.4765748977661133], "baseline_val_accuracy": [0.2662372589111328, 0.4004294276237488, 0.42082661390304565, 0.494363933801651, 0.5448201894760132, 0.4889962375164032, 0.5818572044372559, 0.5958132147789001, 0.6033279895782471, 0.5764895081520081]}