{"baseline_loss": [3.4199743270874023, 2.892871618270874, 2.571449041366577, 2.349921226501465, 2.150510311126709, 1.9943397045135498, 1.8555699586868286, 1.747839093208313, 1.6556129455566406, 1.5604721307754517], "baseline_accuracy": [0.1680084764957428, 0.33506354689598083, 0.4040783941745758, 0.4522775411605835, 0.48124998807907104, 0.5118114352226257, 0.5324152708053589, 0.5449682474136353, 0.5530720353126526, 0.5768008232116699], "baseline_val_loss": [3.470421552658081, 2.978506326675415, 2.7844958305358887, 2.5408239364624023, 2.392012357711792, 2.302018642425537, 2.1818392276763916, 2.158601999282837, 2.134524345397949, 1.9869335889816284], "baseline_val_accuracy": [0.12918660044670105, 0.2982456088066101, 0.31259968876838684, 0.4051036536693573, 0.3748006522655487, 0.32057416439056396, 0.3349282443523407, 0.35566186904907227, 0.2934609353542328, 0.43381181359291077]}