{"baseline_loss": [2.225804328918457, 1.7973675727844238, 1.6182119846343994, 1.5137845277786255, 1.4375793933868408, 1.388057827949524, 1.3389918804168701, 1.3134026527404785, 1.2681915760040283, 1.2286909818649292], "baseline_accuracy": [0.2135416716337204, 0.42135417461395264, 0.5268229246139526, 0.58203125, 0.6223958134651184, 0.6541666388511658, 0.6742187738418579, 0.6872395873069763, 0.7096354365348816, 0.724609375], "baseline_val_loss": [2.019519090652466, 1.755576729774475, 1.5938888788223267, 1.493438482284546, 1.424106478691101, 1.3786863088607788, 1.3291174173355103, 1.314242959022522, 1.2718433141708374, 1.2509537935256958], "baseline_val_accuracy": [0.2280000001192093, 0.46000000834465027, 0.5920000076293945, 0.6359999775886536, 0.6439999938011169, 0.6880000233650208, 0.6880000233650208, 0.7080000042915344, 0.7080000042915344, 0.6880000233650208], "baseline_no_transfer_learning_base_loss": [1.828906536102295, 1.5731316804885864, 1.436004638671875, 1.3363884687423706, 1.2553335428237915, 1.1889984607696533, 1.1329004764556885, 1.0843985080718994, 1.04054856300354, 1.0013434886932373], "baseline_no_transfer_learning_base_accuracy": [0.4378906190395355, 0.5740885138511658, 0.6170572638511658, 0.6471354365348816, 0.6678385138511658, 0.6837239861488342, 0.6983072757720947, 0.7104166746139526, 0.7216145992279053, 0.7325521111488342], "baseline_no_transfer_learning_base_val_loss": [2.4589927196502686, 2.075615644454956, 1.688940167427063, 1.5702868700027466, 1.5130932331085205, 1.448939561843872, 1.4128949642181396, 1.3599834442138672, 1.3410024642944336, 1.3313424587249756], "baseline_no_transfer_learning_base_val_accuracy": [0.07999999821186066, 0.25600001215934753, 0.5, 0.5720000267028809, 0.5920000076293945, 0.6439999938011169, 0.6359999775886536, 0.6800000071525574, 0.6639999747276306, 0.6679999828338623]}