{"ensemble_loss": [1.7050474882125854, 1.6068116426467896, 1.5606656074523926, 1.5297578573226929, 1.5054398775100708, 1.4845844507217407, 1.4659392833709717, 1.4489725828170776, 1.4332895278930664, 1.4185693264007568], "ensemble_accuracy": [0.27562499046325684, 0.33937498927116394, 0.37187498807907104, 0.3856250047683716, 0.4050000011920929, 0.4143750071525574, 0.42875000834465027, 0.43437498807907104, 0.4468750059604645, 0.4581249952316284], "ensemble_val_loss": [1.831483006477356, 1.8525054454803467, 1.8714473247528076, 1.8896493911743164, 1.9053436517715454, 1.9197180271148682, 1.9327136278152466, 1.943385124206543, 1.9521182775497437, 1.9589605331420898], "ensemble_val_accuracy": [0.03999999910593033, 0.05999999865889549, 0.05999999865889549, 0.1599999964237213, 0.1599999964237213, 0.1599999964237213, 0.1599999964237213, 0.1599999964237213, 0.1599999964237213, 0.1599999964237213], "ensemble_no_transfer_learning_ensemble_loss": [1.5805766582489014, 1.449243187904358, 1.375380516052246, 1.310177206993103, 1.2484554052352905, 1.1888798475265503, 1.1314529180526733, 1.0764864683151245, 1.0246790647506714, 0.9756312370300293], "ensemble_no_transfer_learning_ensemble_accuracy": [0.3668749928474426, 0.47312501072883606, 0.5168750286102295, 0.5606250166893005, 0.6056249737739563, 0.6337500214576721, 0.6606249809265137, 0.6962500214576721, 0.7206249833106995, 0.7443749904632568], "ensemble_no_transfer_learning_ensemble_val_loss": [1.8191664218902588, 2.0888442993164062, 2.5471584796905518, 2.9648735523223877, 3.2049942016601562, 3.2376904487609863, 3.109545946121216, 2.8986780643463135, 2.6733016967773438, 2.478236675262451], "ensemble_no_transfer_learning_ensemble_val_accuracy": [0.18000000715255737, 0.18000000715255737, 0.18000000715255737, 0.14000000059604645, 0.18000000715255737, 0.18000000715255737, 0.14000000059604645, 0.11999999731779099, 0.11999999731779099, 0.14000000059604645]}