{"ensemble_loss": [2.2528061866760254, 1.9630526304244995, 1.8261387348175049, 1.7409615516662598, 1.6798714399337769, 1.6314715147018433, 1.591145396232605, 1.5568996667861938, 1.5268651247024536, 1.4998623132705688], "ensemble_accuracy": [0.28898027539253235, 0.48799341917037964, 0.5424342155456543, 0.5738486647605896, 0.5944079160690308, 0.6083881855010986, 0.6208881735801697, 0.6312500238418579, 0.6391447186470032, 0.6467105150222778], "ensemble_val_loss": [2.1449637413024902, 1.976252794265747, 1.8714202642440796, 1.7993069887161255, 1.7445939779281616, 1.7005640268325806, 1.6645563840866089, 1.6343332529067993, 1.6079591512680054, 1.5842061042785645], "ensemble_val_accuracy": [0.25641027092933655, 0.3333333432674408, 0.35384616255760193, 0.4000000059604645, 0.4256410300731659, 0.4615384638309479, 0.482051283121109, 0.49743589758872986, 0.5128205418586731, 0.5179487466812134], "ensemble_no_transfer_learning_ensemble_loss": [1.922831654548645, 1.578000545501709, 1.4029532670974731, 1.2811408042907715, 1.1891902685165405, 1.1138583421707153, 1.0483324527740479, 0.9894719123840332, 0.9376236200332642, 0.8918658494949341], "ensemble_no_transfer_learning_ensemble_accuracy": [0.42713814973831177, 0.5527960658073425, 0.6358552575111389, 0.6990131735801697, 0.7442434430122375, 0.7680920958518982, 0.7916118502616882, 0.8123355507850647, 0.8282894492149353, 0.8422697186470032], "ensemble_no_transfer_learning_ensemble_val_loss": [2.653102159500122, 2.256136894226074, 1.6043699979782104, 1.3148298263549805, 1.2140309810638428, 1.1505186557769775, 1.1001207828521729, 1.0548356771469116, 1.0141324996948242, 0.9784727692604065], "ensemble_no_transfer_learning_ensemble_val_accuracy": [0.0615384615957737, 0.20000000298023224, 0.49743589758872986, 0.6358974575996399, 0.6512820720672607, 0.692307710647583, 0.7076923251152039, 0.7179487347602844, 0.7230769395828247, 0.7230769395828247]}