{"ensemble_loss": [1.0648709535598755, 0.798904299736023, 0.6805324554443359, 0.6066475510597229, 0.553716242313385, 0.5139354467391968, 0.48321086168289185, 0.4581291079521179, 0.43634292483329773, 0.4170486330986023], "ensemble_accuracy": [0.7220312356948853, 0.8294270634651184, 0.8503124713897705, 0.8619791865348816, 0.8697395920753479, 0.8758854269981384, 0.8812500238418579, 0.8854687213897705, 0.8902083039283752, 0.89453125], "ensemble_val_loss": [0.9169826507568359, 0.7060012221336365, 0.6099883913993835, 0.5527380704879761, 0.5060612559318542, 0.4732215106487274, 0.4500691890716553, 0.42752605676651, 0.4115055799484253, 0.39351630210876465], "ensemble_val_accuracy": [0.7563291192054749, 0.8417721390724182, 0.8591772317886353, 0.8623417615890503, 0.8623417615890503, 0.8686708807945251, 0.871835470199585, 0.8734177350997925, 0.875, 0.878164529800415], "ensemble_no_transfer_learning_ensemble_loss": [0.7544217705726624, 0.4715554714202881, 0.3705148696899414, 0.3107328414916992, 0.2726666033267975, 0.24502958357334137, 0.22200223803520203, 0.2024664729833603, 0.1877811700105667, 0.17538870871067047], "ensemble_no_transfer_learning_ensemble_accuracy": [0.7983333468437195, 0.8732291460037231, 0.8978124856948853, 0.9151041507720947, 0.9250521063804626, 0.932812511920929, 0.9399479031562805, 0.94552081823349, 0.94921875, 0.9537500143051147], "ensemble_no_transfer_learning_ensemble_val_loss": [1.0075265169143677, 0.6041943430900574, 0.4229723811149597, 0.4944007992744446, 0.4646206200122833, 0.516738772392273, 0.7129872441291809, 0.5563403964042664, 0.702444851398468, 0.8470334410667419], "ensemble_no_transfer_learning_ensemble_val_accuracy": [0.5458860993385315, 0.8702531456947327, 0.9018987417221069, 0.8670886158943176, 0.8734177350997925, 0.8844936490058899, 0.6772152185440063, 0.8037974834442139, 0.7262658476829529, 0.672468364238739]}