{"ensemble_loss": [0.815318763256073, 0.7038210034370422, 0.6777002811431885, 0.6645224690437317, 0.655728816986084, 0.6490148305892944, 0.6436994671821594, 0.6391950845718384, 0.635227382183075, 0.6316536068916321], "ensemble_accuracy": [0.6723557710647583, 0.7084134817123413, 0.7137019038200378, 0.7153846025466919, 0.7185096144676208, 0.7199519276618958, 0.7199519276618958, 0.7213942408561707, 0.7237980961799622, 0.7245192527770996], "ensemble_val_loss": [0.7307860255241394, 0.6818351745605469, 0.6619300842285156, 0.6508607268333435, 0.6442403793334961, 0.6401025652885437, 0.6371108889579773, 0.6347295045852661, 0.632904589176178, 0.6317330598831177], "ensemble_val_accuracy": [0.6978417038917542, 0.6906474828720093, 0.7050359845161438, 0.7266187071800232, 0.7266187071800232, 0.7266187071800232, 0.7266187071800232, 0.7266187071800232, 0.7122302055358887, 0.7122302055358887], "ensemble_no_transfer_learning_ensemble_loss": [0.7053762674331665, 0.6265047788619995, 0.6120410561561584, 0.5995104908943176, 0.5864236950874329, 0.5731477737426758, 0.5596305727958679, 0.5457704067230225, 0.5314260721206665, 0.5154113173484802], "ensemble_no_transfer_learning_ensemble_accuracy": [0.7038461565971375, 0.720432698726654, 0.7310096025466919, 0.7372596263885498, 0.7456730604171753, 0.7528846263885498, 0.7586538195610046, 0.7675480842590332, 0.7769230604171753, 0.7896634340286255], "ensemble_no_transfer_learning_ensemble_val_loss": [1.331244707107544, 2.186110734939575, 2.2359061241149902, 1.5601553916931152, 1.0811539888381958, 0.9116020202636719, 0.8628973364830017, 0.8873003125190735, 0.8063826560974121, 0.8077571988105774], "ensemble_no_transfer_learning_ensemble_val_accuracy": [0.3525179922580719, 0.3525179922580719, 0.3525179922580719, 0.35971224308013916, 0.6258992552757263, 0.6258992552757263, 0.6402877569198608, 0.633093535900116, 0.633093535900116, 0.633093535900116]}