{"baseline_loss": [2.961944818496704, 2.4889416694641113, 2.201993703842163, 1.9867521524429321, 1.8074231147766113, 1.664718747138977, 1.5448558330535889, 1.4548536539077759, 1.3652944564819336, 1.3019800186157227], "baseline_accuracy": [0.24269531667232513, 0.4136328101158142, 0.48082029819488525, 0.529296875, 0.5666797161102295, 0.6000000238418579, 0.6182422041893005, 0.6381250023841858, 0.6551562547683716, 0.6679297089576721], "baseline_val_loss": [2.6946938037872314, 2.367912530899048, 2.188101291656494, 1.9831026792526245, 1.8198812007904053, 1.7406138181686401, 1.6129379272460938, 1.5629677772521973, 1.4501242637634277, 1.3986878395080566], "baseline_val_accuracy": [0.33806145191192627, 0.38297873735427856, 0.408983439207077, 0.47399526834487915, 0.5011820197105408, 0.5472813248634338, 0.5472813248634338, 0.5697399377822876, 0.5661938786506653, 0.5862883925437927]}