{"baseline_loss": [1.5365140438079834, 1.466947078704834, 1.429621934890747, 1.3950347900390625, 1.364324688911438, 1.3550019264221191, 1.3368130922317505, 1.3239552974700928, 1.3113529682159424, 1.2971152067184448], "baseline_accuracy": [0.35113635659217834, 0.4312500059604645, 0.44090908765792847, 0.4741477370262146, 0.49687498807907104, 0.4832386374473572, 0.515625, 0.5264204740524292, 0.5221590995788574, 0.5369318127632141], "baseline_val_loss": [1.61942458152771, 1.5414445400238037, 1.4710444211959839, 1.4512003660202026, 1.4233582019805908, 1.4222862720489502, 1.3954014778137207, 1.384830355644226, 1.387705683708191, 1.3641269207000732], "baseline_val_accuracy": [0.2844827473163605, 0.26724138855934143, 0.37068966031074524, 0.4137931168079376, 0.38793104887008667, 0.4396551847457886, 0.4655172526836395, 0.5086206793785095, 0.43103447556495667, 0.4913793206214905], "baseline_no_transfer_learning_base_loss": [1.5731528997421265, 1.5232752561569214, 1.4812531471252441, 1.4441580772399902, 1.4119528532028198, 1.383152961730957, 1.3578901290893555, 1.3376718759536743, 1.3200172185897827, 1.3024998903274536], "baseline_no_transfer_learning_base_accuracy": [0.2772727310657501, 0.3269886374473572, 0.3806818127632141, 0.42017045617103577, 0.44062501192092896, 0.45625001192092896, 0.46136364340782166, 0.47585228085517883, 0.4897727370262146, 0.4985795319080353], "baseline_no_transfer_learning_base_val_loss": [1.637361764907837, 1.7728118896484375, 1.8856719732284546, 1.9563102722167969, 1.764367938041687, 1.5955095291137695, 1.512486457824707, 1.5060346126556396, 1.5567703247070312, 1.4757301807403564], "baseline_no_transfer_learning_base_val_accuracy": [0.26724138855934143, 0.1982758641242981, 0.1551724076271057, 0.1551724076271057, 0.1551724076271057, 0.1982758641242981, 0.32758620381355286, 0.36206895112991333, 0.3534482717514038, 0.38793104887008667]}