{"baseline_loss": [2.831494092941284, 2.153444766998291, 1.8383457660675049, 1.6255412101745605, 1.4742693901062012, 1.3645299673080444, 1.2753020524978638, 1.2017747163772583, 1.131201982498169, 1.0786852836608887], "baseline_accuracy": [0.25896164774894714, 0.4032242000102997, 0.4602017104625702, 0.4971560835838318, 0.5255456566810608, 0.550000011920929, 0.5740079283714294, 0.5921957492828369, 0.6118717193603516, 0.6267030239105225], "baseline_val_loss": [2.6036314964294434, 2.1921918392181396, 1.9945600032806396, 1.8260865211486816, 1.7428792715072632, 1.6281403303146362, 1.600961685180664, 1.4882152080535889, 1.4300583600997925, 1.4684520959854126], "baseline_val_accuracy": [0.30398011207580566, 0.3462686538696289, 0.3805970251560211, 0.40049752593040466, 0.386069655418396, 0.40547263622283936, 0.447761207818985, 0.4641790986061096, 0.466169148683548, 0.44975125789642334]}