{"base_loss": [1.8169759511947632, 1.188599705696106, 0.9240735769271851, 0.7474251985549927, 0.6203306317329407, 0.5263335704803467, 0.4537125527858734, 0.3953684866428375, 0.3482595384120941, 0.3095552921295166], "base_accuracy": [0.5462962985038757, 0.7939814925193787, 0.8381944298744202, 0.8770833611488342, 0.9033564925193787, 0.9214120507240295, 0.9312499761581421, 0.9393518567085266, 0.946064829826355, 0.9504629373550415], "base_val_loss": [3.89321231842041, 1.785837173461914, 0.8582390546798706, 0.6659980416297913, 0.5730563402175903, 0.47094035148620605, 0.4070032835006714, 0.37133774161338806, 0.34955155849456787, 0.30262306332588196], "base_val_accuracy": [0.060283686965703964, 0.40070921182632446, 0.8617021441459656, 0.9078013896942139, 0.9184397459030151, 0.936170220375061, 0.9397163391113281, 0.9397163391113281, 0.9255319237709045, 0.9468085169792175]}