{"ensemble_loss": [2.000493049621582, 1.7622759342193604, 1.6630016565322876, 1.5972875356674194, 1.547782301902771, 1.507529377937317, 1.4732246398925781, 1.4436436891555786, 1.4178489446640015, 1.394835352897644], "ensemble_accuracy": [0.3986979126930237, 0.521484375, 0.5531250238418579, 0.5790364742279053, 0.598437488079071, 0.6122395992279053, 0.6260416507720947, 0.6356770992279053, 0.641796886920929, 0.6488281488418579], "ensemble_val_loss": [1.8912488222122192, 1.788053274154663, 1.7251359224319458, 1.676835060119629, 1.638503909111023, 1.606264352798462, 1.577909231185913, 1.553160548210144, 1.5317368507385254, 1.5125865936279297], "ensemble_val_accuracy": [0.46399998664855957, 0.492000013589859, 0.4959999918937683, 0.5239999890327454, 0.5440000295639038, 0.5839999914169312, 0.5799999833106995, 0.5759999752044678, 0.5759999752044678, 0.5759999752044678], "ensemble_no_transfer_learning_ensemble_loss": [1.7462007999420166, 1.4385011196136475, 1.2989643812179565, 1.2029876708984375, 1.127021074295044, 1.063306450843811, 1.0073442459106445, 0.9577919840812683, 0.9127774834632874, 0.8708564043045044], "ensemble_no_transfer_learning_ensemble_accuracy": [0.5101562738418579, 0.6337239742279053, 0.6712239384651184, 0.6977864503860474, 0.7178385257720947, 0.7389323115348816, 0.7567708492279053, 0.7721354365348816, 0.790234386920929, 0.8067708611488342], "ensemble_no_transfer_learning_ensemble_val_loss": [2.2511603832244873, 1.8413903713226318, 1.5154869556427002, 1.3918616771697998, 1.330664038658142, 1.2869912385940552, 1.247581958770752, 1.216349482536316, 1.1930546760559082, 1.1659085750579834], "ensemble_no_transfer_learning_ensemble_val_accuracy": [0.14399999380111694, 0.2879999876022339, 0.5120000243186951, 0.5799999833106995, 0.5839999914169312, 0.5920000076293945, 0.5960000157356262, 0.5960000157356262, 0.5920000076293945, 0.6000000238418579]}