{"baseline_loss": [3.911201238632202, 3.2962486743927, 2.893044948577881, 2.5801568031311035, 2.3289644718170166, 2.1357128620147705, 1.9663015604019165, 1.8376644849777222, 1.7248332500457764, 1.6249765157699585], "baseline_accuracy": [0.13972222805023193, 0.2713194489479065, 0.3678472340106964, 0.4202083349227905, 0.46270832419395447, 0.49281251430511475, 0.5207986235618591, 0.5343402624130249, 0.546215295791626, 0.5661805272102356], "baseline_val_loss": [3.759805202484131, 3.365922451019287, 3.04323410987854, 2.8571646213531494, 2.628124475479126, 2.516028642654419, 2.343972682952881, 2.2780351638793945, 2.2410569190979004, 2.23238205909729], "baseline_val_accuracy": [0.17499999701976776, 0.25, 0.3114583194255829, 0.2979166805744171, 0.3635416626930237, 0.3760416805744171, 0.3708333373069763, 0.36770832538604736, 0.3697916567325592, 0.3375000059604645]}