{"ensemble_loss": [0.3511107265949249, 0.24435830116271973, 0.2175244688987732, 0.20288844406604767, 0.1934095174074173, 0.18648773431777954, 0.18104742467403412, 0.1765027791261673, 0.17253610491752625, 0.16896778345108032], "ensemble_accuracy": [0.8877604007720947, 0.9282985925674438, 0.9369791746139526, 0.9400173425674438, 0.9407986402511597, 0.9419270753860474, 0.9427951574325562, 0.944531261920929, 0.9447916746139526, 0.945399284362793], "ensemble_val_loss": [0.33996930718421936, 0.30579373240470886, 0.2835887372493744, 0.27232715487480164, 0.2659207284450531, 0.26113271713256836, 0.25743794441223145, 0.2535722553730011, 0.24974417686462402, 0.24554480612277985], "ensemble_val_accuracy": [0.835106372833252, 0.835106372833252, 0.8563829660415649, 0.8643617033958435, 0.8670212626457214, 0.8670212626457214, 0.8670212626457214, 0.8670212626457214, 0.8696808218955994, 0.8723404407501221], "ensemble_no_transfer_learning_ensemble_loss": [0.19758127629756927, 0.14297035336494446, 0.12041927129030228, 0.10214931517839432, 0.08838263154029846, 0.07746610045433044, 0.06863627582788467, 0.06142347306013107, 0.054172318428754807, 0.04839664697647095], "ensemble_no_transfer_learning_ensemble_accuracy": [0.9435763955116272, 0.9565104246139526, 0.9650173783302307, 0.9713541865348816, 0.9767361283302307, 0.9811632037162781, 0.983593761920929, 0.9862847328186035, 0.9888020753860474, 0.9905381798744202], "ensemble_no_transfer_learning_ensemble_val_loss": [2.7149269580841064, 2.0895628929138184, 1.6337268352508545, 1.0960851907730103, 0.895838737487793, 0.8429796099662781, 0.8293607234954834, 0.7797207832336426, 0.8056656122207642, 0.8589809536933899], "ensemble_no_transfer_learning_ensemble_val_accuracy": [0.4680851101875305, 0.47074466943740845, 0.47340425848960876, 0.478723406791687, 0.48404255509376526, 0.48404255509376526, 0.5531914830207825, 0.5744680762290955, 0.5585106611251831, 0.521276593208313]}