{"ensemble_loss": [1.7848010063171387, 1.6700328588485718, 1.6103585958480835, 1.5719709396362305, 1.5429213047027588, 1.5187313556671143, 1.4975873231887817, 1.4784852266311646, 1.4609229564666748, 1.4447041749954224], "ensemble_accuracy": [0.1756249964237213, 0.2524999976158142, 0.2956250011920929, 0.32624998688697815, 0.3512499928474426, 0.37812501192092896, 0.40937501192092896, 0.4424999952316284, 0.4675000011920929, 0.49000000953674316], "ensemble_val_loss": [1.8710317611694336, 1.7931729555130005, 1.7571293115615845, 1.738032341003418, 1.7253237962722778, 1.7153449058532715, 1.7086950540542603, 1.7042019367218018, 1.7012972831726074, 1.6998095512390137], "ensemble_val_accuracy": [0.14000000059604645, 0.20000000298023224, 0.11999999731779099, 0.2199999988079071, 0.14000000059604645, 0.18000000715255737, 0.18000000715255737, 0.18000000715255737, 0.18000000715255737, 0.18000000715255737], "ensemble_no_transfer_learning_ensemble_loss": [1.5805766582489014, 1.449243187904358, 1.375380516052246, 1.310177206993103, 1.2484554052352905, 1.1888798475265503, 1.1314529180526733, 1.0764864683151245, 1.0246790647506714, 0.9756312370300293], "ensemble_no_transfer_learning_ensemble_accuracy": [0.3668749928474426, 0.47312501072883606, 0.5168750286102295, 0.5606250166893005, 0.6056249737739563, 0.6337500214576721, 0.6606249809265137, 0.6962500214576721, 0.7206249833106995, 0.7443749904632568], "ensemble_no_transfer_learning_ensemble_val_loss": [1.8191664218902588, 2.0888442993164062, 2.5471584796905518, 2.9648735523223877, 3.2049942016601562, 3.2376904487609863, 3.109545946121216, 2.8986780643463135, 2.6733016967773438, 2.478236675262451], "ensemble_no_transfer_learning_ensemble_val_accuracy": [0.18000000715255737, 0.18000000715255737, 0.18000000715255737, 0.14000000059604645, 0.18000000715255737, 0.18000000715255737, 0.14000000059604645, 0.11999999731779099, 0.11999999731779099, 0.14000000059604645]}