{"baseline_loss": [2.0935065746307373, 1.6284171342849731, 1.4622383117675781, 1.3435851335525513, 1.2817097902297974, 1.2047889232635498, 1.1357582807540894, 1.11705482006073, 1.0656541585922241, 1.0485680103302002], "baseline_accuracy": [0.2766927182674408, 0.5160156488418579, 0.594921886920929, 0.639453113079071, 0.65625, 0.6787760257720947, 0.7024739384651184, 0.7036458253860474, 0.723828136920929, 0.7210937738418579], "baseline_val_loss": [1.9288580417633057, 1.7477017641067505, 1.6368845701217651, 1.55852210521698, 1.4958879947662354, 1.461553692817688, 1.4284791946411133, 1.3999356031417847, 1.3897435665130615, 1.3679630756378174], "baseline_val_accuracy": [0.3319999873638153, 0.4519999921321869, 0.5080000162124634, 0.5440000295639038, 0.5839999914169312, 0.6039999723434448, 0.6079999804496765, 0.6079999804496765, 0.6119999885559082, 0.6039999723434448], "baseline_no_transfer_learning_base_loss": [1.828906536102295, 1.5731316804885864, 1.436004638671875, 1.3363884687423706, 1.2553335428237915, 1.1889984607696533, 1.1329004764556885, 1.0843985080718994, 1.04054856300354, 1.0013434886932373], "baseline_no_transfer_learning_base_accuracy": [0.4378906190395355, 0.5740885138511658, 0.6170572638511658, 0.6471354365348816, 0.6678385138511658, 0.6837239861488342, 0.6983072757720947, 0.7104166746139526, 0.7216145992279053, 0.7325521111488342], "baseline_no_transfer_learning_base_val_loss": [2.4589927196502686, 2.075615644454956, 1.688940167427063, 1.5702868700027466, 1.5130932331085205, 1.448939561843872, 1.4128949642181396, 1.3599834442138672, 1.3410024642944336, 1.3313424587249756], "baseline_no_transfer_learning_base_val_accuracy": [0.07999999821186066, 0.25600001215934753, 0.5, 0.5720000267028809, 0.5920000076293945, 0.6439999938011169, 0.6359999775886536, 0.6800000071525574, 0.6639999747276306, 0.6679999828338623]}