{"baseline_loss": [3.8983876705169678, 3.5743088722229004, 3.45979380607605, 3.3229198455810547, 3.276435613632202, 3.2231924533843994, 3.1734328269958496, 3.126222610473633, 3.0845677852630615, 3.0425968170166016], "baseline_accuracy": [0.03849431872367859, 0.06818182021379471, 0.091335229575634, 0.13636364042758942, 0.1541193127632141, 0.18224431574344635, 0.20951704680919647, 0.25468748807907104, 0.2734375, 0.29730114340782166], "baseline_val_loss": [3.7631988525390625, 3.5482592582702637, 3.4176509380340576, 3.3372561931610107, 3.280984401702881, 3.2213597297668457, 3.17875075340271, 3.1291086673736572, 3.106478214263916, 3.066492795944214], "baseline_val_accuracy": [0.030837005004286766, 0.04845815151929855, 0.08810572326183319, 0.11453744769096375, 0.1409691572189331, 0.17621144652366638, 0.21585902571678162, 0.23348017036914825, 0.2511013150215149, 0.2907488942146301], "baseline_no_transfer_learning_base_loss": [3.5918831825256348, 3.296229124069214, 3.1195085048675537, 2.9797346591949463, 2.8614084720611572, 2.756605625152588, 2.6623857021331787, 2.577284574508667, 2.499284267425537, 2.426923990249634], "baseline_no_transfer_learning_base_accuracy": [0.13025568425655365, 0.24957385659217834, 0.3092329502105713, 0.3448863625526428, 0.3764204680919647, 0.40525567531585693, 0.43196022510528564, 0.45724430680274963, 0.4778409004211426, 0.4975852370262146], "baseline_no_transfer_learning_base_val_loss": [4.03489875793457, 3.6992502212524414, 3.16017746925354, 2.9801971912384033, 2.8846285343170166, 2.805800199508667, 2.7354202270507812, 2.6667025089263916, 2.617701768875122, 2.580153465270996], "baseline_no_transfer_learning_base_val_accuracy": [0.035242289304733276, 0.030837005004286766, 0.21585902571678162, 0.27753305435180664, 0.28634360432624817, 0.3127753436565399, 0.33039647340774536, 0.3259911835193634, 0.3348017632961273, 0.3612334728240967]}