{"base_loss": [2.0194661617279053, 1.6573829650878906, 1.4930493831634521, 1.38026762008667, 1.28926682472229, 1.2118644714355469, 1.144668698310852, 1.0844799280166626, 1.0300401449203491, 0.980728805065155], "base_accuracy": [0.3912828862667084, 0.5485197305679321, 0.6055921316146851, 0.643750011920929, 0.6710526347160339, 0.6899670958518982, 0.7105262875556946, 0.7307565808296204, 0.7450658082962036, 0.7559210658073425], "base_val_loss": [2.5675604343414307, 2.1846861839294434, 1.6142964363098145, 1.3640402555465698, 1.2537376880645752, 1.1832733154296875, 1.1342185735702515, 1.0829517841339111, 1.0455703735351562, 1.0068007707595825], "base_val_accuracy": [0.10256410390138626, 0.20512820780277252, 0.49743589758872986, 0.5897436141967773, 0.6256410479545593, 0.6358974575996399, 0.6615384817123413, 0.6820513010025024, 0.7025641202926636, 0.7179487347602844]}