{"baseline_loss": [0.7143363356590271, 0.5799522995948792, 0.5367486476898193, 0.498526006937027, 0.490500807762146, 0.4831375181674957, 0.46365660429000854, 0.4568702280521393, 0.4534168541431427, 0.4341992437839508], "baseline_accuracy": [0.5531250238418579, 0.6575892567634583, 0.7290178537368774, 0.7763392925262451, 0.7611607313156128, 0.7776785492897034, 0.7982142567634583, 0.7888392806053162, 0.7901785969734192, 0.8066964149475098], "baseline_val_loss": [0.6536725759506226, 0.5749519467353821, 0.5587046146392822, 0.54091477394104, 0.5400175452232361, 0.5254746079444885, 0.4825270473957062, 0.4594464898109436, 0.4707803726196289, 0.454793781042099], "baseline_val_accuracy": [0.6307692527770996, 0.7538461685180664, 0.7384615540504456, 0.7384615540504456, 0.7384615540504456, 0.7384615540504456, 0.7230769395828247, 0.7538461685180664, 0.7384615540504456, 0.7384615540504456], "baseline_no_transfer_learning_base_loss": [0.5820522308349609, 0.5179676413536072, 0.49906039237976074, 0.4859926998615265, 0.4772334098815918, 0.4692409038543701, 0.4611152112483978, 0.45566245913505554, 0.4489344656467438, 0.44438838958740234], "baseline_no_transfer_learning_base_accuracy": [0.6642857193946838, 0.715624988079071, 0.7330357432365417, 0.746874988079071, 0.7535714507102966, 0.768750011920929, 0.7709821462631226, 0.7772321701049805, 0.7816964387893677, 0.784375011920929], "baseline_no_transfer_learning_base_val_loss": [0.740260660648346, 0.8260194659233093, 0.8208209872245789, 0.7720937728881836, 0.7780836224555969, 0.752396821975708, 0.7000473737716675, 0.6921356320381165, 0.638117253780365, 0.6355966925621033], "baseline_no_transfer_learning_base_val_accuracy": [0.4923076927661896, 0.4923076927661896, 0.4923076927661896, 0.4923076927661896, 0.4153846204280853, 0.5538461804389954, 0.6153846383094788, 0.6769230961799622, 0.692307710647583, 0.692307710647583]}