{"ensemble_loss": [0.5632983446121216, 0.5070959329605103, 0.4829770624637604, 0.4660850167274475, 0.4521773159503937, 0.4400954246520996, 0.42953991889953613, 0.41996631026268005, 0.4111905097961426, 0.40324002504348755], "ensemble_accuracy": [0.6919642686843872, 0.7440476417541504, 0.774404764175415, 0.796279788017273, 0.8108630776405334, 0.8226190209388733, 0.8282738327980042, 0.8348214030265808, 0.8403273820877075, 0.8458333611488342], "ensemble_val_loss": [0.5333126187324524, 0.5029121041297913, 0.4788038432598114, 0.46069687604904175, 0.4479205012321472, 0.43662387132644653, 0.4280429780483246, 0.41983696818351746, 0.41263386607170105, 0.4057740271091461], "ensemble_val_accuracy": [0.6726457476615906, 0.7354260087013245, 0.7399103045463562, 0.7354260087013245, 0.7354260087013245, 0.7488788962364197, 0.7578475475311279, 0.7982062697410583, 0.7982062697410583, 0.8071748614311218], "ensemble_no_transfer_learning_ensemble_loss": [0.5259584784507751, 0.43732690811157227, 0.39282724261283875, 0.3645414113998413, 0.3448070287704468, 0.329811155796051, 0.31407445669174194, 0.3000958561897278, 0.28764423727989197, 0.27865108847618103], "ensemble_no_transfer_learning_ensemble_accuracy": [0.7205356955528259, 0.8011904954910278, 0.8302083611488342, 0.8479166626930237, 0.8578869104385376, 0.8659226298332214, 0.8715773820877075, 0.8813987970352173, 0.883779764175415, 0.8873512148857117], "ensemble_no_transfer_learning_ensemble_val_loss": [2.323136329650879, 4.881122589111328, 2.090484380722046, 0.6240492463111877, 0.41328495740890503, 0.45532485842704773, 0.41817548871040344, 0.42818883061408997, 0.5971591472625732, 0.45340341329574585], "ensemble_no_transfer_learning_ensemble_val_accuracy": [0.47533631324768066, 0.47533631324768066, 0.4663677215576172, 0.6502242088317871, 0.8206278085708618, 0.7309417128562927, 0.7757847309112549, 0.7578475475311279, 0.6771300435066223, 0.7668161392211914]}