{"ensemble_loss": [1.0865408182144165, 0.8570480942726135, 0.7763718366622925, 0.7243236899375916, 0.6870161890983582, 0.6569413542747498, 0.631250262260437, 0.6098609566688538, 0.5921458005905151, 0.5764188766479492], "ensemble_accuracy": [0.6138157844543457, 0.7703947424888611, 0.7988486886024475, 0.8065789341926575, 0.8148026466369629, 0.8225328922271729, 0.8279605507850647, 0.8309210538864136, 0.8348684310913086, 0.8378289341926575], "ensemble_val_loss": [0.9456560015678406, 0.7827422618865967, 0.7097213268280029, 0.6602917909622192, 0.6269133687019348, 0.600495457649231, 0.5775022506713867, 0.5588740706443787, 0.5435090065002441, 0.5304937362670898], "ensemble_val_accuracy": [0.7193877696990967, 0.8163265585899353, 0.8163265585899353, 0.8214285969734192, 0.8214285969734192, 0.8214285969734192, 0.8214285969734192, 0.8214285969734192, 0.8163265585899353, 0.8163265585899353], "ensemble_no_transfer_learning_ensemble_loss": [0.7943269610404968, 0.5822136998176575, 0.5050455927848816, 0.4546605050563812, 0.41598615050315857, 0.3833662271499634, 0.35481560230255127, 0.328584223985672, 0.304257333278656, 0.28029268980026245], "ensemble_no_transfer_learning_ensemble_accuracy": [0.7462171316146851, 0.8294407725334167, 0.8455592393875122, 0.8613486886024475, 0.8726973533630371, 0.8832237124443054, 0.8950657844543457, 0.9085526466369629, 0.9177631735801697, 0.928947389125824], "ensemble_no_transfer_learning_ensemble_val_loss": [1.3396600484848022, 0.7007827162742615, 0.5630198121070862, 0.5721163749694824, 0.5564194917678833, 0.55543452501297, 0.5445557236671448, 0.53132164478302, 0.5642331838607788, 0.5342921614646912], "ensemble_no_transfer_learning_ensemble_val_accuracy": [0.25, 0.7244898080825806, 0.7704081535339355, 0.7295918464660645, 0.75, 0.7448979616165161, 0.7551020383834839, 0.7602040767669678, 0.7244898080825806, 0.7602040767669678]}