{"baseline_loss": [1.8966352939605713, 1.416872501373291, 1.249639868736267, 1.1579172611236572, 1.1026281118392944, 1.057275652885437, 1.023482322692871, 0.9962039589881897, 0.9810633063316345, 0.9470837116241455], "baseline_accuracy": [0.42821428179740906, 0.5801190733909607, 0.6289583444595337, 0.6623214483261108, 0.6766071319580078, 0.6995238065719604, 0.7109524011611938, 0.7217857241630554, 0.7277678847312927, 0.7363988161087036], "baseline_val_loss": [1.5234731435775757, 1.270677089691162, 1.158117651939392, 1.084859848022461, 1.037409782409668, 0.9986386895179749, 0.9683747291564941, 0.9491167068481445, 0.9251670837402344, 0.9082250595092773], "baseline_val_accuracy": [0.5758928656578064, 0.6330357193946838, 0.6419642567634583, 0.6946428418159485, 0.7142857313156128, 0.7339285612106323, 0.7250000238418579, 0.75, 0.7705357074737549, 0.7642857432365417], "baseline_no_transfer_learning_base_loss": [1.4959646463394165, 1.2669730186462402, 1.1708871126174927, 1.1040236949920654, 1.0535712242126465, 1.0122328996658325, 0.9782196283340454, 0.94798344373703, 0.9221696853637695, 0.8992409706115723], "baseline_no_transfer_learning_base_accuracy": [0.4995535612106323, 0.5799106955528259, 0.6130357384681702, 0.6377381086349487, 0.6559225916862488, 0.6690773963928223, 0.681071400642395, 0.6907440423965454, 0.7013095021247864, 0.708184540271759], "baseline_no_transfer_learning_base_val_loss": [1.2084976434707642, 1.0850671529769897, 0.9929332137107849, 0.9182748198509216, 0.8844443559646606, 0.9111351370811462, 0.9574239253997803, 1.1074378490447998, 0.9365195035934448, 0.9271578192710876], "baseline_no_transfer_learning_base_val_accuracy": [0.6625000238418579, 0.7241071462631226, 0.7419642806053162, 0.7437499761581421, 0.7330357432365417, 0.7008928656578064, 0.675000011920929, 0.5758928656578064, 0.6732142567634583, 0.6830357313156128]}