{"baseline_loss": [3.3182151317596436, 3.125818967819214, 3.057818651199341, 2.942667245864868, 2.887601137161255, 2.827211380004883, 2.8005712032318115, 2.7433066368103027, 2.705258846282959, 2.6705946922302246], "baseline_accuracy": [0.044921875, 0.08554687350988388, 0.11992187798023224, 0.15273436903953552, 0.14453125, 0.17539063096046448, 0.16289062798023224, 0.19179686903953552, 0.20156249403953552, 0.205078125], "baseline_val_loss": [3.221464157104492, 3.0751259326934814, 3.0009448528289795, 2.9442782402038574, 2.894298553466797, 2.8294577598571777, 2.782076597213745, 2.7498302459716797, 2.72405743598938, 2.687739372253418], "baseline_val_accuracy": [0.03529411926865578, 0.10588235408067703, 0.1411764770746231, 0.1411764770746231, 0.12941177189350128, 0.1411764770746231, 0.16470588743686676, 0.1764705926179886, 0.16470588743686676, 0.20000000298023224], "baseline_no_transfer_learning_base_loss": [3.046722888946533, 2.8447105884552, 2.732837200164795, 2.6483795642852783, 2.5797369480133057, 2.52030873298645, 2.465172052383423, 2.415870189666748, 2.3687665462493896, 2.3244872093200684], "baseline_no_transfer_learning_base_accuracy": [0.11249999701976776, 0.21015624701976776, 0.27851563692092896, 0.345703125, 0.3812499940395355, 0.40351563692092896, 0.4281249940395355, 0.44843751192092896, 0.4625000059604645, 0.4781250059604645], "baseline_no_transfer_learning_base_val_loss": [3.280709743499756, 3.2890591621398926, 3.275326728820801, 3.199019193649292, 3.077441453933716, 2.9351131916046143, 2.794550657272339, 2.684584617614746, 2.6131136417388916, 2.5487513542175293], "baseline_no_transfer_learning_base_val_accuracy": [0.05882352963089943, 0.0235294122248888, 0.0235294122248888, 0.0235294122248888, 0.0235294122248888, 0.15294118225574493, 0.15294118225574493, 0.23529411852359772, 0.21176470816135406, 0.21176470816135406]}