{"baseline_loss": [1.4984877109527588, 1.102913737297058, 0.9747325778007507, 0.9004578590393066, 0.8485107421875, 0.8060455322265625, 0.7837230563163757, 0.7586164474487305, 0.7290510535240173, 0.711675226688385], "baseline_accuracy": [0.5492261648178101, 0.6896131038665771, 0.7145237922668457, 0.7330357432365417, 0.7429166436195374, 0.7530357241630554, 0.7592559456825256, 0.7657738327980042, 0.7786607146263123, 0.7806845307350159], "baseline_val_loss": [1.2031104564666748, 1.0238763093948364, 0.9457768201828003, 0.8895114660263062, 0.8453094959259033, 0.8115222454071045, 0.7859369516372681, 0.7735016942024231, 0.7588598728179932, 0.7371101379394531], "baseline_val_accuracy": [0.6232143044471741, 0.6973214149475098, 0.7116071581840515, 0.7267857193946838, 0.7401785850524902, 0.7455357313156128, 0.7526785731315613, 0.7598214149475098, 0.7562500238418579, 0.7607142925262451], "baseline_no_transfer_learning_base_loss": [1.4290220737457275, 1.166426658630371, 1.0539933443069458, 0.9830507040023804, 0.9330334663391113, 0.8973032236099243, 0.8693368434906006, 0.8469784259796143, 0.8284721374511719, 0.8133695125579834], "baseline_no_transfer_learning_base_accuracy": [0.555863082408905, 0.6334821581840515, 0.658005952835083, 0.673839271068573, 0.685535728931427, 0.6936011910438538, 0.7003571391105652, 0.706250011920929, 0.711904764175415, 0.715416669845581], "baseline_no_transfer_learning_base_val_loss": [1.2492694854736328, 1.0768460035324097, 1.1125520467758179, 1.4573874473571777, 1.2359699010849, 1.3187190294265747, 1.017638087272644, 0.7606026530265808, 1.2228623628616333, 1.4033094644546509], "baseline_no_transfer_learning_base_val_accuracy": [0.5616071224212646, 0.6607142686843872, 0.6169642806053162, 0.37589284777641296, 0.5116071701049805, 0.47678571939468384, 0.6357142925262451, 0.7392857074737549, 0.5321428775787354, 0.4491071403026581]}