{"baseline_loss": [1.722152829170227, 1.207506775856018, 0.9822555780410767, 0.8777898550033569, 0.7947518229484558, 0.7167090177536011, 0.6623347997665405, 0.6317875385284424, 0.5927785634994507, 0.557734489440918], "baseline_accuracy": [0.25710228085517883, 0.4275568127632141, 0.6545454263687134, 0.7718750238418579, 0.8261363506317139, 0.8647727370262146, 0.8838068246841431, 0.8849431872367859, 0.9082386493682861, 0.9005681872367859], "baseline_val_loss": [2.1935853958129883, 1.5308715105056763, 1.09015691280365, 0.8762378096580505, 0.72527676820755, 0.6101872324943542, 0.5555219650268555, 0.5281635522842407, 0.4749506115913391, 0.4418353736400604], "baseline_val_accuracy": [0.2432432472705841, 0.315315306186676, 0.36036035418510437, 0.5765765905380249, 0.8108108043670654, 0.9369369149208069, 0.954954981803894, 0.9819819927215576, 0.9819819927215576, 0.9819819927215576], "baseline_no_transfer_learning_base_loss": [1.313435673713684, 1.0387531518936157, 0.8916774988174438, 0.7569659352302551, 0.6457189321517944, 0.56548672914505, 0.5031864047050476, 0.4549693465232849, 0.4156416356563568, 0.38378384709358215], "baseline_no_transfer_learning_base_accuracy": [0.5571022629737854, 0.7329545617103577, 0.7994318008422852, 0.855681836605072, 0.8838068246841431, 0.9002841114997864, 0.9147727489471436, 0.9244318008422852, 0.9318181872367859, 0.9369317889213562], "baseline_no_transfer_learning_base_val_loss": [1.9644416570663452, 2.461822032928467, 3.218587875366211, 4.1297101974487305, 3.301527500152588, 1.686981439590454, 0.7356428503990173, 0.5334212779998779, 0.450971394777298, 0.4726330637931824], "baseline_no_transfer_learning_base_val_accuracy": [0.19819819927215576, 0.23423422873020172, 0.171171173453331, 0.171171173453331, 0.171171173453331, 0.27927929162979126, 0.8018018007278442, 0.8648648858070374, 0.9099099040031433, 0.837837815284729]}