{"ensemble_loss": [0.6779509782791138, 0.6048341989517212, 0.55076003074646, 0.5092381238937378, 0.4763077199459076, 0.4495600163936615, 0.427266925573349, 0.4084671139717102, 0.39219826459884644, 0.377871572971344], "ensemble_accuracy": [0.5874999761581421, 0.8187500238418579, 0.8656250238418579, 0.871874988079071, 0.8812500238418579, 0.887499988079071, 0.887499988079071, 0.890625, 0.890625, 0.8999999761581421], "ensemble_val_loss": [0.6596171259880066, 0.629353940486908, 0.599353015422821, 0.5744820833206177, 0.5543751120567322, 0.5357839465141296, 0.5175708532333374, 0.5003242492675781, 0.4846779406070709, 0.4695860743522644], "ensemble_val_accuracy": [0.6000000238418579, 0.699999988079071, 0.699999988079071, 0.699999988079071, 0.699999988079071, 0.800000011920929, 0.800000011920929, 0.800000011920929, 0.800000011920929, 0.800000011920929], "ensemble_no_transfer_learning_ensemble_loss": [0.6032501459121704, 0.4835074543952942, 0.4281371235847473, 0.3885437846183777, 0.3583157956600189, 0.33304423093795776, 0.31115472316741943, 0.2913520336151123, 0.2735554575920105, 0.2567926049232483], "ensemble_no_transfer_learning_ensemble_accuracy": [0.7406250238418579, 0.840624988079071, 0.8531249761581421, 0.862500011920929, 0.8656250238418579, 0.8687499761581421, 0.8812500238418579, 0.887499988079071, 0.918749988079071, 0.949999988079071], "ensemble_no_transfer_learning_ensemble_val_loss": [0.6896588206291199, 0.6887790560722351, 0.6908825635910034, 0.6965237855911255, 0.7060239911079407, 0.720249593257904, 0.7395542860031128, 0.7633622884750366, 0.7923137545585632, 0.8251971006393433], "ensemble_no_transfer_learning_ensemble_val_accuracy": [0.5, 0.5, 0.5, 0.5, 0.5, 0.5, 0.5, 0.5, 0.5, 0.5]}