{"baseline_loss": [3.9481348991394043, 3.1505303382873535, 2.687775135040283, 2.382873773574829, 2.1412405967712402, 1.9436811208724976, 1.7699393033981323, 1.6193236112594604, 1.4870575666427612, 1.36898672580719], "baseline_accuracy": [0.12669092416763306, 0.29006850719451904, 0.41042381525039673, 0.500813364982605, 0.5680222511291504, 0.6102739572525024, 0.6507919430732727, 0.6795376539230347, 0.7055436372756958, 0.7279109358787537], "baseline_val_loss": [3.5284571647644043, 3.0020813941955566, 2.64097261428833, 2.4141833782196045, 2.2455122470855713, 2.1792662143707275, 1.9760905504226685, 2.085493803024292, 1.8178943395614624, 1.7369484901428223], "baseline_val_accuracy": [0.18041236698627472, 0.2835051417350769, 0.35373711585998535, 0.4194587767124176, 0.4458763003349304, 0.48711341619491577, 0.5451030731201172, 0.4645618498325348, 0.5219072103500366, 0.5225515365600586]}