{"baseline_loss": [0.5923717021942139, 0.4783449172973633, 0.3215331733226776, 0.3104639947414398, 0.2582252621650696, 0.19791191816329956, 0.18738508224487305, 0.14928142726421356, 0.1472247689962387, 0.13663595914840698], "baseline_accuracy": [0.574999988079071, 0.737500011920929, 0.9281250238418579, 0.9156249761581421, 0.9437500238418579, 0.956250011920929, 0.934374988079071, 0.9750000238418579, 0.971875011920929, 0.984375], "baseline_val_loss": [0.7921429872512817, 0.8885773420333862, 0.9112589955329895, 0.8894938230514526, 0.8544750213623047, 0.7843219637870789, 0.7397356033325195, 0.6860605478286743, 0.6436437368392944, 0.6315770745277405], "baseline_val_accuracy": [0.800000011920929, 0.6000000238418579, 0.6000000238418579, 0.6000000238418579, 0.6000000238418579, 0.6000000238418579, 0.6000000238418579, 0.800000011920929, 0.800000011920929, 0.800000011920929], "baseline_no_transfer_learning_base_loss": [0.6818469762802124, 0.4947301745414734, 0.4136171340942383, 0.36836153268814087, 0.3368707001209259, 0.31278806924819946, 0.2934570908546448, 0.27775877714157104, 0.2626273036003113, 0.24936266243457794], "baseline_no_transfer_learning_base_accuracy": [0.512499988079071, 0.8187500238418579, 0.840624988079071, 0.8531249761581421, 0.893750011920929, 0.8999999761581421, 0.8999999761581421, 0.903124988079071, 0.9125000238418579, 0.9281250238418579], "baseline_no_transfer_learning_base_val_loss": [0.6906441450119019, 0.6868840456008911, 0.6856299042701721, 0.6859208941459656, 0.6879539489746094, 0.6935590505599976, 0.7039978504180908, 0.7206798791885376, 0.7441703081130981, 0.7742015719413757], "baseline_no_transfer_learning_base_val_accuracy": [0.5, 0.699999988079071, 0.5, 0.800000011920929, 0.5, 0.5, 0.5, 0.5, 0.5, 0.5]}