{"ensemble_loss": [1.9032542705535889, 1.553462028503418, 1.370959758758545, 1.2419683933258057, 1.1416571140289307, 1.0599560737609863, 0.9925850033760071, 0.9360740780830383, 0.8875288367271423, 0.845062792301178], "ensemble_accuracy": [0.44950658082962036, 0.6258223652839661, 0.7049342393875122, 0.75, 0.7828947305679321, 0.8088815808296204, 0.8263157606124878, 0.8388158082962036, 0.8521381616592407, 0.863322377204895], "ensemble_val_loss": [2.5119996070861816, 2.1954426765441895, 1.5995428562164307, 1.321221947669983, 1.2200431823730469, 1.1506489515304565, 1.0977392196655273, 1.0508863925933838, 1.0124479532241821, 0.9793848991394043], "ensemble_val_accuracy": [0.13846154510974884, 0.2102564126253128, 0.5128205418586731, 0.6666666865348816, 0.7076923251152039, 0.7025641202926636, 0.7435897588729858, 0.7435897588729858, 0.7743589878082275, 0.7897436022758484]}