{"base_loss": [1.4852633476257324, 1.3039932250976562, 1.2359791994094849, 1.1967545747756958, 1.167141318321228, 1.1436423063278198, 1.1228376626968384, 1.105006456375122, 1.0891281366348267, 1.0749783515930176], "base_accuracy": [0.3072916567325592, 0.41458332538604736, 0.46562498807907104, 0.5010416507720947, 0.518750011920929, 0.5333333611488342, 0.5458333492279053, 0.5489583611488342, 0.5604166388511658, 0.559374988079071], "base_val_loss": [1.5471763610839844, 1.5071547031402588, 1.4724562168121338, 1.4328466653823853, 1.3889275789260864, 1.3378764390945435, 1.2883373498916626, 1.2323999404907227, 1.1776710748672485, 1.1261636018753052], "base_val_accuracy": [0.36000001430511475, 0.3199999928474426, 0.36000001430511475, 0.4000000059604645, 0.4000000059604645, 0.4000000059604645, 0.47999998927116394, 0.5600000023841858, 0.5600000023841858, 0.5600000023841858]}