{"ensemble_loss": [2.292780637741089, 2.0387020111083984, 1.9142446517944336, 1.8324122428894043, 1.7704658508300781, 1.719144582748413, 1.6741712093353271, 1.634252905845642, 1.598698377609253, 1.5666147470474243], "ensemble_accuracy": [0.25608551502227783, 0.44095394015312195, 0.4937500059604645, 0.5263158082962036, 0.558552622795105, 0.5833881497383118, 0.6065789461135864, 0.6266447305679321, 0.6407894492149353, 0.6514802575111389], "ensemble_val_loss": [2.1260929107666016, 1.9545458555221558, 1.856029987335205, 1.784206748008728, 1.7284016609191895, 1.6803041696548462, 1.6388075351715088, 1.6026195287704468, 1.5711824893951416, 1.543274998664856], "ensemble_val_accuracy": [0.37435898184776306, 0.4871794879436493, 0.5487179756164551, 0.5641025900840759, 0.6102564334869385, 0.6256410479545593, 0.6461538672447205, 0.656410276889801, 0.656410276889801, 0.6666666865348816], "ensemble_no_transfer_learning_ensemble_loss": [1.9032542705535889, 1.553462028503418, 1.370959758758545, 1.2419683933258057, 1.1416571140289307, 1.0599560737609863, 0.9925850033760071, 0.9360740780830383, 0.8875288367271423, 0.845062792301178], "ensemble_no_transfer_learning_ensemble_accuracy": [0.44950658082962036, 0.6258223652839661, 0.7049342393875122, 0.75, 0.7828947305679321, 0.8088815808296204, 0.8263157606124878, 0.8388158082962036, 0.8521381616592407, 0.863322377204895], "ensemble_no_transfer_learning_ensemble_val_loss": [2.5119996070861816, 2.1954426765441895, 1.5995428562164307, 1.321221947669983, 1.2200431823730469, 1.1506489515304565, 1.0977392196655273, 1.0508863925933838, 1.0124479532241821, 0.9793848991394043], "ensemble_no_transfer_learning_ensemble_val_accuracy": [0.13846154510974884, 0.2102564126253128, 0.5128205418586731, 0.6666666865348816, 0.7076923251152039, 0.7025641202926636, 0.7435897588729858, 0.7435897588729858, 0.7743589878082275, 0.7897436022758484]}