{"ensemble_loss": [2.0424716472625732, 1.5602091550827026, 1.3728634119033813, 1.2559458017349243, 1.1654573678970337, 1.0861937999725342, 1.0145658254623413, 0.9510430693626404, 0.8965948224067688, 0.8504080176353455], "ensemble_accuracy": [0.5856131911277771, 0.8393278121948242, 0.8672170042991638, 0.8847287893295288, 0.8948113322257996, 0.9047759175300598, 0.9120872616767883, 0.91810142993927, 0.9235848784446716, 0.9274174571037292], "ensemble_val_loss": [1.6935614347457886, 1.41441011428833, 1.2793134450912476, 1.1890060901641846, 1.1133657693862915, 1.0419139862060547, 0.9761450290679932, 0.9199012517929077, 0.873302161693573, 0.8339914679527283], "ensemble_val_accuracy": [0.7992895245552063, 0.8632326722145081, 0.8809946775436401, 0.8916518688201904, 0.912966251373291, 0.9218472242355347, 0.932504415512085, 0.9289520382881165, 0.9271758198738098, 0.9342806339263916], "ensemble_no_transfer_learning_ensemble_loss": [1.417202353477478, 0.7624800205230713, 0.5249263048171997, 0.38391754031181335, 0.2797892391681671, 0.20608757436275482, 0.15379150211811066, 0.11871296167373657, 0.08203252404928207, 0.05828030779957771], "ensemble_no_transfer_learning_ensemble_accuracy": [0.8195164799690247, 0.962205171585083, 0.9849646091461182, 0.9922759532928467, 0.9955188632011414, 0.9972877502441406, 0.9982311129570007, 0.9989976286888123, 0.9989386796951294, 0.9994693398475647], "ensemble_no_transfer_learning_ensemble_val_loss": [1.1724029779434204, 0.616746187210083, 0.44955649971961975, 0.3367440700531006, 0.25046759843826294, 0.1936710923910141, 0.1574115753173828, 0.1342783123254776, 0.10456997901201248, 0.10406753420829773], "ensemble_no_transfer_learning_ensemble_val_accuracy": [0.8845470547676086, 0.9786856174468994, 0.9875665903091431, 0.9982237815856934, 1.0, 1.0, 0.9928951859474182, 0.9911190271377563, 0.9911190271377563, 0.9857904314994812]}