{"baseline_loss": [2.8686671257019043, 2.1227519512176514, 1.8065392971038818, 1.6163054704666138, 1.4843543767929077, 1.3819650411605835, 1.3041918277740479, 1.2427290678024292, 1.1856478452682495, 1.1347945928573608], "baseline_accuracy": [0.26246899366378784, 0.4007676839828491, 0.4556141495704651, 0.49050867557525635, 0.520471453666687, 0.5434010624885559, 0.5636476278305054, 0.5806141495704651, 0.5978907942771912, 0.6140353679656982], "baseline_val_loss": [2.503119945526123, 2.1408846378326416, 1.8920583724975586, 1.7941495180130005, 1.6657036542892456, 1.603065013885498, 1.5783054828643799, 1.5934772491455078, 1.5141090154647827, 1.4576548337936401], "baseline_val_accuracy": [0.30279719829559326, 0.3405594527721405, 0.38787877559661865, 0.3881118893623352, 0.3976689875125885, 0.42307692766189575, 0.4055944085121155, 0.429370641708374, 0.43100231885910034, 0.4400932490825653]}