{"baseline_loss": [0.6475498676300049, 0.608932375907898, 0.5897186398506165, 0.5720294117927551, 0.560021162033081, 0.5439180135726929, 0.5396453738212585, 0.5311403870582581, 0.5170712471008301, 0.5203478336334229], "baseline_accuracy": [0.623674213886261, 0.6684659123420715, 0.6972537636756897, 0.7208333611488342, 0.7326704263687134, 0.7445075511932373, 0.7435606122016907, 0.7571022510528564, 0.7658144235610962, 0.7618371248245239], "baseline_val_loss": [0.6557708978652954, 0.6421924829483032, 0.6098191738128662, 0.5979917049407959, 0.6106626391410828, 0.5894865393638611, 0.5839784741401672, 0.5727642178535461, 0.5920520424842834, 0.7603517770767212], "baseline_val_accuracy": [0.6326530575752258, 0.6122449040412903, 0.6734693646430969, 0.6938775777816772, 0.7026239037513733, 0.705539345741272, 0.7317784428596497, 0.6967930197715759, 0.6209912300109863, 0.5160349607467651], "baseline_no_transfer_learning_base_loss": [0.6751627922058105, 0.6647323966026306, 0.6603472828865051, 0.6537152528762817, 0.6312469244003296, 0.6014317274093628, 0.5834780335426331, 0.570915937423706, 0.5661803483963013, 0.5541350841522217], "baseline_no_transfer_learning_base_accuracy": [0.5688446760177612, 0.5949810743331909, 0.6064394116401672, 0.621874988079071, 0.6540719866752625, 0.6827651262283325, 0.7006628513336182, 0.710606038570404, 0.7120265364646912, 0.7265151739120483], "baseline_no_transfer_learning_base_val_loss": [0.9593945145606995, 0.7542239427566528, 0.7374236583709717, 0.6910653710365295, 0.6717500686645508, 0.6358022689819336, 1.6036763191223145, 1.620012879371643, 0.8348861336708069, 1.4237900972366333], "baseline_no_transfer_learning_base_val_accuracy": [0.4664722979068756, 0.5306122303009033, 0.5393586158752441, 0.533527672290802, 0.533527672290802, 0.6034985184669495, 0.533527672290802, 0.533527672290802, 0.533527672290802, 0.533527672290802]}