{"ensemble_loss": [0.6269598007202148, 0.5763493180274963, 0.548660933971405, 0.5282105803489685, 0.5109540820121765, 0.4957744777202606, 0.48235681653022766, 0.4703407287597656, 0.45966485142707825, 0.44999808073043823], "ensemble_accuracy": [0.708184540271759, 0.7517856955528259, 0.7694940567016602, 0.7769345045089722, 0.7889881134033203, 0.7973214387893677, 0.8035714030265808, 0.8139880895614624, 0.819940447807312, 0.8217262029647827], "ensemble_val_loss": [0.619070291519165, 0.5774997472763062, 0.5446645021438599, 0.5218319892883301, 0.5020334720611572, 0.4854048788547516, 0.472014844417572, 0.4604139029979706, 0.450818806886673, 0.44287529587745667], "ensemble_val_accuracy": [0.7174887657165527, 0.726457417011261, 0.7668161392211914, 0.8071748614311218, 0.8251121044158936, 0.8430493474006653, 0.8520179390907288, 0.8565022349357605, 0.8565022349357605, 0.8565022349357605], "ensemble_no_transfer_learning_ensemble_loss": [0.600705087184906, 0.4828653633594513, 0.4223569631576538, 0.38598793745040894, 0.36282286047935486, 0.34377652406692505, 0.3290691077709198, 0.31524839997291565, 0.30340468883514404, 0.2951892912387848], "ensemble_no_transfer_learning_ensemble_accuracy": [0.7020833492279053, 0.7904762029647827, 0.8229166865348816, 0.8427083492279053, 0.855654776096344, 0.8623511791229248, 0.8711309432983398, 0.8748511672019958, 0.8791666626930237, 0.8830357193946838], "ensemble_no_transfer_learning_ensemble_val_loss": [1.688003420829773, 4.767153739929199, 2.640237331390381, 1.1808277368545532, 0.7273459434509277, 0.5871943235397339, 0.6332944631576538, 0.8068190813064575, 0.5828153491020203, 0.7182034254074097], "ensemble_no_transfer_learning_ensemble_val_accuracy": [0.5381165742874146, 0.5381165742874146, 0.5381165742874146, 0.5650224089622498, 0.6188340783119202, 0.6502242088317871, 0.6278026700019836, 0.5964125394821167, 0.6547085046768188, 0.6143497824668884]}