{"ensemble_loss": [1.8530821800231934, 1.4832581281661987, 1.3272449970245361, 1.2278815507888794, 1.1535855531692505, 1.0953724384307861, 1.047792911529541, 1.0077816247940063, 0.9729698896408081, 0.941819429397583], "ensemble_accuracy": [0.4313657283782959, 0.6384259462356567, 0.6700231432914734, 0.6944444179534912, 0.7172453999519348, 0.7349537014961243, 0.7473379373550415, 0.7596064805984497, 0.7722222208976746, 0.7865740656852722], "ensemble_val_loss": [1.624497413635254, 1.4239639043807983, 1.3070558309555054, 1.2260167598724365, 1.1621003150939941, 1.1123697757720947, 1.0714755058288574, 1.0364960432052612, 1.0060136318206787, 0.9785739779472351], "ensemble_val_accuracy": [0.5244755148887634, 0.5664335489273071, 0.6258741021156311, 0.6643356680870056, 0.6608391404151917, 0.6678321957588196, 0.6713286638259888, 0.6678321957588196, 0.6713286638259888, 0.6993007063865662], "ensemble_no_transfer_learning_ensemble_loss": [1.3647007942199707, 0.9320772886276245, 0.7627388834953308, 0.6577536463737488, 0.5791882872581482, 0.5204272270202637, 0.47428640723228455, 0.43679583072662354, 0.4066350758075714, 0.3811793029308319], "ensemble_no_transfer_learning_ensemble_accuracy": [0.6302083134651184, 0.7810184955596924, 0.8275462985038757, 0.8502314686775208, 0.8684027791023254, 0.882060170173645, 0.8927083611488342, 0.8993055820465088, 0.9072916507720947, 0.9135416746139526], "ensemble_no_transfer_learning_ensemble_val_loss": [2.251310348510742, 1.1231945753097534, 0.8346604704856873, 0.7626495361328125, 0.7161102294921875, 0.6962622404098511, 0.6758132576942444, 0.6607999205589294, 0.6418336629867554, 0.620693564414978], "ensemble_no_transfer_learning_ensemble_val_accuracy": [0.21678321063518524, 0.7062937021255493, 0.751748263835907, 0.7692307829856873, 0.7692307829856873, 0.7587412595748901, 0.751748263835907, 0.7622377872467041, 0.7657342553138733, 0.7937062978744507]}