{"ensemble_loss": [1.4702463150024414, 1.244207739830017, 1.1571812629699707, 1.1031208038330078, 1.0641942024230957, 1.0334211587905884, 1.0082286596298218, 0.9869348406791687, 0.9683157801628113, 0.9518094062805176], "ensemble_accuracy": [0.460096150636673, 0.5947115421295166, 0.6225961446762085, 0.6350961327552795, 0.6463942527770996, 0.6540865302085876, 0.6608173251152039, 0.6677884459495544, 0.6716346144676208, 0.6790865659713745], "ensemble_val_loss": [1.3731682300567627, 1.2258638143539429, 1.1464753150939941, 1.1010773181915283, 1.0715473890304565, 1.0510059595108032, 1.03554368019104, 1.0236546993255615, 1.0132673978805542, 1.0045592784881592], "ensemble_val_accuracy": [0.5629629492759705, 0.6000000238418579, 0.6000000238418579, 0.6370370388031006, 0.6370370388031006, 0.6370370388031006, 0.644444465637207, 0.644444465637207, 0.644444465637207, 0.6518518328666687], "ensemble_no_transfer_learning_ensemble_loss": [1.22474205493927, 0.9564701318740845, 0.8717501163482666, 0.8196702003479004, 0.777714192867279, 0.7388064861297607, 0.6994596719741821, 0.6627506613731384, 0.6296384334564209, 0.5988578200340271], "ensemble_no_transfer_learning_ensemble_accuracy": [0.5334134697914124, 0.6213942170143127, 0.6538461446762085, 0.6819711327552795, 0.7055288553237915, 0.7278845906257629, 0.7502403855323792, 0.7725961804389954, 0.7908653616905212, 0.8074519038200378], "ensemble_no_transfer_learning_ensemble_val_loss": [2.107438325881958, 2.9127676486968994, 2.7021589279174805, 1.7114415168762207, 1.1210206747055054, 0.9775843024253845, 0.9573293924331665, 0.9652506709098816, 0.9656591415405273, 0.9672439098358154], "ensemble_no_transfer_learning_ensemble_val_accuracy": [0.17037037014961243, 0.17037037014961243, 0.34074074029922485, 0.3481481373310089, 0.5333333611488342, 0.6518518328666687, 0.6814814805984497, 0.6666666865348816, 0.6222222447395325, 0.6370370388031006]}